frame_id,timestamp,detected_objects,predicted_zone,ground_truth_zone,alert_triggered,correct_detection,latency_ms,fps
1,2026-03-29 22:26:40.519,person-CRITICAL,CRITICAL,SAFE,True,False,68.1,34.57
2,2026-03-29 22:26:40.538,person-CRITICAL,CRITICAL,SAFE,True,False,53.64,56.48
3,2026-03-29 22:26:40.556,person-CRITICAL,CRITICAL,SAFE,True,False,65.57,57.16
4,2026-03-29 22:26:40.575,person-CRITICAL,CRITICAL,SAFE,True,False,49.63,56.78
5,2026-03-29 22:26:40.594,person-CRITICAL,CRITICAL,SAFE,True,False,66.74,53.91
6,2026-03-29 22:26:40.614,person-CRITICAL,CRITICAL,SAFE,True,False,60.21,54.34
7,2026-03-29 22:26:40.632,person-CRITICAL,CRITICAL,SAFE,True,False,50.34,56.91
8,2026-03-29 22:26:40.651,person-CRITICAL,CRITICAL,SAFE,True,False,39.38,55.63
9,2026-03-29 22:26:40.672,person-CRITICAL,CRITICAL,SAFE,True,False,50.66,51.59
10,2026-03-29 22:26:40.692,person-CRITICAL,CRITICAL,SAFE,True,False,40.37,50.87
11,2026-03-29 22:26:40.712,person-CRITICAL,CRITICAL,SAFE,True,False,65.23,52.52
12,2026-03-29 22:26:40.733,person-CRITICAL,CRITICAL,SAFE,True,False,68.33,51.69
13,2026-03-29 22:26:40.755,person-CRITICAL,CRITICAL,SAFE,True,False,55.93,48.39
14,2026-03-29 22:26:40.778,person-CRITICAL,CRITICAL,SAFE,True,False,70.46,46.84
15,2026-03-29 22:26:40.801,person-CRITICAL,CRITICAL,SAFE,True,False,44.05,46.0
16,2026-03-29 22:26:40.825,person-CRITICAL,CRITICAL,SAFE,True,False,60.55,43.04
17,2026-03-29 22:26:40.852,person-CRITICAL,CRITICAL,SAFE,True,False,60.11,40.04
18,2026-03-29 22:26:40.885,person-CRITICAL,CRITICAL,SAFE,True,False,75.11,32.86
19,2026-03-29 22:26:40.910,person-CRITICAL,CRITICAL,SAFE,True,False,56.29,40.4
20,2026-03-29 22:26:40.939,person-CRITICAL,CRITICAL,SAFE,True,False,74.73,36.3
21,2026-03-29 22:26:40.967,person-CRITICAL,CRITICAL,SAFE,True,False,53.54,37.09
22,2026-03-29 22:26:40.994,person-CRITICAL,CRITICAL,SAFE,True,False,67.61,39.57
23,2026-03-29 22:26:41.021,person-CRITICAL,CRITICAL,SAFE,True,False,54.2,37.2
24,2026-03-29 22:26:41.050,person-CRITICAL,CRITICAL,SAFE,True,False,66.98,36.54
25,2026-03-29 22:26:41.083,person-CRITICAL,CRITICAL,SAFE,True,False,62.12,31.68
26,2026-03-29 22:26:41.113,person-CRITICAL,CRITICAL,SAFE,True,False,71.99,33.4
27,2026-03-29 22:26:41.146,person-CRITICAL,CRITICAL,SAFE,True,False,74.95,31.53
28,2026-03-29 22:26:41.179,person-CRITICAL,CRITICAL,SAFE,True,False,67.65,31.75
29,2026-03-29 22:26:41.212,person-CRITICAL,CRITICAL,SAFE,True,False,56.86,32.16
30,2026-03-29 22:26:41.246,person-CRITICAL,CRITICAL,SAFE,True,False,74.81,30.52
31,2026-03-29 22:26:41.279,person-CRITICAL,CRITICAL,SAFE,True,False,69.33,30.91
32,2026-03-29 22:26:41.313,person-CRITICAL,CRITICAL,SAFE,True,False,65.19,30.0
33,2026-03-29 22:26:41.346,person-CRITICAL,CRITICAL,SAFE,True,False,77.02,32.07
34,2026-03-29 22:26:41.379,person-CRITICAL,CRITICAL,SAFE,True,False,54.65,31.17
35,2026-03-29 22:26:41.412,person-CRITICAL,CRITICAL,SAFE,True,False,69.75,31.36
36,2026-03-29 22:26:41.446,person-CRITICAL,CRITICAL,SAFE,True,False,64.1,31.01
37,2026-03-29 22:26:41.479,person-CRITICAL,CRITICAL,SAFE,True,False,59.33,31.05
38,2026-03-29 22:26:41.512,person-CRITICAL,CRITICAL,SAFE,True,False,75.87,31.49
39,2026-03-29 22:26:41.546,person-CRITICAL,CRITICAL,SAFE,True,False,53.56,30.33
40,2026-03-29 22:26:41.587,person-CRITICAL,CRITICAL,SAFE,True,False,66.72,25.19
41,2026-03-29 22:26:41.614,person-CRITICAL,CRITICAL,SAFE,True,False,71.78,38.46
42,2026-03-29 22:26:41.634,person-CRITICAL,CRITICAL,SAFE,True,False,52.96,52.51
43,2026-03-29 22:26:41.655,person-CRITICAL,CRITICAL,SAFE,True,False,68.58,51.93
44,2026-03-29 22:26:41.675,person-CRITICAL,CRITICAL,SAFE,True,False,67.6,51.42
45,2026-03-29 22:26:41.696,person-CRITICAL,CRITICAL,SAFE,True,False,57.27,50.36
46,2026-03-29 22:26:41.718,person-CRITICAL,CRITICAL,SAFE,True,False,44.23,48.52
47,2026-03-29 22:26:41.739,person-CRITICAL,CRITICAL,SAFE,True,False,65.18,51.44
48,2026-03-29 22:26:41.759,person-CRITICAL,CRITICAL,SAFE,True,False,40.91,52.2
49,2026-03-29 22:26:41.779,person-CRITICAL,CRITICAL,SAFE,True,False,63.35,53.94
50,2026-03-29 22:26:41.799,person-CRITICAL,CRITICAL,SAFE,True,False,38.95,53.52
51,2026-03-29 22:26:41.820,person-CRITICAL,CRITICAL,SAFE,True,False,69.51,48.46
52,2026-03-29 22:26:41.841,person-CRITICAL,CRITICAL,SAFE,True,False,66.01,50.53
53,2026-03-29 22:26:41.863,person-CRITICAL,CRITICAL,SAFE,True,False,53.68,47.57
54,2026-03-29 22:26:41.887,person-CRITICAL,CRITICAL,SAFE,True,False,68.9,44.76
55,2026-03-29 22:26:41.911,person-CRITICAL,CRITICAL,SAFE,True,False,62.68,43.06
56,2026-03-29 22:26:41.936,person-CRITICAL,CRITICAL,SAFE,True,False,63.96,41.14
57,2026-03-29 22:26:41.962,person-CRITICAL,CRITICAL,SAFE,True,False,58.03,39.86
58,2026-03-29 22:26:41.993,person-CRITICAL,CRITICAL,SAFE,True,False,57.98,34.2
59,2026-03-29 22:26:42.025,person-CRITICAL,CRITICAL,SAFE,True,False,74.81,31.68
60,2026-03-29 22:26:42.059,person-CRITICAL,CRITICAL,SAFE,True,False,54.92,31.14
61,2026-03-29 22:26:42.087,person-CRITICAL,CRITICAL,SAFE,True,False,66.95,37.05
62,2026-03-29 22:26:42.105,person-CRITICAL,CRITICAL,SAFE,True,False,55.63,59.29
63,2026-03-29 22:26:42.123,person-CRITICAL,CRITICAL,SAFE,True,False,53.17,57.22
64,2026-03-29 22:26:42.142,person-CRITICAL,CRITICAL,SAFE,True,False,39.68,54.41
65,2026-03-29 22:26:42.162,person-CRITICAL,CRITICAL,SAFE,True,False,44.43,54.22
66,2026-03-29 22:26:42.181,person-CRITICAL,CRITICAL,SAFE,True,False,52.35,57.29
67,2026-03-29 22:26:42.202,person-CRITICAL,CRITICAL,SAFE,True,False,64.51,50.07
68,2026-03-29 22:26:42.221,person-CRITICAL,CRITICAL,SAFE,True,False,66.91,54.51
69,2026-03-29 22:26:42.242,person-CRITICAL,CRITICAL,SAFE,True,False,41.61,51.93
70,2026-03-29 22:26:42.263,person-CRITICAL,CRITICAL,SAFE,True,False,61.7,50.32
71,2026-03-29 22:26:42.283,person-CRITICAL,CRITICAL,SAFE,True,False,42.94,53.04
72,2026-03-29 22:26:42.303,person-CRITICAL,CRITICAL,SAFE,True,False,41.76,51.68
73,2026-03-29 22:26:42.326,person-CRITICAL,CRITICAL,SAFE,True,False,62.23,47.76
74,2026-03-29 22:26:42.350,person-CRITICAL,CRITICAL,SAFE,True,False,58.0,43.61
75,2026-03-29 22:26:42.372,person-CRITICAL,CRITICAL,SAFE,True,False,45.51,45.8
76,2026-03-29 22:26:42.398,person-CRITICAL,CRITICAL,SAFE,True,False,59.83,40.77
77,2026-03-29 22:26:42.423,person-CRITICAL,CRITICAL,SAFE,True,False,68.56,41.65
78,2026-03-29 22:26:42.451,person-CRITICAL,CRITICAL,SAFE,True,False,74.93,37.39
79,2026-03-29 22:26:42.477,person-CRITICAL,CRITICAL,SAFE,True,False,44.94,40.28
80,2026-03-29 22:26:42.505,person-CRITICAL,CRITICAL,SAFE,True,False,50.54,36.89
81,2026-03-29 22:26:42.533,person-CRITICAL,CRITICAL,SAFE,True,False,61.96,37.47
82,2026-03-29 22:26:42.562,person-CRITICAL,CRITICAL,SAFE,True,False,49.74,36.6
83,2026-03-29 22:26:42.593,person-CRITICAL,CRITICAL,SAFE,True,False,72.29,32.66
84,2026-03-29 22:26:42.626,person-CRITICAL,CRITICAL,SAFE,True,False,52.95,32.1
85,2026-03-29 22:26:42.658,person-WARNING,WARNING,SAFE,False,True,31.69,31.56
86,2026-03-29 22:26:42.693,person-WARNING,WARNING,SAFE,False,True,33.4,29.94
87,2026-03-29 22:26:42.726,person-WARNING,WARNING,SAFE,False,True,32.09,31.16
88,2026-03-29 22:26:42.759,person-WARNING,WARNING,SAFE,False,True,32.05,31.21
89,2026-03-29 22:26:42.792,person-WARNING,WARNING,SAFE,False,True,32.05,31.2
90,2026-03-29 22:26:42.825,person-WARNING,WARNING,SAFE,False,True,31.73,31.52
91,2026-03-29 22:26:42.857,person-WARNING,WARNING,SAFE,False,True,31.41,31.83
92,2026-03-29 22:26:42.891,person-WARNING,WARNING,SAFE,False,True,32.28,30.97
93,2026-03-29 22:26:42.921,person-WARNING,WARNING,SAFE,False,True,29.19,34.25
94,2026-03-29 22:26:42.951,person-WARNING,WARNING,SAFE,False,True,28.09,35.6
95,2026-03-29 22:26:42.980,person-WARNING,WARNING,SAFE,False,True,27.22,36.74
96,2026-03-29 22:26:43.009,person-WARNING,WARNING,SAFE,False,True,27.69,36.12
97,2026-03-29 22:26:43.041,person-CRITICAL,CRITICAL,SAFE,True,False,75.28,31.64
98,2026-03-29 22:26:43.071,person-CRITICAL,CRITICAL,SAFE,True,False,55.01,34.98
99,2026-03-29 22:26:43.099,person-CRITICAL,CRITICAL,SAFE,True,False,63.43,36.84
100,2026-03-29 22:26:43.128,person-CRITICAL,CRITICAL,SAFE,True,False,66.96,36.22
101,2026-03-29 22:26:43.160,person-CRITICAL,CRITICAL,CRITICAL,True,True,61.06,33.06
102,2026-03-29 22:26:43.191,person-CRITICAL,CRITICAL,CRITICAL,True,True,76.65,33.1
103,2026-03-29 22:26:43.224,person-CRITICAL,CRITICAL,CRITICAL,True,True,54.83,30.9
104,2026-03-29 22:26:43.254,person-CRITICAL,CRITICAL,CRITICAL,True,True,63.8,35.52
105,2026-03-29 22:26:43.282,person-CRITICAL,CRITICAL,CRITICAL,True,True,61.88,37.18
106,2026-03-29 22:26:43.311,person-CRITICAL,CRITICAL,CRITICAL,True,True,61.5,35.39
107,2026-03-29 22:26:43.341,person-CRITICAL,CRITICAL,CRITICAL,True,True,59.84,34.15
108,2026-03-29 22:26:43.372,person-CRITICAL,CRITICAL,CRITICAL,True,True,54.05,33.35
109,2026-03-29 22:26:43.403,person-CRITICAL,CRITICAL,CRITICAL,True,True,52.92,34.22
110,2026-03-29 22:26:43.429,person-CRITICAL,CRITICAL,CRITICAL,True,True,58.78,39.08
111,2026-03-29 22:26:43.459,person-CRITICAL,CRITICAL,CRITICAL,True,True,51.19,35.01
112,2026-03-29 22:26:43.493,person-CRITICAL,CRITICAL,CRITICAL,True,True,79.69,30.67
113,2026-03-29 22:26:43.527,person-CRITICAL,CRITICAL,CRITICAL,True,True,60.62,31.17
114,2026-03-29 22:26:43.558,person-CRITICAL,CRITICAL,CRITICAL,True,True,64.7,33.4
115,2026-03-29 22:26:43.592,person-CRITICAL,CRITICAL,CRITICAL,True,True,75.55,30.49
116,2026-03-29 22:26:43.625,person-CRITICAL,CRITICAL,CRITICAL,True,True,68.02,31.26
117,2026-03-29 22:26:43.657,person-CRITICAL,CRITICAL,CRITICAL,True,True,72.47,32.45
118,2026-03-29 22:26:43.688,person-CRITICAL,CRITICAL,CRITICAL,True,True,58.77,33.21
119,2026-03-29 22:26:43.718,person-CRITICAL,CRITICAL,CRITICAL,True,True,68.07,34.54
120,2026-03-29 22:26:43.745,person-CRITICAL,CRITICAL,CRITICAL,True,True,65.34,39.04
121,2026-03-29 22:26:43.773,person-CRITICAL,CRITICAL,CRITICAL,True,True,64.62,36.32
122,2026-03-29 22:26:43.801,person-CRITICAL,CRITICAL,CRITICAL,True,True,72.02,37.36
123,2026-03-29 22:26:43.829,person-CRITICAL,CRITICAL,CRITICAL,True,True,54.08,38.21
124,2026-03-29 22:26:43.858,person-CRITICAL,CRITICAL,CRITICAL,True,True,50.18,35.8
125,2026-03-29 22:26:43.887,person-CRITICAL,CRITICAL,CRITICAL,True,True,77.99,34.55
126,2026-03-29 22:26:43.916,person-CRITICAL,CRITICAL,CRITICAL,True,True,77.28,36.48
127,2026-03-29 22:26:43.945,person-CRITICAL,CRITICAL,CRITICAL,True,True,61.52,36.55
128,2026-03-29 22:26:43.976,person-CRITICAL,CRITICAL,CRITICAL,True,True,65.49,33.17
129,2026-03-29 22:26:44.010,person-CRITICAL,CRITICAL,CRITICAL,True,True,63.53,30.44
130,2026-03-29 22:26:44.043,person-CRITICAL,CRITICAL,CRITICAL,True,True,77.62,30.96
131,2026-03-29 22:26:44.077,person-CRITICAL,CRITICAL,CRITICAL,True,True,54.29,30.78
132,2026-03-29 22:26:44.111,person-CRITICAL,CRITICAL,CRITICAL,True,True,59.19,30.51
133,2026-03-29 22:26:44.144,person-CRITICAL,CRITICAL,CRITICAL,True,True,64.8,30.85
134,2026-03-29 22:26:44.178,person-CRITICAL,CRITICAL,CRITICAL,True,True,66.28,30.75
135,2026-03-29 22:26:44.210,person-CRITICAL,CRITICAL,CRITICAL,True,True,55.26,31.87
136,2026-03-29 22:26:44.244,person-CRITICAL,CRITICAL,CRITICAL,True,True,69.85,30.51
137,2026-03-29 22:26:44.278,person-CRITICAL,CRITICAL,CRITICAL,True,True,65.13,30.83
138,2026-03-29 22:26:44.310,person-CRITICAL,CRITICAL,CRITICAL,True,True,72.26,31.45
139,2026-03-29 22:26:44.344,person-CRITICAL,CRITICAL,CRITICAL,True,True,54.13,31.08
140,2026-03-29 22:26:44.377,person-CRITICAL,CRITICAL,CRITICAL,True,True,63.83,30.69
141,2026-03-29 22:26:44.410,person-CRITICAL,CRITICAL,CRITICAL,True,True,64.96,31.55
142,2026-03-29 22:26:44.444,person-CRITICAL,CRITICAL,CRITICAL,True,True,67.29,30.3
143,2026-03-29 22:26:44.478,person-CRITICAL,CRITICAL,CRITICAL,True,True,76.53,30.45
144,2026-03-29 22:26:44.511,person-CRITICAL,CRITICAL,CRITICAL,True,True,75.98,31.12
145,2026-03-29 22:26:44.545,person-CRITICAL,CRITICAL,CRITICAL,True,True,70.81,31.18
146,2026-03-29 22:26:44.578,person-CRITICAL,CRITICAL,CRITICAL,True,True,70.59,31.5
147,2026-03-29 22:26:44.611,person-CRITICAL,CRITICAL,CRITICAL,True,True,68.89,30.93
148,2026-03-29 22:26:44.644,person-CRITICAL,CRITICAL,CRITICAL,True,True,80.7,31.5
149,2026-03-29 22:26:44.677,person-CRITICAL,CRITICAL,CRITICAL,True,True,57.93,30.76
150,2026-03-29 22:26:44.710,person-CRITICAL,CRITICAL,CRITICAL,True,True,74.12,31.22
151,2026-03-29 22:26:44.744,person-CRITICAL,CRITICAL,CRITICAL,True,True,69.87,30.49
152,2026-03-29 22:26:44.777,person-CRITICAL,CRITICAL,CRITICAL,True,True,78.74,31.24
153,2026-03-29 22:26:44.811,person-CRITICAL,CRITICAL,CRITICAL,True,True,55.8,31.24
154,2026-03-29 22:26:44.843,person-CRITICAL,CRITICAL,CRITICAL,True,True,56.26,32.1
155,2026-03-29 22:26:44.876,person-CRITICAL,CRITICAL,CRITICAL,True,True,72.4,30.8
156,2026-03-29 22:26:44.910,person-CRITICAL,CRITICAL,CRITICAL,True,True,74.68,30.93
157,2026-03-29 22:26:44.943,person-CRITICAL,CRITICAL,CRITICAL,True,True,71.31,31.26
158,2026-03-29 22:26:44.979,person-CRITICAL,CRITICAL,CRITICAL,True,True,67.07,28.64
159,2026-03-29 22:26:45.015,person-CRITICAL,CRITICAL,CRITICAL,True,True,79.68,28.74
160,2026-03-29 22:26:45.049,person-CRITICAL,CRITICAL,CRITICAL,True,True,74.34,30.27
161,2026-03-29 22:26:45.084,person-CRITICAL,CRITICAL,CRITICAL,True,True,59.53,29.94
162,2026-03-29 22:26:45.103,person-WARNING,WARNING,CRITICAL,False,False,18.2,54.95
163,2026-03-29 22:26:45.123,person-WARNING,WARNING,CRITICAL,False,False,17.97,55.64
164,2026-03-29 22:26:45.141,person-WARNING,WARNING,CRITICAL,False,False,17.62,56.76
165,2026-03-29 22:26:45.162,person-WARNING,WARNING,CRITICAL,False,False,19.6,51.03
166,2026-03-29 22:26:45.181,person-WARNING,WARNING,CRITICAL,False,False,18.57,53.86
167,2026-03-29 22:26:45.200,person-WARNING,WARNING,CRITICAL,False,False,17.84,56.05
168,2026-03-29 22:26:45.220,person-WARNING,WARNING,CRITICAL,False,False,18.58,53.83
169,2026-03-29 22:26:45.242,person-WARNING,WARNING,CRITICAL,False,False,20.75,48.19
170,2026-03-29 22:26:45.263,person-WARNING,WARNING,CRITICAL,False,False,19.77,50.58
171,2026-03-29 22:26:45.283,person-WARNING,WARNING,CRITICAL,False,False,19.4,51.55
172,2026-03-29 22:26:45.306,person-WARNING,WARNING,CRITICAL,False,False,21.89,45.69
173,2026-03-29 22:26:45.329,person-WARNING,WARNING,CRITICAL,False,False,21.81,45.85
174,2026-03-29 22:26:45.352,person-WARNING,WARNING,CRITICAL,False,False,22.05,45.35
175,2026-03-29 22:26:45.376,person-WARNING,WARNING,CRITICAL,False,False,22.17,45.1
176,2026-03-29 22:26:45.401,person-WARNING,WARNING,CRITICAL,False,False,24.14,41.42
177,2026-03-29 22:26:45.427,person-CRITICAL,CRITICAL,CRITICAL,True,True,72.82,40.02
178,2026-03-29 22:26:45.457,person-CRITICAL,CRITICAL,CRITICAL,True,True,77.47,34.76
179,2026-03-29 22:26:45.489,person-CRITICAL,CRITICAL,CRITICAL,True,True,79.17,32.15
180,2026-03-29 22:26:45.518,person-CRITICAL,CRITICAL,CRITICAL,True,True,52.4,36.11
181,2026-03-29 22:26:45.549,person-CRITICAL,CRITICAL,CRITICAL,True,True,59.07,32.88
182,2026-03-29 22:26:45.581,person-CRITICAL,CRITICAL,CRITICAL,True,True,55.48,32.2
183,2026-03-29 22:26:45.616,person-CRITICAL,CRITICAL,CRITICAL,True,True,57.92,29.88
184,2026-03-29 22:26:45.650,person-CRITICAL,CRITICAL,CRITICAL,True,True,61.76,30.54
185,2026-03-29 22:26:45.668,person-CRITICAL,CRITICAL,CRITICAL,True,True,39.24,58.48
186,2026-03-29 22:26:45.687,person-CRITICAL,CRITICAL,CRITICAL,True,True,51.12,56.15
187,2026-03-29 22:26:45.706,person-CRITICAL,CRITICAL,CRITICAL,True,True,57.06,54.17
188,2026-03-29 22:26:45.725,person-CRITICAL,CRITICAL,CRITICAL,True,True,42.29,55.4
189,2026-03-29 22:26:45.745,person-CRITICAL,CRITICAL,CRITICAL,True,True,54.46,53.89
190,2026-03-29 22:26:45.765,person-CRITICAL,CRITICAL,CRITICAL,True,True,42.0,53.78
191,2026-03-29 22:26:45.784,person-CRITICAL,CRITICAL,CRITICAL,True,True,41.47,54.25
192,2026-03-29 22:26:45.804,person-CRITICAL,CRITICAL,CRITICAL,True,True,60.15,53.11
193,2026-03-29 22:26:45.825,person-CRITICAL,CRITICAL,CRITICAL,True,True,66.07,50.61
194,2026-03-29 22:26:45.847,person-CRITICAL,CRITICAL,CRITICAL,True,True,57.36,47.92
195,2026-03-29 22:26:45.868,person-CRITICAL,CRITICAL,CRITICAL,True,True,67.51,50.78
196,2026-03-29 22:26:45.891,person-CRITICAL,CRITICAL,CRITICAL,True,True,43.47,46.81
197,2026-03-29 22:26:45.915,person-CRITICAL,CRITICAL,CRITICAL,True,True,57.55,43.1
198,2026-03-29 22:26:45.939,person-CRITICAL,CRITICAL,CRITICAL,True,True,69.53,44.31
199,2026-03-29 22:26:45.966,person-CRITICAL,CRITICAL,CRITICAL,True,True,67.21,38.14
200,2026-03-29 22:26:45.993,person-CRITICAL,CRITICAL,CRITICAL,True,True,58.71,39.46
201,2026-03-29 22:26:46.024,person-CRITICAL,CRITICAL,SAFE,True,False,77.09,33.59
202,2026-03-29 22:26:46.053,person-CRITICAL,CRITICAL,SAFE,True,False,78.51,34.81
203,2026-03-29 22:26:46.084,person-CRITICAL,CRITICAL,SAFE,True,False,75.85,33.65
204,2026-03-29 22:26:46.111,person-CRITICAL,CRITICAL,SAFE,True,False,63.98,39.94
205,2026-03-29 22:26:46.142,person-CRITICAL,CRITICAL,SAFE,True,False,51.53,33.08
206,2026-03-29 22:26:46.174,person-CRITICAL,CRITICAL,SAFE,True,False,71.62,33.08
207,2026-03-29 22:26:46.211,person-CRITICAL,CRITICAL,SAFE,True,False,69.44,27.55
208,2026-03-29 22:26:46.248,person-CRITICAL,CRITICAL,SAFE,True,False,70.25,28.61
209,2026-03-29 22:26:46.280,person-CRITICAL,CRITICAL,SAFE,True,False,67.0,33.92
210,2026-03-29 22:26:46.311,person-CRITICAL,CRITICAL,SAFE,True,False,70.16,32.83
211,2026-03-29 22:26:46.348,person-CRITICAL,CRITICAL,SAFE,True,False,79.06,28.15
212,2026-03-29 22:26:46.379,person-CRITICAL,CRITICAL,SAFE,True,False,58.74,33.25
213,2026-03-29 22:26:46.413,person-CRITICAL,CRITICAL,SAFE,True,False,61.83,30.55
214,2026-03-29 22:26:46.444,person-CRITICAL,CRITICAL,SAFE,True,False,50.07,33.68
215,2026-03-29 22:26:46.478,person-CRITICAL,CRITICAL,SAFE,True,False,79.71,30.58
216,2026-03-29 22:26:46.509,person-CRITICAL,CRITICAL,SAFE,True,False,57.31,33.53
217,2026-03-29 22:26:46.540,person-CRITICAL,CRITICAL,SAFE,True,False,71.96,33.12
218,2026-03-29 22:26:46.559,person-CRITICAL,CRITICAL,SAFE,True,False,54.63,54.94
219,2026-03-29 22:26:46.581,person-CRITICAL,CRITICAL,SAFE,True,False,55.75,50.32
220,2026-03-29 22:26:46.600,person-CRITICAL,CRITICAL,SAFE,True,False,50.72,54.97
221,2026-03-29 22:26:46.620,person-CRITICAL,CRITICAL,SAFE,True,False,49.86,53.39
222,2026-03-29 22:26:46.644,person-CRITICAL,CRITICAL,SAFE,True,False,55.78,44.37
223,2026-03-29 22:26:46.665,person-CRITICAL,CRITICAL,SAFE,True,False,48.02,49.91
224,2026-03-29 22:26:46.685,person-CRITICAL,CRITICAL,SAFE,True,False,39.54,52.69
225,2026-03-29 22:26:46.705,person-CRITICAL,CRITICAL,SAFE,True,False,69.3,51.43
226,2026-03-29 22:26:46.726,person-CRITICAL,CRITICAL,SAFE,True,False,41.38,51.31
227,2026-03-29 22:26:46.746,person-CRITICAL,CRITICAL,SAFE,True,False,48.74,52.71
228,2026-03-29 22:26:46.766,person-CRITICAL,CRITICAL,SAFE,True,False,54.17,53.48
229,2026-03-29 22:26:46.786,person-CRITICAL,CRITICAL,SAFE,True,False,68.12,52.29
230,2026-03-29 22:26:46.807,person-CRITICAL,CRITICAL,SAFE,True,False,68.96,51.4
231,2026-03-29 22:26:46.828,person-CRITICAL,CRITICAL,SAFE,True,False,48.87,48.0
232,2026-03-29 22:26:46.851,person-CRITICAL,CRITICAL,SAFE,True,False,61.68,46.83
233,2026-03-29 22:26:46.875,person-CRITICAL,CRITICAL,SAFE,True,False,53.29,42.55
234,2026-03-29 22:26:46.903,person-CRITICAL,CRITICAL,SAFE,True,False,52.55,37.4
235,2026-03-29 22:26:46.927,person-CRITICAL,CRITICAL,SAFE,True,False,53.31,42.93
236,2026-03-29 22:26:46.953,person-CRITICAL,CRITICAL,SAFE,True,False,50.19,39.95
237,2026-03-29 22:26:46.982,person-CRITICAL,CRITICAL,SAFE,True,False,70.75,35.94
238,2026-03-29 22:26:47.011,person-CRITICAL,CRITICAL,SAFE,True,False,62.28,35.21
239,2026-03-29 22:26:47.043,person-CRITICAL,CRITICAL,SAFE,True,False,57.41,32.8
240,2026-03-29 22:26:47.076,person-CRITICAL,CRITICAL,SAFE,True,False,73.03,31.6
241,2026-03-29 22:26:47.109,person-CRITICAL,CRITICAL,SAFE,True,False,76.36,30.6
242,2026-03-29 22:26:47.141,person-CRITICAL,CRITICAL,SAFE,True,False,75.73,32.34
243,2026-03-29 22:26:47.174,person-CRITICAL,CRITICAL,SAFE,True,False,80.2,31.63
244,2026-03-29 22:26:47.207,person-CRITICAL,CRITICAL,SAFE,True,False,61.7,30.88
245,2026-03-29 22:26:47.273,person-CRITICAL,CRITICAL,SAFE,True,False,113.74,15.6
246,2026-03-29 22:26:47.334,person-CRITICAL,CRITICAL,SAFE,True,False,81.13,21.89
247,2026-03-29 22:26:47.369,person-CRITICAL,CRITICAL,SAFE,True,False,73.79,34.43
248,2026-03-29 22:26:47.390,person-CRITICAL,CRITICAL,SAFE,True,False,40.47,51.16
249,2026-03-29 22:26:47.409,person-CRITICAL,CRITICAL,SAFE,True,False,49.52,54.48
250,2026-03-29 22:26:47.429,person-CRITICAL,CRITICAL,SAFE,True,False,52.38,54.58
251,2026-03-29 22:26:47.449,person-CRITICAL,CRITICAL,WARNING,True,False,39.64,53.08
252,2026-03-29 22:26:47.469,person-CRITICAL,CRITICAL,WARNING,True,False,48.15,54.15
253,2026-03-29 22:26:47.490,person-CRITICAL,CRITICAL,WARNING,True,False,55.66,49.47
254,2026-03-29 22:26:47.511,person-CRITICAL,CRITICAL,WARNING,True,False,54.64,49.35
255,2026-03-29 22:26:47.531,person-CRITICAL,CRITICAL,WARNING,True,False,61.01,52.39
256,2026-03-29 22:26:47.552,person-CRITICAL,CRITICAL,WARNING,True,False,45.44,51.34
257,2026-03-29 22:26:47.574,person-CRITICAL,CRITICAL,WARNING,True,False,58.11,46.38
258,2026-03-29 22:26:47.596,person-CRITICAL,CRITICAL,WARNING,True,False,56.12,48.88
259,2026-03-29 22:26:47.617,person-CRITICAL,CRITICAL,WARNING,True,False,62.69,49.03
260,2026-03-29 22:26:47.640,person-CRITICAL,CRITICAL,WARNING,True,False,69.96,45.6
261,2026-03-29 22:26:47.663,person-CRITICAL,CRITICAL,WARNING,True,False,54.13,46.42
262,2026-03-29 22:26:47.686,person-CRITICAL,CRITICAL,WARNING,True,False,57.59,44.2
263,2026-03-29 22:26:47.710,person-CRITICAL,CRITICAL,WARNING,True,False,64.83,43.04
264,2026-03-29 22:26:47.737,person-CRITICAL,CRITICAL,WARNING,True,False,59.95,39.54
265,2026-03-29 22:26:47.765,person-CRITICAL,CRITICAL,WARNING,True,False,75.51,36.59
266,2026-03-29 22:26:47.796,person-CRITICAL,CRITICAL,WARNING,True,False,49.46,34.21
267,2026-03-29 22:26:47.829,person-CRITICAL,CRITICAL,WARNING,True,False,75.41,31.29
268,2026-03-29 22:26:47.862,person-CRITICAL,CRITICAL,WARNING,True,False,77.4,31.56
269,2026-03-29 22:26:47.895,person-CRITICAL,CRITICAL,WARNING,True,False,66.45,31.59
270,2026-03-29 22:26:47.929,person-CRITICAL,CRITICAL,WARNING,True,False,57.81,30.76
271,2026-03-29 22:26:47.961,person-CRITICAL,CRITICAL,WARNING,True,False,78.39,32.16
272,2026-03-29 22:26:47.995,person-CRITICAL,CRITICAL,WARNING,True,False,65.49,30.72
273,2026-03-29 22:26:48.027,person-CRITICAL,CRITICAL,WARNING,True,False,71.54,31.84
274,2026-03-29 22:26:48.060,person-CRITICAL,CRITICAL,WARNING,True,False,58.93,31.33
275,2026-03-29 22:26:48.087,person-CRITICAL,CRITICAL,WARNING,True,False,48.41,38.63
276,2026-03-29 22:26:48.105,person-CRITICAL,CRITICAL,WARNING,True,False,50.78,58.6
277,2026-03-29 22:26:48.124,person-CRITICAL,CRITICAL,WARNING,True,False,51.07,54.88
278,2026-03-29 22:26:48.143,person-CRITICAL,CRITICAL,WARNING,True,False,59.03,56.03
279,2026-03-29 22:26:48.162,person-CRITICAL,CRITICAL,WARNING,True,False,46.22,54.83
280,2026-03-29 22:26:48.181,person-CRITICAL,CRITICAL,WARNING,True,False,49.04,56.09
281,2026-03-29 22:26:48.200,person-CRITICAL,CRITICAL,WARNING,True,False,67.61,56.18
282,2026-03-29 22:26:48.219,person-CRITICAL,CRITICAL,WARNING,True,False,40.33,55.94
283,2026-03-29 22:26:48.239,person-CRITICAL,CRITICAL,WARNING,True,False,45.58,52.33
284,2026-03-29 22:26:48.259,person-CRITICAL,CRITICAL,WARNING,True,False,49.21,51.86
285,2026-03-29 22:26:48.279,person-CRITICAL,CRITICAL,WARNING,True,False,65.59,52.53
286,2026-03-29 22:26:48.299,person-CRITICAL,CRITICAL,WARNING,True,False,48.67,53.36
287,2026-03-29 22:26:48.319,person-CRITICAL,CRITICAL,WARNING,True,False,62.05,51.89
288,2026-03-29 22:26:48.340,person-CRITICAL,CRITICAL,WARNING,True,False,61.28,51.01
289,2026-03-29 22:26:48.362,person-CRITICAL,CRITICAL,WARNING,True,False,48.44,48.1
290,2026-03-29 22:26:48.385,person-CRITICAL,CRITICAL,WARNING,True,False,45.36,44.44
291,2026-03-29 22:26:48.409,person-CRITICAL,CRITICAL,WARNING,True,False,54.91,42.98
292,2026-03-29 22:26:48.436,person-CRITICAL,CRITICAL,WARNING,True,False,48.09,38.56
293,2026-03-29 22:26:48.463,person-CRITICAL,CRITICAL,WARNING,True,False,74.96,39.34
294,2026-03-29 22:26:48.495,person-CRITICAL,CRITICAL,WARNING,True,False,58.34,31.83
295,2026-03-29 22:26:48.528,person-CRITICAL,CRITICAL,WARNING,True,False,69.34,31.52
296,2026-03-29 22:26:48.561,person-CRITICAL,CRITICAL,WARNING,True,False,78.36,31.7
297,2026-03-29 22:26:48.593,person-CRITICAL,CRITICAL,WARNING,True,False,53.29,32.1
298,2026-03-29 22:26:48.625,person-CRITICAL,CRITICAL,WARNING,True,False,66.81,31.94
299,2026-03-29 22:26:48.654,person-CRITICAL,CRITICAL,WARNING,True,False,58.71,37.1
300,2026-03-29 22:26:48.676,person-CRITICAL,CRITICAL,WARNING,True,False,48.19,47.04
301,2026-03-29 22:26:48.695,person-CRITICAL,CRITICAL,SAFE,True,False,49.06,55.89
302,2026-03-29 22:26:48.713,person-CRITICAL,CRITICAL,SAFE,True,False,48.38,58.37
303,2026-03-29 22:26:48.733,person-CRITICAL,CRITICAL,SAFE,True,False,42.72,54.12
304,2026-03-29 22:26:48.751,person-CRITICAL,CRITICAL,SAFE,True,False,55.88,58.15
305,2026-03-29 22:26:48.770,person-CRITICAL,CRITICAL,SAFE,True,False,45.45,55.0
306,2026-03-29 22:26:48.790,person-CRITICAL,CRITICAL,SAFE,True,False,41.61,54.12
307,2026-03-29 22:26:48.811,person-CRITICAL,CRITICAL,SAFE,True,False,64.38,49.92
308,2026-03-29 22:26:48.832,person-CRITICAL,CRITICAL,SAFE,True,False,41.6,51.58
309,2026-03-29 22:26:48.853,person-CRITICAL,CRITICAL,SAFE,True,False,56.78,50.8
310,2026-03-29 22:26:48.874,person-CRITICAL,CRITICAL,SAFE,True,False,60.09,49.38
311,2026-03-29 22:26:48.896,person-CRITICAL,CRITICAL,SAFE,True,False,53.09,48.17
312,2026-03-29 22:26:48.917,person-CRITICAL,CRITICAL,SAFE,True,False,49.49,49.85
313,2026-03-29 22:26:48.939,person-CRITICAL,CRITICAL,SAFE,True,False,51.25,46.08
314,2026-03-29 22:26:48.962,person-CRITICAL,CRITICAL,SAFE,True,False,52.81,45.34
315,2026-03-29 22:26:48.987,person-CRITICAL,CRITICAL,SAFE,True,False,60.29,41.77
316,2026-03-29 22:26:49.014,person-CRITICAL,CRITICAL,SAFE,True,False,67.28,39.58
317,2026-03-29 22:26:49.042,person-CRITICAL,CRITICAL,SAFE,True,False,51.98,37.18
318,2026-03-29 22:26:49.072,person-CRITICAL,CRITICAL,SAFE,True,False,75.02,33.55
319,2026-03-29 22:26:49.104,person-CRITICAL,CRITICAL,SAFE,True,False,50.64,33.61
320,2026-03-29 22:26:49.132,person-CRITICAL,CRITICAL,SAFE,True,False,64.65,36.82
321,2026-03-29 22:26:49.163,person-CRITICAL,CRITICAL,SAFE,True,False,78.54,33.53
322,2026-03-29 22:26:49.196,person-CRITICAL,CRITICAL,SAFE,True,False,55.62,31.48
323,2026-03-29 22:26:49.232,person-CRITICAL,CRITICAL,SAFE,True,False,82.47,28.68
324,2026-03-29 22:26:49.265,person-CRITICAL,CRITICAL,SAFE,True,False,52.96,31.41
325,2026-03-29 22:26:49.302,person-CRITICAL,CRITICAL,SAFE,True,False,85.76,27.68
326,2026-03-29 22:26:49.337,person-CRITICAL,CRITICAL,SAFE,True,False,62.16,29.96
327,2026-03-29 22:26:49.370,person-CRITICAL,CRITICAL,SAFE,True,False,63.81,31.07
328,2026-03-29 22:26:49.402,person-CRITICAL,CRITICAL,SAFE,True,False,61.44,32.24
329,2026-03-29 22:26:49.435,person-CRITICAL,CRITICAL,SAFE,True,False,52.06,32.1
330,2026-03-29 22:26:49.476,person-CRITICAL,CRITICAL,SAFE,True,False,65.88,25.38
331,2026-03-29 22:26:49.512,person-CRITICAL,CRITICAL,SAFE,True,False,78.78,28.84
332,2026-03-29 22:26:49.563,person-CRITICAL,CRITICAL,SAFE,True,False,83.85,20.58
333,2026-03-29 22:26:49.623,person-CRITICAL,CRITICAL,SAFE,True,False,89.8,19.0
334,2026-03-29 22:26:49.664,person-CRITICAL,CRITICAL,SAFE,True,False,84.74,25.1
335,2026-03-29 22:26:49.698,person-CRITICAL,CRITICAL,SAFE,True,False,81.13,30.41
336,2026-03-29 22:26:49.732,person-CRITICAL,CRITICAL,SAFE,True,False,56.75,30.63
337,2026-03-29 22:26:49.766,person-CRITICAL,CRITICAL,SAFE,True,False,62.09,30.5
338,2026-03-29 22:26:49.799,person-CRITICAL,CRITICAL,SAFE,True,False,57.14,30.87
339,2026-03-29 22:26:49.836,person-CRITICAL,CRITICAL,SAFE,True,False,78.95,28.46
340,2026-03-29 22:26:49.868,person-CRITICAL,CRITICAL,SAFE,True,False,66.47,31.42
341,2026-03-29 22:26:49.901,person-CRITICAL,CRITICAL,SAFE,True,False,57.13,32.1
342,2026-03-29 22:26:49.933,person-CRITICAL,CRITICAL,SAFE,True,False,70.45,31.9
343,2026-03-29 22:26:49.966,person-CRITICAL,CRITICAL,SAFE,True,False,69.84,31.61
344,2026-03-29 22:26:50.003,person-CRITICAL,CRITICAL,SAFE,True,False,60.98,27.76
345,2026-03-29 22:26:50.036,person-CRITICAL,CRITICAL,SAFE,True,False,64.2,31.36
346,2026-03-29 22:26:50.069,person-CRITICAL,CRITICAL,SAFE,True,False,65.19,30.69
347,2026-03-29 22:26:50.102,person-CRITICAL,CRITICAL,SAFE,True,False,58.69,32.08
348,2026-03-29 22:26:50.134,person-CRITICAL,CRITICAL,SAFE,True,False,55.81,31.59
349,2026-03-29 22:26:50.169,person-CRITICAL,CRITICAL,SAFE,True,False,62.87,30.31
350,2026-03-29 22:26:50.202,person-CRITICAL,CRITICAL,SAFE,True,False,78.53,30.93
351,2026-03-29 22:26:50.235,person-CRITICAL,CRITICAL,SAFE,True,False,61.69,31.59
352,2026-03-29 22:26:50.267,person-CRITICAL,CRITICAL,SAFE,True,False,65.08,32.1
353,2026-03-29 22:26:50.299,person-CRITICAL,CRITICAL,SAFE,True,False,69.89,32.51
354,2026-03-29 22:26:50.333,person-CRITICAL,CRITICAL,SAFE,True,False,71.67,30.15
355,2026-03-29 22:26:50.363,person-CRITICAL,CRITICAL,SAFE,True,False,52.82,35.12
356,2026-03-29 22:26:50.395,person-CRITICAL,CRITICAL,SAFE,True,False,77.21,32.5
357,2026-03-29 22:26:50.428,person-CRITICAL,CRITICAL,SAFE,True,False,62.28,31.11
358,2026-03-29 22:26:50.462,person-CRITICAL,CRITICAL,SAFE,True,False,53.62,30.54
359,2026-03-29 22:26:50.493,person-CRITICAL,CRITICAL,SAFE,True,False,69.8,33.91
360,2026-03-29 22:26:50.529,person-CRITICAL,CRITICAL,SAFE,True,False,76.31,28.14
361,2026-03-29 22:26:50.562,person-CRITICAL,CRITICAL,SAFE,True,False,77.07,31.48
362,2026-03-29 22:26:50.595,person-CRITICAL,CRITICAL,SAFE,True,False,61.69,31.36
363,2026-03-29 22:26:50.630,person-CRITICAL,CRITICAL,SAFE,True,False,81.12,29.88
364,2026-03-29 22:26:50.665,person-CRITICAL,CRITICAL,SAFE,True,False,64.51,29.38
365,2026-03-29 22:26:50.684,person-CRITICAL,CRITICAL,SAFE,True,False,63.07,57.46
366,2026-03-29 22:26:50.702,person-CRITICAL,CRITICAL,SAFE,True,False,40.7,56.08
367,2026-03-29 22:26:50.721,person-CRITICAL,CRITICAL,SAFE,True,False,53.37,55.75
368,2026-03-29 22:26:50.740,person-CRITICAL,CRITICAL,SAFE,True,False,45.37,55.22
369,2026-03-29 22:26:50.761,person-CRITICAL,CRITICAL,SAFE,True,False,43.43,53.31
370,2026-03-29 22:26:50.780,person-CRITICAL,CRITICAL,SAFE,True,False,61.85,55.7
371,2026-03-29 22:26:50.799,person-CRITICAL,CRITICAL,SAFE,True,False,50.61,55.54
372,2026-03-29 22:26:50.819,person-CRITICAL,CRITICAL,SAFE,True,False,67.89,52.93
373,2026-03-29 22:26:50.841,person-CRITICAL,CRITICAL,SAFE,True,False,46.23,48.15
374,2026-03-29 22:26:50.863,person-CRITICAL,CRITICAL,SAFE,True,False,47.58,47.36
375,2026-03-29 22:26:50.884,person-CRITICAL,CRITICAL,SAFE,True,False,65.58,51.19
376,2026-03-29 22:26:50.905,person-CRITICAL,CRITICAL,SAFE,True,False,62.54,49.32
377,2026-03-29 22:26:50.928,person-CRITICAL,CRITICAL,SAFE,True,False,64.45,46.94
378,2026-03-29 22:26:50.951,person-CRITICAL,CRITICAL,SAFE,True,False,67.4,44.76
379,2026-03-29 22:26:50.975,person-CRITICAL,CRITICAL,SAFE,True,False,63.35,44.35
380,2026-03-29 22:26:51.002,person-CRITICAL,CRITICAL,SAFE,True,False,50.06,38.37
381,2026-03-29 22:26:51.029,person-CRITICAL,CRITICAL,SAFE,True,False,68.15,37.76
382,2026-03-29 22:26:51.059,person-CRITICAL,CRITICAL,SAFE,True,False,56.73,34.92
383,2026-03-29 22:26:51.090,person-CRITICAL,CRITICAL,SAFE,True,False,55.94,33.16
384,2026-03-29 22:26:51.123,person-CRITICAL,CRITICAL,SAFE,True,False,76.34,31.72
385,2026-03-29 22:26:51.156,person-CRITICAL,CRITICAL,SAFE,True,False,75.46,31.68
386,2026-03-29 22:26:51.189,person-CRITICAL,CRITICAL,SAFE,True,False,53.08,31.36
387,2026-03-29 22:26:51.219,person-CRITICAL,CRITICAL,SAFE,True,False,50.42,34.37
388,2026-03-29 22:26:51.238,person-CRITICAL,CRITICAL,SAFE,True,False,38.96,57.37
389,2026-03-29 22:26:51.256,person-CRITICAL,CRITICAL,SAFE,True,False,59.53,57.53
390,2026-03-29 22:26:51.275,person-CRITICAL,CRITICAL,SAFE,True,False,42.02,56.02
391,2026-03-29 22:26:51.295,person-CRITICAL,CRITICAL,SAFE,True,False,53.43,54.44
392,2026-03-29 22:26:51.313,person-CRITICAL,CRITICAL,SAFE,True,False,51.05,57.21
393,2026-03-29 22:26:51.332,person-CRITICAL,CRITICAL,SAFE,True,False,57.05,56.63
394,2026-03-29 22:26:51.351,person-CRITICAL,CRITICAL,SAFE,True,False,57.43,57.12
395,2026-03-29 22:26:51.371,person-CRITICAL,CRITICAL,SAFE,True,False,57.11,51.17
396,2026-03-29 22:26:51.392,person-CRITICAL,CRITICAL,SAFE,True,False,61.79,50.51
397,2026-03-29 22:26:51.414,person-CRITICAL,CRITICAL,SAFE,True,False,55.57,47.82
398,2026-03-29 22:26:51.435,person-CRITICAL,CRITICAL,SAFE,True,False,51.36,51.85
399,2026-03-29 22:26:51.456,person-CRITICAL,CRITICAL,SAFE,True,False,53.81,49.74
400,2026-03-29 22:26:51.479,person-CRITICAL,CRITICAL,SAFE,True,False,47.04,45.09
401,2026-03-29 22:26:51.503,person-CRITICAL,CRITICAL,SAFE,True,False,55.77,43.89
402,2026-03-29 22:26:51.527,person-CRITICAL,CRITICAL,SAFE,True,False,60.28,43.9
403,2026-03-29 22:26:51.552,person-CRITICAL,CRITICAL,SAFE,True,False,66.4,41.79
404,2026-03-29 22:26:51.579,person-CRITICAL,CRITICAL,SAFE,True,False,70.42,38.95
405,2026-03-29 22:26:51.613,person-CRITICAL,CRITICAL,SAFE,True,False,53.77,30.23
406,2026-03-29 22:26:51.651,person-CRITICAL,CRITICAL,SAFE,True,False,83.97,27.47
407,2026-03-29 22:26:51.690,person-CRITICAL,CRITICAL,SAFE,True,False,62.33,27.05
408,2026-03-29 22:26:51.721,person-CRITICAL,CRITICAL,SAFE,True,False,50.44,34.09
409,2026-03-29 22:26:51.740,person-CRITICAL,CRITICAL,SAFE,True,False,66.44,55.1
410,2026-03-29 22:26:51.761,person-CRITICAL,CRITICAL,SAFE,True,False,52.8,51.01
411,2026-03-29 22:26:51.780,person-CRITICAL,CRITICAL,SAFE,True,False,63.39,55.5
412,2026-03-29 22:26:51.799,person-CRITICAL,CRITICAL,SAFE,True,False,50.34,54.86
413,2026-03-29 22:26:51.819,person-CRITICAL,CRITICAL,SAFE,True,False,53.5,53.17
414,2026-03-29 22:26:51.839,person-CRITICAL,CRITICAL,SAFE,True,False,52.68,53.96
415,2026-03-29 22:26:51.859,person-CRITICAL,CRITICAL,SAFE,True,False,48.19,52.15
416,2026-03-29 22:26:51.880,person-CRITICAL,CRITICAL,SAFE,True,False,46.04,51.37
417,2026-03-29 22:26:51.900,person-CRITICAL,CRITICAL,SAFE,True,False,56.37,53.18
418,2026-03-29 22:26:51.922,person-CRITICAL,CRITICAL,SAFE,True,False,66.04,49.58
419,2026-03-29 22:26:51.943,person-CRITICAL,CRITICAL,SAFE,True,False,65.89,49.89
420,2026-03-29 22:26:51.967,person-CRITICAL,CRITICAL,SAFE,True,False,57.25,42.22
421,2026-03-29 22:26:51.991,person-CRITICAL,CRITICAL,SAFE,True,False,50.58,44.38
422,2026-03-29 22:26:52.016,person-CRITICAL,CRITICAL,SAFE,True,False,51.15,41.66
423,2026-03-29 22:26:52.040,person-CRITICAL,CRITICAL,SAFE,True,False,51.52,44.14
424,2026-03-29 22:26:52.067,person-CRITICAL,CRITICAL,SAFE,True,False,72.41,37.53
425,2026-03-29 22:26:52.095,person-CRITICAL,CRITICAL,SAFE,True,False,72.84,38.21
426,2026-03-29 22:26:52.126,person-CRITICAL,CRITICAL,SAFE,True,False,60.97,33.03
427,2026-03-29 22:26:52.160,person-CRITICAL,CRITICAL,SAFE,True,False,75.83,30.83
428,2026-03-29 22:26:52.194,person-CRITICAL,CRITICAL,SAFE,True,False,77.35,30.49
429,2026-03-29 22:26:52.231,person-CRITICAL,CRITICAL,SAFE,True,False,83.15,28.02
430,2026-03-29 22:26:52.250,person-CRITICAL,CRITICAL,SAFE,True,False,63.46,56.66
431,2026-03-29 22:26:52.268,person-CRITICAL,CRITICAL,SAFE,True,False,45.23,57.27
432,2026-03-29 22:26:52.289,person-CRITICAL,CRITICAL,SAFE,True,False,66.9,50.63
433,2026-03-29 22:26:52.307,person-CRITICAL,CRITICAL,SAFE,True,False,42.83,56.11
434,2026-03-29 22:26:52.326,person-CRITICAL,CRITICAL,SAFE,True,False,66.9,56.28
435,2026-03-29 22:26:52.345,person-CRITICAL,CRITICAL,SAFE,True,False,48.52,54.27
436,2026-03-29 22:26:52.365,person-CRITICAL,CRITICAL,SAFE,True,False,62.32,54.83
437,2026-03-29 22:26:52.384,person-CRITICAL,CRITICAL,SAFE,True,False,63.03,53.33
438,2026-03-29 22:26:52.404,person-CRITICAL,CRITICAL,SAFE,True,False,65.93,52.91
439,2026-03-29 22:26:52.425,person-CRITICAL,CRITICAL,SAFE,True,False,39.25,51.98
440,2026-03-29 22:26:52.446,person-CRITICAL,CRITICAL,SAFE,True,False,46.59,50.37
441,2026-03-29 22:26:52.466,person-CRITICAL,CRITICAL,SAFE,True,False,69.0,50.86
442,2026-03-29 22:26:52.487,person-CRITICAL,CRITICAL,SAFE,True,False,50.75,49.89
443,2026-03-29 22:26:52.508,person-CRITICAL,CRITICAL,SAFE,True,False,61.48,51.06
444,2026-03-29 22:26:52.530,person-CRITICAL,CRITICAL,SAFE,True,False,60.97,47.09
445,2026-03-29 22:26:52.553,person-CRITICAL,CRITICAL,SAFE,True,False,51.58,44.94
446,2026-03-29 22:26:52.577,person-CRITICAL,CRITICAL,SAFE,True,False,59.61,43.68
447,2026-03-29 22:26:52.604,person-CRITICAL,CRITICAL,SAFE,True,False,55.28,38.84
448,2026-03-29 22:26:52.631,person-CRITICAL,CRITICAL,SAFE,True,False,62.72,37.72
449,2026-03-29 22:26:52.665,person-CRITICAL,CRITICAL,SAFE,True,False,67.4,30.55
450,2026-03-29 22:26:52.699,person-CRITICAL,CRITICAL,SAFE,True,False,82.82,30.34
451,2026-03-29 22:26:52.733,person-CRITICAL,CRITICAL,SAFE,True,False,67.76,30.54
452,2026-03-29 22:26:52.766,person-CRITICAL,CRITICAL,SAFE,True,False,69.32,30.99
453,2026-03-29 22:26:52.801,person-CRITICAL,CRITICAL,SAFE,True,False,76.81,30.21
454,2026-03-29 22:26:52.819,person-CRITICAL,CRITICAL,SAFE,True,False,40.17,58.06
455,2026-03-29 22:26:52.837,person-CRITICAL,CRITICAL,SAFE,True,False,44.98,56.77
456,2026-03-29 22:26:52.856,person-CRITICAL,CRITICAL,SAFE,True,False,65.4,56.34
457,2026-03-29 22:26:52.875,person-CRITICAL,CRITICAL,SAFE,True,False,51.52,55.68
458,2026-03-29 22:26:52.894,person-CRITICAL,CRITICAL,SAFE,True,False,43.24,54.43
459,2026-03-29 22:26:52.914,person-WARNING,WARNING,SAFE,False,True,18.68,53.54
460,2026-03-29 22:26:52.933,person-WARNING,WARNING,SAFE,False,True,17.72,56.42
461,2026-03-29 22:26:52.952,person-WARNING,WARNING,SAFE,False,True,18.49,54.08
462,2026-03-29 22:26:52.973,person-WARNING,WARNING,SAFE,False,True,19.48,51.32
463,2026-03-29 22:26:52.994,person-WARNING,WARNING,SAFE,False,True,20.36,49.1
464,2026-03-29 22:26:53.016,person-WARNING,WARNING,SAFE,False,True,20.52,48.74
465,2026-03-29 22:26:53.036,person-WARNING,WARNING,SAFE,False,True,19.67,50.84
466,2026-03-29 22:26:53.058,person-WARNING,WARNING,SAFE,False,True,20.92,47.8
467,2026-03-29 22:26:53.082,person-WARNING,WARNING,SAFE,False,True,22.47,44.51
468,2026-03-29 22:26:53.106,person-WARNING,WARNING,SAFE,False,True,23.1,43.29
469,2026-03-29 22:26:53.133,person-WARNING,WARNING,SAFE,False,True,26.03,38.41
470,2026-03-29 22:26:53.157,person-WARNING,WARNING,SAFE,False,True,22.61,44.22
471,2026-03-29 22:26:53.182,person-WARNING,WARNING,SAFE,False,True,24.86,40.23
472,2026-03-29 22:26:53.208,person-WARNING,WARNING,SAFE,False,True,24.67,40.54
473,2026-03-29 22:26:53.237,person-WARNING,WARNING,SAFE,False,True,27.66,36.16
474,2026-03-29 22:26:53.265,person-WARNING,WARNING,SAFE,False,True,26.58,37.61
475,2026-03-29 22:26:53.294,person-WARNING,WARNING,SAFE,False,True,28.1,35.59
476,2026-03-29 22:26:53.326,person-WARNING,WARNING,SAFE,False,True,30.68,32.59
477,2026-03-29 22:26:53.360,person-WARNING,WARNING,SAFE,False,True,33.23,30.09
478,2026-03-29 22:26:53.394,person-WARNING,WARNING,SAFE,False,True,32.82,30.47
479,2026-03-29 22:26:53.431,person-WARNING,WARNING,SAFE,False,True,35.91,27.85
480,2026-03-29 22:26:53.469,person-WARNING,WARNING,SAFE,False,True,36.6,27.32
481,2026-03-29 22:26:53.502,person-WARNING,WARNING,SAFE,False,True,31.65,31.6
482,2026-03-29 22:26:53.535,person-WARNING,WARNING,SAFE,False,True,32.27,30.99
483,2026-03-29 22:26:53.568,person-WARNING,WARNING,SAFE,False,True,31.85,31.4
484,2026-03-29 22:26:53.586,person-WARNING,WARNING,SAFE,False,True,16.96,58.97
485,2026-03-29 22:26:53.604,person-WARNING,WARNING,SAFE,False,True,17.05,58.65
486,2026-03-29 22:26:53.623,person-WARNING,WARNING,SAFE,False,True,17.44,57.33
487,2026-03-29 22:26:53.642,person-WARNING,WARNING,SAFE,False,True,18.41,54.32
488,2026-03-29 22:26:53.661,person-WARNING,WARNING,SAFE,False,True,18.13,55.15
489,2026-03-29 22:26:53.681,person-WARNING,WARNING,SAFE,False,True,18.72,53.41
490,2026-03-29 22:26:53.700,person-WARNING,WARNING,SAFE,False,True,17.89,55.88
491,2026-03-29 22:26:53.720,person-WARNING,WARNING,SAFE,False,True,19.05,52.49
492,2026-03-29 22:26:53.741,person-WARNING,WARNING,SAFE,False,True,19.72,50.71
493,2026-03-29 22:26:53.762,person-WARNING,WARNING,SAFE,False,True,19.37,51.63
494,2026-03-29 22:26:53.783,person-WARNING,WARNING,SAFE,False,True,20.03,49.91
495,2026-03-29 22:26:53.803,person-WARNING,WARNING,SAFE,False,True,19.3,51.81
496,2026-03-29 22:26:53.827,person-WARNING,WARNING,SAFE,False,True,22.65,44.14
497,2026-03-29 22:26:53.858,person-WARNING,WARNING,SAFE,False,True,28.7,34.85
498,2026-03-29 22:26:53.886,person-WARNING,WARNING,SAFE,False,True,26.5,37.73
499,2026-03-29 22:26:53.911,person-WARNING,WARNING,SAFE,False,True,24.25,41.23
500,2026-03-29 22:26:53.940,person-WARNING,WARNING,SAFE,False,True,27.94,35.8
501,2026-03-29 22:26:53.972,person-WARNING,WARNING,SAFE,False,True,30.48,32.8
502,2026-03-29 22:26:54.001,person-WARNING,WARNING,SAFE,False,True,27.57,36.26
503,2026-03-29 22:26:54.027,person-WARNING,WARNING,SAFE,False,True,25.43,39.33
504,2026-03-29 22:26:54.058,person-WARNING,WARNING,SAFE,False,True,29.05,34.42
505,2026-03-29 22:26:54.090,person-WARNING,WARNING,SAFE,False,True,31.13,32.12
506,2026-03-29 22:26:54.118,person-WARNING,WARNING,SAFE,False,True,27.1,36.9
507,2026-03-29 22:26:54.144,person-WARNING,WARNING,SAFE,False,True,24.96,40.06
508,2026-03-29 22:26:54.172,person-WARNING,WARNING,SAFE,False,True,26.82,37.29
509,2026-03-29 22:26:54.199,person-WARNING,WARNING,SAFE,False,True,26.01,38.44
510,2026-03-29 22:26:54.228,person-WARNING,WARNING,SAFE,False,True,28.04,35.67
511,2026-03-29 22:26:54.258,person-WARNING,WARNING,SAFE,False,True,28.79,34.73
512,2026-03-29 22:26:54.288,person-WARNING,WARNING,SAFE,False,True,28.89,34.61
513,2026-03-29 22:26:54.318,person-WARNING,WARNING,SAFE,False,True,29.12,34.34
514,2026-03-29 22:26:54.350,person-WARNING,WARNING,SAFE,False,True,30.4,32.89
515,2026-03-29 22:26:54.378,person-WARNING,WARNING,SAFE,False,True,27.23,36.73
516,2026-03-29 22:26:54.409,person-WARNING,WARNING,SAFE,False,True,29.61,33.77
517,2026-03-29 22:26:54.439,person-WARNING,WARNING,SAFE,False,True,29.49,33.91
518,2026-03-29 22:26:54.470,person-WARNING,WARNING,SAFE,False,True,29.89,33.46
519,2026-03-29 22:26:54.498,person-WARNING,WARNING,SAFE,False,True,26.61,37.58
520,2026-03-29 22:26:54.528,person-WARNING,WARNING,SAFE,False,True,28.9,34.6
521,2026-03-29 22:26:54.559,person-WARNING,WARNING,SAFE,False,True,29.54,33.85
522,2026-03-29 22:26:54.590,person-WARNING,WARNING,SAFE,False,True,29.82,33.53
523,2026-03-29 22:26:54.620,person-WARNING,WARNING,SAFE,False,True,29.39,34.02
524,2026-03-29 22:26:54.652,person-WARNING,WARNING,SAFE,False,True,30.06,33.27
525,2026-03-29 22:26:54.678,person-WARNING,WARNING,SAFE,False,True,25.53,39.17
526,2026-03-29 22:26:54.708,person-WARNING,WARNING,SAFE,False,True,28.06,35.64
527,2026-03-29 22:26:54.737,person-WARNING,WARNING,SAFE,False,True,28.33,35.29
528,2026-03-29 22:26:54.767,person-WARNING,WARNING,SAFE,False,True,28.38,35.24
529,2026-03-29 22:26:54.796,person-WARNING,WARNING,SAFE,False,True,28.2,35.46
530,2026-03-29 22:26:54.826,person-WARNING,WARNING,SAFE,False,True,28.99,34.49
531,2026-03-29 22:26:54.858,person-WARNING,WARNING,SAFE,False,True,30.2,33.12
532,2026-03-29 22:26:54.889,person-WARNING,WARNING,SAFE,False,True,30.5,32.79
533,2026-03-29 22:26:54.918,person-WARNING,WARNING,SAFE,False,True,27.35,36.57
534,2026-03-29 22:26:54.937,person-WARNING,WARNING,SAFE,False,True,17.53,57.03
535,2026-03-29 22:26:54.956,person-WARNING,WARNING,SAFE,False,True,18.29,54.68
536,2026-03-29 22:26:54.975,person-WARNING,WARNING,SAFE,False,True,18.53,53.96
537,2026-03-29 22:26:54.995,person-WARNING,WARNING,SAFE,False,True,18.55,53.91
538,2026-03-29 22:26:55.013,person-WARNING,WARNING,SAFE,False,True,16.92,59.11
539,2026-03-29 22:26:55.036,person-WARNING,WARNING,SAFE,False,True,22.28,44.89
540,2026-03-29 22:26:55.058,person-WARNING,WARNING,SAFE,False,True,20.36,49.11
541,2026-03-29 22:26:55.078,person-WARNING,WARNING,SAFE,False,True,19.26,51.92
542,2026-03-29 22:26:55.099,person-WARNING,WARNING,SAFE,False,True,19.73,50.69
543,2026-03-29 22:26:55.121,person-WARNING,WARNING,SAFE,False,True,20.72,48.26
544,2026-03-29 22:26:55.143,person-WARNING,WARNING,SAFE,False,True,20.5,48.77
545,2026-03-29 22:26:55.166,person-WARNING,WARNING,SAFE,False,True,22.18,45.09
546,2026-03-29 22:26:55.190,person-WARNING,WARNING,SAFE,False,True,23.05,43.38
547,2026-03-29 22:26:55.213,person-WARNING,WARNING,SAFE,False,True,21.79,45.89
548,2026-03-29 22:26:55.237,person-WARNING,WARNING,SAFE,False,True,23.19,43.12
549,2026-03-29 22:26:55.262,person-WARNING,WARNING,SAFE,False,True,24.0,41.66
550,2026-03-29 22:26:55.290,person-WARNING,WARNING,SAFE,False,True,26.87,37.21
551,2026-03-29 22:26:55.319,person-WARNING,WARNING,SAFE,False,True,27.3,36.62
552,2026-03-29 22:26:55.345,person-WARNING,WARNING,SAFE,False,True,25.1,39.83
553,2026-03-29 22:26:55.374,person-WARNING,WARNING,SAFE,False,True,27.27,36.67
554,2026-03-29 22:26:55.404,person-WARNING,WARNING,SAFE,False,True,28.84,34.67
555,2026-03-29 22:26:55.431,person-WARNING,WARNING,SAFE,False,True,25.94,38.54
556,2026-03-29 22:26:55.460,person-WARNING,WARNING,SAFE,False,True,28.51,35.08
557,2026-03-29 22:26:55.493,person-WARNING,WARNING,SAFE,False,True,31.49,31.75
558,2026-03-29 22:26:55.525,person-WARNING,WARNING,SAFE,False,True,31.07,32.18
559,2026-03-29 22:26:55.558,person-WARNING,WARNING,SAFE,False,True,32.12,31.13
560,2026-03-29 22:26:55.591,person-WARNING,WARNING,SAFE,False,True,31.75,31.5
561,2026-03-29 22:26:55.624,person-WARNING,WARNING,SAFE,False,True,32.35,30.91
562,2026-03-29 22:26:55.657,person-WARNING,WARNING,SAFE,False,True,31.6,31.65
563,2026-03-29 22:26:55.686,person-WARNING,WARNING,SAFE,False,True,27.62,36.21
564,2026-03-29 22:26:55.704,person-WARNING,WARNING,SAFE,False,True,17.09,58.51
565,2026-03-29 22:26:55.722,person-WARNING,WARNING,SAFE,False,True,17.11,58.44
566,2026-03-29 22:26:55.744,person-WARNING,WARNING,SAFE,False,True,21.44,46.64
567,2026-03-29 22:26:55.773,person-WARNING,WARNING,SAFE,False,True,27.18,36.8
568,2026-03-29 22:26:55.802,person-WARNING,WARNING,SAFE,False,True,27.68,36.13
569,2026-03-29 22:26:55.829,person-WARNING,WARNING,SAFE,False,True,25.47,39.26
570,2026-03-29 22:26:55.851,person-WARNING,WARNING,SAFE,False,True,20.89,47.87
571,2026-03-29 22:26:55.872,person-WARNING,WARNING,SAFE,False,True,20.01,49.97
572,2026-03-29 22:26:55.894,person-WARNING,WARNING,SAFE,False,True,21.04,47.53
573,2026-03-29 22:26:55.918,person-WARNING,WARNING,SAFE,False,True,22.33,44.79
574,2026-03-29 22:26:55.939,person-WARNING,WARNING,SAFE,False,True,20.7,48.3
575,2026-03-29 22:26:55.966,person-WARNING,WARNING,SAFE,False,True,25.57,39.11
576,2026-03-29 22:26:55.993,person-WARNING,WARNING,SAFE,False,True,26.01,38.44
577,2026-03-29 22:26:56.021,person-WARNING,WARNING,SAFE,False,True,26.07,38.36
578,2026-03-29 22:26:56.050,person-WARNING,WARNING,SAFE,False,True,27.36,36.55
579,2026-03-29 22:26:56.078,person-WARNING,WARNING,SAFE,False,True,27.45,36.42
580,2026-03-29 22:26:56.110,person-WARNING,WARNING,SAFE,False,True,31.33,31.92
581,2026-03-29 22:26:56.143,person-WARNING,WARNING,SAFE,False,True,31.53,31.72
582,2026-03-29 22:26:56.177,person-WARNING,WARNING,SAFE,False,True,33.51,29.84
583,2026-03-29 22:26:56.216,person-WARNING,WARNING,SAFE,False,True,38.01,26.31
584,2026-03-29 22:26:56.250,person-WARNING,WARNING,SAFE,False,True,32.58,30.69
585,2026-03-29 22:26:56.268,person-WARNING,WARNING,SAFE,False,True,16.81,59.49
586,2026-03-29 22:26:56.286,person-WARNING,WARNING,SAFE,False,True,17.15,58.3
587,2026-03-29 22:26:56.305,person-WARNING,WARNING,SAFE,False,True,18.55,53.92
588,2026-03-29 22:26:56.325,person-WARNING,WARNING,SAFE,False,True,18.5,54.07
589,2026-03-29 22:26:56.344,person-WARNING,WARNING,SAFE,False,True,18.26,54.75
590,2026-03-29 22:26:56.362,person-WARNING,WARNING,SAFE,False,True,16.92,59.11
591,2026-03-29 22:26:56.382,person-WARNING,WARNING,SAFE,False,True,18.3,54.65
592,2026-03-29 22:26:56.401,person-WARNING,WARNING,SAFE,False,True,18.2,54.93
593,2026-03-29 22:26:56.421,person-WARNING,WARNING,SAFE,False,True,19.06,52.45
594,2026-03-29 22:26:56.441,person-WARNING,WARNING,SAFE,False,True,19.38,51.59
595,2026-03-29 22:26:56.462,person-WARNING,WARNING,SAFE,False,True,19.37,51.62
596,2026-03-29 22:26:56.482,person-WARNING,WARNING,SAFE,False,True,19.09,52.39
597,2026-03-29 22:26:56.502,person-WARNING,WARNING,SAFE,False,True,19.78,50.54
598,2026-03-29 22:26:56.524,person-WARNING,WARNING,SAFE,False,True,20.33,49.19
599,2026-03-29 22:26:56.548,person-WARNING,WARNING,SAFE,False,True,23.62,42.33
600,2026-03-29 22:26:56.572,person-WARNING,WARNING,SAFE,False,True,22.42,44.61
601,2026-03-29 22:26:56.601,person-WARNING,WARNING,SAFE,False,True,28.3,35.33
602,2026-03-29 22:26:56.626,person-WARNING,WARNING,SAFE,False,True,23.56,42.44
603,2026-03-29 22:26:56.652,person-WARNING,WARNING,SAFE,False,True,25.31,39.51
604,2026-03-29 22:26:56.678,person-WARNING,WARNING,SAFE,False,True,24.76,40.39
605,2026-03-29 22:26:56.708,person-WARNING,WARNING,SAFE,False,True,29.99,33.34
606,2026-03-29 22:26:56.740,person-WARNING,WARNING,SAFE,False,True,30.02,33.31
607,2026-03-29 22:26:56.772,person-WARNING,WARNING,SAFE,False,True,31.73,31.52
608,2026-03-29 22:26:56.804,person-WARNING,WARNING,SAFE,False,True,30.62,32.66
609,2026-03-29 22:26:56.837,person-WARNING,WARNING,SAFE,False,True,31.5,31.74
610,2026-03-29 22:26:56.867,person-WARNING,WARNING,SAFE,False,True,29.39,34.02
611,2026-03-29 22:26:56.885,person-WARNING,WARNING,SAFE,False,True,16.68,59.96
612,2026-03-29 22:26:56.902,person-WARNING,WARNING,SAFE,False,True,16.95,59.0
613,2026-03-29 22:26:56.921,person-WARNING,WARNING,SAFE,False,True,17.71,56.45
614,2026-03-29 22:26:56.939,person-WARNING,WARNING,SAFE,False,True,17.2,58.15
615,2026-03-29 22:26:56.958,person-WARNING,WARNING,SAFE,False,True,17.4,57.47
616,2026-03-29 22:26:56.977,person-WARNING,WARNING,SAFE,False,True,18.25,54.78
617,2026-03-29 22:26:56.996,person-WARNING,WARNING,SAFE,False,True,18.22,54.89
618,2026-03-29 22:26:57.015,person-WARNING,WARNING,SAFE,False,True,17.94,55.73
619,2026-03-29 22:26:57.035,person-WARNING,WARNING,SAFE,False,True,18.97,52.71
620,2026-03-29 22:26:57.056,person-WARNING,WARNING,SAFE,False,True,19.63,50.95
621,2026-03-29 22:26:57.077,person-WARNING,WARNING,SAFE,False,True,19.96,50.09
622,2026-03-29 22:26:57.098,person-WARNING,WARNING,SAFE,False,True,20.26,49.36
623,2026-03-29 22:26:57.119,person-WARNING,WARNING,SAFE,False,True,20.09,49.78
624,2026-03-29 22:26:57.141,person-WARNING,WARNING,SAFE,False,True,20.54,48.69
625,2026-03-29 22:26:57.164,person-WARNING,WARNING,SAFE,False,True,22.02,45.4
626,2026-03-29 22:26:57.189,person-WARNING,WARNING,SAFE,False,True,24.35,41.07
627,2026-03-29 22:26:57.216,person-WARNING,WARNING,SAFE,False,True,25.63,39.02
628,2026-03-29 22:26:57.242,person-WARNING,WARNING,SAFE,False,True,25.16,39.75
629,2026-03-29 22:26:57.272,person-WARNING,WARNING,SAFE,False,True,28.85,34.66
630,2026-03-29 22:26:57.301,person-WARNING,WARNING,SAFE,False,True,28.32,35.31
631,2026-03-29 22:26:57.330,person-WARNING,WARNING,SAFE,False,True,27.64,36.18
632,2026-03-29 22:26:57.363,person-WARNING,WARNING,SAFE,False,True,31.57,31.67
633,2026-03-29 22:26:57.397,person-WARNING,WARNING,SAFE,False,True,33.12,30.2
634,2026-03-29 22:26:57.431,person-WARNING,WARNING,SAFE,False,True,33.26,30.07
635,2026-03-29 22:26:57.468,person-WARNING,WARNING,SAFE,False,True,35.55,28.13
636,2026-03-29 22:26:57.501,person-WARNING,WARNING,SAFE,False,True,32.73,30.56
637,2026-03-29 22:26:57.534,person-WARNING,WARNING,SAFE,False,True,31.4,31.84
638,2026-03-29 22:26:57.552,person-WARNING,WARNING,SAFE,False,True,17.07,58.59
639,2026-03-29 22:26:57.571,person-WARNING,WARNING,SAFE,False,True,17.76,56.3
640,2026-03-29 22:26:57.589,person-WARNING,WARNING,SAFE,False,True,17.63,56.73
641,2026-03-29 22:26:57.608,person-WARNING,WARNING,SAFE,False,True,17.9,55.85
642,2026-03-29 22:26:57.628,person-WARNING,WARNING,SAFE,False,True,18.65,53.62
643,2026-03-29 22:26:57.647,person-WARNING,WARNING,SAFE,False,True,18.31,54.6
644,2026-03-29 22:26:57.667,person-WARNING,WARNING,SAFE,False,True,18.82,53.13
645,2026-03-29 22:26:57.687,person-WARNING,WARNING,SAFE,False,True,18.91,52.87
646,2026-03-29 22:26:57.707,person-WARNING,WARNING,SAFE,False,True,19.1,52.35
647,2026-03-29 22:26:57.729,person-WARNING,WARNING,SAFE,False,True,20.46,48.87
648,2026-03-29 22:26:57.750,person-WARNING,WARNING,SAFE,False,True,19.9,50.26
649,2026-03-29 22:26:57.770,person-WARNING,WARNING,SAFE,False,True,19.6,51.03
650,2026-03-29 22:26:57.792,person-WARNING,WARNING,SAFE,False,True,20.82,48.03
651,2026-03-29 22:26:57.816,person-WARNING,WARNING,SAFE,False,True,22.26,44.93
652,2026-03-29 22:26:57.840,person-WARNING,WARNING,SAFE,False,True,23.06,43.36
653,2026-03-29 22:26:57.867,person-WARNING,WARNING,SAFE,False,True,25.57,39.1
654,2026-03-29 22:26:57.893,person-WARNING,WARNING,SAFE,False,True,25.39,39.38
655,2026-03-29 22:26:57.924,person-WARNING,WARNING,SAFE,False,True,29.23,34.21
656,2026-03-29 22:26:57.956,person-WARNING,WARNING,SAFE,False,True,31.73,31.52
657,2026-03-29 22:26:57.988,person-WARNING,WARNING,SAFE,False,True,30.21,33.1
658,2026-03-29 22:26:58.016,person-WARNING,WARNING,SAFE,False,True,27.04,36.98
659,2026-03-29 22:26:58.046,person-WARNING,WARNING,SAFE,False,True,28.02,35.68
660,2026-03-29 22:26:58.080,person-WARNING,WARNING,SAFE,False,True,32.97,30.33
661,2026-03-29 22:26:58.113,person-WARNING,WARNING,SAFE,False,True,31.77,31.48
662,2026-03-29 22:26:58.145,person-WARNING,WARNING,SAFE,False,True,31.55,31.7
663,2026-03-29 22:26:58.179,person-WARNING,WARNING,SAFE,False,True,32.73,30.55
664,2026-03-29 22:26:58.213,person-WARNING,WARNING,SAFE,False,True,32.13,31.12
665,2026-03-29 22:26:58.247,person-WARNING,WARNING,SAFE,False,True,32.83,30.46
666,2026-03-29 22:26:58.265,person-WARNING,WARNING,SAFE,False,True,17.51,57.11
667,2026-03-29 22:26:58.283,person-WARNING,WARNING,SAFE,False,True,17.31,57.77
668,2026-03-29 22:26:58.302,person-WARNING,WARNING,SAFE,False,True,18.13,55.15
669,2026-03-29 22:26:58.322,person-WARNING,WARNING,SAFE,False,True,18.28,54.71
670,2026-03-29 22:26:58.341,person-WARNING,WARNING,SAFE,False,True,18.39,54.37
671,2026-03-29 22:26:58.361,person-WARNING,WARNING,SAFE,False,True,19.3,51.82
672,2026-03-29 22:26:58.381,person-WARNING,WARNING,SAFE,False,True,18.79,53.23
673,2026-03-29 22:26:58.402,person-WARNING,WARNING,SAFE,False,True,19.46,51.38
674,2026-03-29 22:26:58.422,person-WARNING,WARNING,SAFE,False,True,19.13,52.26
675,2026-03-29 22:26:58.443,person-WARNING,WARNING,SAFE,False,True,20.44,48.92
676,2026-03-29 22:26:58.465,person-WARNING,WARNING,SAFE,False,True,20.49,48.8
677,2026-03-29 22:26:58.486,person-WARNING,WARNING,SAFE,False,True,19.57,51.1
678,2026-03-29 22:26:58.508,person-WARNING,WARNING,SAFE,False,True,20.83,48.01
679,2026-03-29 22:26:58.531,person-WARNING,WARNING,SAFE,False,True,22.92,43.64
680,2026-03-29 22:26:58.556,person-WARNING,WARNING,SAFE,False,True,23.28,42.96
681,2026-03-29 22:26:58.583,person-WARNING,WARNING,SAFE,False,True,25.96,38.52
682,2026-03-29 22:26:58.606,person-WARNING,WARNING,SAFE,False,True,21.83,45.8
683,2026-03-29 22:26:58.630,person-WARNING,WARNING,SAFE,False,True,22.89,43.69
684,2026-03-29 22:26:58.655,person-WARNING,WARNING,SAFE,False,True,23.86,41.92
685,2026-03-29 22:26:58.681,person-WARNING,WARNING,SAFE,False,True,25.12,39.8
686,2026-03-29 22:26:58.707,person-WARNING,WARNING,SAFE,False,True,25.19,39.7
687,2026-03-29 22:26:58.737,person-WARNING,WARNING,SAFE,False,True,28.66,34.9
688,2026-03-29 22:26:58.766,person-WARNING,WARNING,SAFE,False,True,28.12,35.56
689,2026-03-29 22:26:58.795,person-WARNING,WARNING,SAFE,False,True,27.6,36.24
690,2026-03-29 22:26:58.826,person-WARNING,WARNING,SAFE,False,True,30.35,32.95
691,2026-03-29 22:26:58.859,person-WARNING,WARNING,SAFE,False,True,31.52,31.72
692,2026-03-29 22:26:58.892,person-WARNING,WARNING,SAFE,False,True,31.79,31.46
693,2026-03-29 22:26:58.924,person-WARNING,WARNING,SAFE,False,True,30.8,32.46
694,2026-03-29 22:26:58.956,person-WARNING,WARNING,SAFE,False,True,30.91,32.35
695,2026-03-29 22:26:58.986,person-WARNING,WARNING,SAFE,False,True,28.63,34.93
696,2026-03-29 22:26:59.011,person-WARNING,WARNING,SAFE,False,True,24.24,41.26
697,2026-03-29 22:26:59.037,person-WARNING,WARNING,SAFE,False,True,24.73,40.44
698,2026-03-29 22:26:59.062,person-WARNING,WARNING,SAFE,False,True,23.38,42.77
699,2026-03-29 22:26:59.086,person-WARNING,WARNING,SAFE,False,True,23.66,42.26
700,2026-03-29 22:26:59.111,person-WARNING,WARNING,SAFE,False,True,23.55,42.46
701,2026-03-29 22:26:59.135,person-WARNING,WARNING,SAFE,False,True,22.83,43.79
702,2026-03-29 22:26:59.162,person-WARNING,WARNING,SAFE,False,True,26.02,38.43
703,2026-03-29 22:26:59.191,person-WARNING,WARNING,SAFE,False,True,28.4,35.21
704,2026-03-29 22:26:59.223,person-WARNING,WARNING,SAFE,False,True,30.05,33.27
705,2026-03-29 22:26:59.256,person-WARNING,WARNING,SAFE,False,True,32.07,31.18
706,2026-03-29 22:26:59.285,person-WARNING,WARNING,SAFE,False,True,27.95,35.78
707,2026-03-29 22:26:59.316,person-WARNING,WARNING,SAFE,False,True,29.64,33.73
708,2026-03-29 22:26:59.379,person-SAFE,SAFE,SAFE,False,True,62.0,16.13
709,2026-03-29 22:26:59.420,person-SAFE,SAFE,SAFE,False,True,34.36,29.1
710,2026-03-29 22:26:59.459,person-SAFE,SAFE,SAFE,False,True,36.01,27.77
711,2026-03-29 22:26:59.495,person-SAFE,SAFE,SAFE,False,True,34.92,28.64
712,2026-03-29 22:26:59.531,person-SAFE,SAFE,SAFE,False,True,35.2,28.41
713,2026-03-29 22:26:59.566,person-SAFE,SAFE,SAFE,False,True,33.03,30.27
714,2026-03-29 22:26:59.599,person-SAFE,SAFE,SAFE,False,True,32.9,30.4
715,2026-03-29 22:26:59.633,person-SAFE,SAFE,SAFE,False,True,32.68,30.6
716,2026-03-29 22:26:59.667,person-SAFE,SAFE,SAFE,False,True,32.36,30.9
717,2026-03-29 22:26:59.700,person-SAFE,SAFE,SAFE,False,True,32.45,30.81
718,2026-03-29 22:26:59.733,person-SAFE,SAFE,SAFE,False,True,32.15,31.1
719,2026-03-29 22:26:59.752,person-SAFE,SAFE,SAFE,False,True,17.33,57.69
720,2026-03-29 22:26:59.769,person-SAFE,SAFE,SAFE,False,True,16.98,58.89
721,2026-03-29 22:26:59.788,person-SAFE,SAFE,SAFE,False,True,17.53,57.05
722,2026-03-29 22:26:59.807,person-SAFE,SAFE,SAFE,False,True,18.4,54.35
723,2026-03-29 22:26:59.828,person-SAFE,SAFE,SAFE,False,True,19.56,51.11
724,2026-03-29 22:26:59.848,person-SAFE,SAFE,SAFE,False,True,19.05,52.5
725,2026-03-29 22:26:59.867,person-SAFE,SAFE,SAFE,False,True,18.23,54.86
726,2026-03-29 22:26:59.887,person-SAFE,SAFE,SAFE,False,True,19.12,52.31
727,2026-03-29 22:26:59.909,person-SAFE,SAFE,SAFE,False,True,19.87,50.31
728,2026-03-29 22:26:59.930,person-SAFE,SAFE,SAFE,False,True,19.93,50.17
729,2026-03-29 22:26:59.951,person-SAFE,SAFE,SAFE,False,True,19.92,50.21
730,2026-03-29 22:26:59.972,person-SAFE,SAFE,SAFE,False,True,20.43,48.94
731,2026-03-29 22:26:59.996,person-SAFE,SAFE,SAFE,False,True,22.87,43.73
732,2026-03-29 22:27:00.020,person-SAFE,SAFE,SAFE,False,True,22.95,43.57
733,2026-03-29 22:27:00.044,person-SAFE,SAFE,SAFE,False,True,22.73,43.99
734,2026-03-29 22:27:00.071,person-SAFE,SAFE,SAFE,False,True,25.21,39.67
735,2026-03-29 22:27:00.098,person-SAFE,SAFE,SAFE,False,True,26.04,38.4
736,2026-03-29 22:27:00.129,person-SAFE,SAFE,SAFE,False,True,30.15,33.17
737,2026-03-29 22:27:00.162,person-SAFE,SAFE,SAFE,False,True,30.96,32.3
738,2026-03-29 22:27:00.195,person-SAFE,SAFE,SAFE,False,True,31.89,31.36
739,2026-03-29 22:27:00.228,person-SAFE,SAFE,SAFE,False,True,32.42,30.85
740,2026-03-29 22:27:00.262,person-SAFE,SAFE,SAFE,False,True,32.86,30.43
741,2026-03-29 22:27:00.296,person-SAFE,SAFE,SAFE,False,True,32.58,30.7
742,2026-03-29 22:27:00.330,person-SAFE,SAFE,SAFE,False,True,32.59,30.69
743,2026-03-29 22:27:00.405,person-SAFE,SAFE,SAFE,False,True,73.76,13.56
744,2026-03-29 22:27:00.450,person-SAFE,SAFE,SAFE,False,True,40.47,24.71
745,2026-03-29 22:27:00.498,person-SAFE,SAFE,SAFE,False,True,46.78,21.38
746,2026-03-29 22:27:00.541,person-SAFE,SAFE,SAFE,False,True,40.43,24.73
747,2026-03-29 22:27:00.578,person-SAFE,SAFE,SAFE,False,True,36.71,27.24
748,2026-03-29 22:27:00.615,person-SAFE,SAFE,SAFE,False,True,35.21,28.4
749,2026-03-29 22:27:00.648,person-SAFE,SAFE,SAFE,False,True,32.44,30.83
750,2026-03-29 22:27:00.682,person-SAFE,SAFE,SAFE,False,True,32.13,31.12
751,2026-03-29 22:27:00.714,person-SAFE,SAFE,SAFE,False,True,30.92,32.34
752,2026-03-29 22:27:00.748,person-SAFE,SAFE,SAFE,False,True,32.87,30.42
753,2026-03-29 22:27:00.766,person-SAFE,SAFE,SAFE,False,True,17.19,58.16
754,2026-03-29 22:27:00.784,person-SAFE,SAFE,SAFE,False,True,17.19,58.18
755,2026-03-29 22:27:00.803,person-SAFE,SAFE,SAFE,False,True,17.5,57.15
756,2026-03-29 22:27:00.821,person-SAFE,SAFE,SAFE,False,True,17.76,56.31
757,2026-03-29 22:27:00.840,person-SAFE,SAFE,SAFE,False,True,18.08,55.3
758,2026-03-29 22:27:00.860,person-SAFE,SAFE,SAFE,False,True,18.73,53.38
759,2026-03-29 22:27:00.879,person-SAFE,SAFE,SAFE,False,True,18.4,54.36
760,2026-03-29 22:27:00.898,person-SAFE,SAFE,SAFE,False,True,18.06,55.37
761,2026-03-29 22:27:00.919,person-SAFE,SAFE,SAFE,False,True,19.4,51.54
762,2026-03-29 22:27:00.939,person-SAFE,SAFE,SAFE,False,True,19.16,52.18
763,2026-03-29 22:27:00.959,person-SAFE,SAFE,SAFE,False,True,19.47,51.37
764,2026-03-29 22:27:00.980,person-SAFE,SAFE,SAFE,False,True,19.78,50.55
765,2026-03-29 22:27:01.000,person-SAFE,SAFE,SAFE,False,True,19.29,51.83
766,2026-03-29 22:27:01.023,person-SAFE,SAFE,SAFE,False,True,21.21,47.15
767,2026-03-29 22:27:01.046,person-SAFE,SAFE,SAFE,False,True,22.09,45.28
768,2026-03-29 22:27:01.069,person-SAFE,SAFE,SAFE,False,True,22.46,44.52
769,2026-03-29 22:27:01.096,person-SAFE,SAFE,SAFE,False,True,26.15,38.24
770,2026-03-29 22:27:01.125,person-SAFE,SAFE,SAFE,False,True,27.94,35.79
771,2026-03-29 22:27:01.156,person-SAFE,SAFE,SAFE,False,True,29.76,33.6
772,2026-03-29 22:27:01.185,person-SAFE,SAFE,SAFE,False,True,27.31,36.62
773,2026-03-29 22:27:01.202,person-SAFE,SAFE,SAFE,False,True,16.92,59.11
774,2026-03-29 22:27:01.221,person-SAFE,SAFE,SAFE,False,True,17.36,57.58
775,2026-03-29 22:27:01.239,person-SAFE,SAFE,SAFE,False,True,17.44,57.35
776,2026-03-29 22:27:01.258,person-SAFE,SAFE,SAFE,False,True,17.73,56.4
777,2026-03-29 22:27:01.276,person-SAFE,SAFE,SAFE,False,True,17.61,56.79
778,2026-03-29 22:27:01.296,person-SAFE,SAFE,SAFE,False,True,18.47,54.13
779,2026-03-29 22:27:01.314,person-SAFE,SAFE,SAFE,False,True,17.54,57.0
780,2026-03-29 22:27:01.333,person-SAFE,SAFE,SAFE,False,True,17.7,56.49
781,2026-03-29 22:27:01.355,person-SAFE,SAFE,SAFE,False,True,21.13,47.32
782,2026-03-29 22:27:01.377,person-SAFE,SAFE,SAFE,False,True,21.08,47.44
783,2026-03-29 22:27:01.398,person-SAFE,SAFE,SAFE,False,True,20.35,49.15
784,2026-03-29 22:27:01.421,person-SAFE,SAFE,SAFE,False,True,21.87,45.72
785,2026-03-29 22:27:01.445,person-SAFE,SAFE,SAFE,False,True,23.35,42.82
786,2026-03-29 22:27:01.511,person-SAFE,SAFE,SAFE,False,True,64.63,15.47
787,2026-03-29 22:27:01.550,person-SAFE,SAFE,SAFE,False,True,33.39,29.95
788,2026-03-29 22:27:01.584,person-SAFE,SAFE,SAFE,False,True,30.94,32.32
789,2026-03-29 22:27:01.617,person-SAFE,SAFE,SAFE,False,True,31.74,31.5
790,2026-03-29 22:27:01.649,person-SAFE,SAFE,SAFE,False,True,31.55,31.7
791,2026-03-29 22:27:01.685,person-SAFE,SAFE,SAFE,False,True,34.58,28.92
792,2026-03-29 22:27:01.720,person-SAFE,SAFE,SAFE,False,True,33.92,29.48
793,2026-03-29 22:27:01.750,person-SAFE,SAFE,SAFE,False,True,29.18,34.28
794,2026-03-29 22:27:01.768,person-SAFE,SAFE,SAFE,False,True,17.11,58.44
795,2026-03-29 22:27:01.787,person-SAFE,SAFE,SAFE,False,True,17.71,56.45
796,2026-03-29 22:27:01.806,person-SAFE,SAFE,SAFE,False,True,17.36,57.59
797,2026-03-29 22:27:01.825,person-SAFE,SAFE,SAFE,False,True,17.92,55.79
798,2026-03-29 22:27:01.843,person-SAFE,SAFE,SAFE,False,True,18.03,55.48
799,2026-03-29 22:27:01.862,person-SAFE,SAFE,SAFE,False,True,17.3,57.82
800,2026-03-29 22:27:01.882,person-SAFE,SAFE,SAFE,False,True,19.25,51.94
801,2026-03-29 22:27:01.901,person-SAFE,SAFE,SAFE,False,True,17.9,55.87
802,2026-03-29 22:27:01.921,person-SAFE,SAFE,SAFE,False,True,19.12,52.3
803,2026-03-29 22:27:01.941,person-SAFE,SAFE,SAFE,False,True,19.03,52.55
804,2026-03-29 22:27:01.962,person-SAFE,SAFE,SAFE,False,True,19.35,51.67
805,2026-03-29 22:27:01.982,person-SAFE,SAFE,SAFE,False,True,19.12,52.29
806,2026-03-29 22:27:02.003,person-SAFE,SAFE,SAFE,False,True,19.93,50.16
807,2026-03-29 22:27:02.026,person-SAFE,SAFE,SAFE,False,True,22.78,43.89
808,2026-03-29 22:27:02.049,person-SAFE,SAFE,SAFE,False,True,21.56,46.39
809,2026-03-29 22:27:02.073,person-SAFE,SAFE,SAFE,False,True,23.47,42.61
810,2026-03-29 22:27:02.100,person-SAFE,SAFE,SAFE,False,True,25.3,39.53
811,2026-03-29 22:27:02.125,person-SAFE,SAFE,SAFE,False,True,24.79,40.33
812,2026-03-29 22:27:02.153,person-SAFE,SAFE,SAFE,False,True,27.0,37.04
813,2026-03-29 22:27:02.181,person-SAFE,SAFE,SAFE,False,True,26.85,37.24
814,2026-03-29 22:27:02.215,person-SAFE,SAFE,SAFE,False,True,32.5,30.77
815,2026-03-29 22:27:02.247,person-SAFE,SAFE,SAFE,False,True,31.36,31.89
816,2026-03-29 22:27:02.280,person-WARNING,WARNING,SAFE,False,True,32.12,31.13
817,2026-03-29 22:27:02.313,person-WARNING,WARNING,SAFE,False,True,31.44,31.8
818,2026-03-29 22:27:02.352,person-WARNING,WARNING,SAFE,False,True,38.05,26.28
819,2026-03-29 22:27:02.387,person-WARNING,WARNING,SAFE,False,True,33.39,29.95
820,2026-03-29 22:27:02.409,person-WARNING,WARNING,SAFE,False,True,20.48,48.83
821,2026-03-29 22:27:02.430,person-WARNING,WARNING,SAFE,False,True,20.46,48.88
822,2026-03-29 22:27:02.459,person-WARNING,WARNING,SAFE,False,True,27.33,36.59
823,2026-03-29 22:27:02.513,person-WARNING,WARNING,SAFE,False,True,49.6,20.16
824,2026-03-29 22:27:02.542,person-WARNING,WARNING,SAFE,False,True,25.4,39.36
825,2026-03-29 22:27:02.572,person-WARNING,WARNING,SAFE,False,True,24.19,41.34
826,2026-03-29 22:27:02.595,person-WARNING,WARNING,SAFE,False,True,22.55,44.34
827,2026-03-29 22:27:02.617,person-WARNING,WARNING,SAFE,False,True,20.54,48.69
828,2026-03-29 22:27:02.640,person-WARNING,WARNING,SAFE,False,True,22.11,45.22
829,2026-03-29 22:27:02.664,person-WARNING,WARNING,SAFE,False,True,23.64,42.29
830,2026-03-29 22:27:02.715,person-WARNING,WARNING,SAFE,False,True,49.4,20.24
831,2026-03-29 22:27:02.753,person-WARNING,WARNING,SAFE,False,True,33.51,29.84
832,2026-03-29 22:27:02.787,person-WARNING,WARNING,SAFE,False,True,28.59,34.98
833,2026-03-29 22:27:02.805,person-WARNING,WARNING,SAFE,False,True,17.51,57.1
834,2026-03-29 22:27:02.822,person-WARNING,WARNING,SAFE,False,True,16.57,60.35
835,2026-03-29 22:27:02.840,person-WARNING,WARNING,SAFE,False,True,17.03,58.72
836,2026-03-29 22:27:02.858,person-WARNING,WARNING,SAFE,False,True,16.92,59.08
837,2026-03-29 22:27:02.876,person-WARNING,WARNING,SAFE,False,True,17.28,57.88
838,2026-03-29 22:27:02.896,person-WARNING,WARNING,SAFE,False,True,18.4,54.36
839,2026-03-29 22:27:02.914,person-WARNING,WARNING,SAFE,False,True,17.53,57.04
840,2026-03-29 22:27:02.931,person-WARNING,WARNING,SAFE,False,True,16.62,60.18
841,2026-03-29 22:27:02.951,person-WARNING,WARNING,SAFE,False,True,18.61,53.74
842,2026-03-29 22:27:02.971,person-WARNING,WARNING,SAFE,False,True,19.4,51.54
843,2026-03-29 22:27:02.991,person-WARNING,WARNING,SAFE,False,True,18.97,52.71
844,2026-03-29 22:27:03.012,person-WARNING,WARNING,SAFE,False,True,19.46,51.4
845,2026-03-29 22:27:03.032,person-WARNING,WARNING,SAFE,False,True,19.3,51.82
846,2026-03-29 22:27:03.052,person-WARNING,WARNING,SAFE,False,True,19.27,51.9
847,2026-03-29 22:27:03.074,person-WARNING,WARNING,SAFE,False,True,20.84,47.99
848,2026-03-29 22:27:03.096,person-WARNING,WARNING,SAFE,False,True,21.64,46.21
849,2026-03-29 22:27:03.120,person-WARNING,WARNING,SAFE,False,True,22.22,45.01
850,2026-03-29 22:27:03.144,person-WARNING,WARNING,SAFE,False,True,23.53,42.49
851,2026-03-29 22:27:03.172,person-WARNING,WARNING,SAFE,False,True,26.6,37.6
852,2026-03-29 22:27:03.199,person-WARNING,WARNING,SAFE,False,True,26.63,37.56
853,2026-03-29 22:27:03.227,person-WARNING,WARNING,SAFE,False,True,26.65,37.53
854,2026-03-29 22:27:03.256,person-WARNING,WARNING,SAFE,False,True,27.78,36.0
855,2026-03-29 22:27:03.285,person-WARNING,WARNING,SAFE,False,True,28.24,35.41
856,2026-03-29 22:27:03.313,person-WARNING,WARNING,SAFE,False,True,26.67,37.49
857,2026-03-29 22:27:03.343,person-WARNING,WARNING,SAFE,False,True,28.88,34.62
858,2026-03-29 22:27:03.373,person-WARNING,WARNING,SAFE,False,True,29.0,34.49
859,2026-03-29 22:27:03.405,person-WARNING,WARNING,SAFE,False,True,30.95,32.31
860,2026-03-29 22:27:03.431,person-WARNING,WARNING,SAFE,False,True,25.49,39.22
861,2026-03-29 22:27:03.459,person-WARNING,WARNING,SAFE,False,True,26.67,37.49
862,2026-03-29 22:27:03.487,person-WARNING,WARNING,SAFE,False,True,27.57,36.27
863,2026-03-29 22:27:03.515,person-WARNING,WARNING,SAFE,False,True,26.38,37.9
864,2026-03-29 22:27:03.549,person-WARNING,WARNING,SAFE,False,True,32.7,30.58
865,2026-03-29 22:27:03.581,person-WARNING,WARNING,SAFE,False,True,31.56,31.68
866,2026-03-29 22:27:03.613,person-WARNING,WARNING,SAFE,False,True,30.36,32.94
867,2026-03-29 22:27:03.646,person-WARNING,WARNING,SAFE,False,True,31.84,31.41
868,2026-03-29 22:27:03.678,person-WARNING,WARNING,SAFE,False,True,31.33,31.92
869,2026-03-29 22:27:03.711,person-WARNING,WARNING,SAFE,False,True,31.03,32.23
870,2026-03-29 22:27:03.743,person-WARNING,WARNING,SAFE,False,True,31.72,31.53
871,2026-03-29 22:27:03.776,person-WARNING,WARNING,SAFE,False,True,32.01,31.24
872,2026-03-29 22:27:03.809,person-WARNING,WARNING,SAFE,False,True,31.59,31.65
873,2026-03-29 22:27:03.842,person-WARNING,WARNING,SAFE,False,True,32.18,31.08
874,2026-03-29 22:27:03.875,person-WARNING,WARNING,SAFE,False,True,31.56,31.69
875,2026-03-29 22:27:03.907,person-WARNING,WARNING,SAFE,False,True,30.97,32.29
876,2026-03-29 22:27:03.939,person-WARNING,WARNING,SAFE,False,True,30.95,32.31
877,2026-03-29 22:27:03.970,person-WARNING,WARNING,SAFE,False,True,29.73,33.64
878,2026-03-29 22:27:03.997,person-WARNING,WARNING,SAFE,False,True,26.42,37.84
879,2026-03-29 22:27:04.026,person-WARNING,WARNING,SAFE,False,True,27.24,36.7
880,2026-03-29 22:27:04.056,person-WARNING,WARNING,SAFE,False,True,29.77,33.59
881,2026-03-29 22:27:04.083,person-WARNING,WARNING,SAFE,False,True,25.79,38.77
882,2026-03-29 22:27:04.112,person-WARNING,WARNING,SAFE,False,True,27.81,35.95
883,2026-03-29 22:27:04.144,person-WARNING,WARNING,SAFE,False,True,29.56,33.82
884,2026-03-29 22:27:04.173,person-WARNING,WARNING,SAFE,False,True,27.86,35.9
885,2026-03-29 22:27:04.201,person-WARNING,WARNING,SAFE,False,True,26.95,37.1
886,2026-03-29 22:27:04.229,person-SAFE,SAFE,SAFE,False,True,26.52,37.71
887,2026-03-29 22:27:04.261,person-SAFE,SAFE,SAFE,False,True,31.53,31.72
888,2026-03-29 22:27:04.295,person-SAFE,SAFE,SAFE,False,True,32.79,30.5
889,2026-03-29 22:27:04.330,person-SAFE,SAFE,SAFE,False,True,33.9,29.5
890,2026-03-29 22:27:04.362,person-SAFE,SAFE,SAFE,False,True,30.67,32.6
891,2026-03-29 22:27:04.395,person-SAFE,SAFE,SAFE,False,True,32.07,31.18
892,2026-03-29 22:27:04.435,person-SAFE,SAFE,SAFE,False,True,38.65,25.87
893,2026-03-29 22:27:04.467,person-SAFE,SAFE,SAFE,False,True,30.65,32.63
894,2026-03-29 22:27:04.486,person-SAFE,SAFE,SAFE,False,True,17.54,57.0
895,2026-03-29 22:27:04.504,person-SAFE,SAFE,SAFE,False,True,17.3,57.8
896,2026-03-29 22:27:04.522,person-SAFE,SAFE,SAFE,False,True,17.38,57.53
897,2026-03-29 22:27:04.541,person-SAFE,SAFE,SAFE,False,True,17.58,56.87
898,2026-03-29 22:27:04.561,person-SAFE,SAFE,SAFE,False,True,19.56,51.11
899,2026-03-29 22:27:04.580,person-SAFE,SAFE,SAFE,False,True,17.45,57.3
900,2026-03-29 22:27:04.599,person-SAFE,SAFE,SAFE,False,True,18.06,55.36
901,2026-03-29 22:27:04.618,person-SAFE,SAFE,SAFE,False,True,18.05,55.38
902,2026-03-29 22:27:04.638,person-SAFE,SAFE,SAFE,False,True,19.37,51.62
903,2026-03-29 22:27:04.660,person-SAFE,SAFE,SAFE,False,True,20.0,50.0
904,2026-03-29 22:27:04.682,person-SAFE,SAFE,SAFE,False,True,20.77,48.15
905,2026-03-29 22:27:04.703,person-SAFE,SAFE,SAFE,False,True,20.25,49.39
906,2026-03-29 22:27:04.726,person-SAFE,SAFE,SAFE,False,True,21.62,46.26
907,2026-03-29 22:27:04.749,person-SAFE,SAFE,SAFE,False,True,22.06,45.33
908,2026-03-29 22:27:04.772,person-SAFE,SAFE,SAFE,False,True,22.8,43.85
909,2026-03-29 22:27:04.799,person-SAFE,SAFE,SAFE,False,True,25.95,38.54
910,2026-03-29 22:27:04.826,person-SAFE,SAFE,SAFE,False,True,25.47,39.26
911,2026-03-29 22:27:04.856,person-SAFE,SAFE,SAFE,False,True,28.52,35.06
912,2026-03-29 22:27:04.885,person-SAFE,SAFE,SAFE,False,True,28.76,34.77
913,2026-03-29 22:27:04.912,person-SAFE,SAFE,SAFE,False,True,25.77,38.8
914,2026-03-29 22:27:04.944,person-SAFE,SAFE,SAFE,False,True,30.28,33.02
915,2026-03-29 22:27:04.977,person-SAFE,SAFE,SAFE,False,True,32.16,31.1
916,2026-03-29 22:27:05.010,person-SAFE,SAFE,SAFE,False,True,32.05,31.2
917,2026-03-29 22:27:05.036,person-SAFE,SAFE,SAFE,False,True,25.41,39.35
918,2026-03-29 22:27:05.054,person-SAFE,SAFE,SAFE,False,True,17.0,58.83
919,2026-03-29 22:27:05.072,person-SAFE,SAFE,SAFE,False,True,17.29,57.85
920,2026-03-29 22:27:05.091,person-SAFE,SAFE,SAFE,False,True,17.28,57.85
921,2026-03-29 22:27:05.109,person-SAFE,SAFE,SAFE,False,True,17.68,56.57
922,2026-03-29 22:27:05.129,person-SAFE,SAFE,SAFE,False,True,18.65,53.6
923,2026-03-29 22:27:05.148,person-SAFE,SAFE,SAFE,False,True,18.0,55.56
924,2026-03-29 22:27:05.167,person-SAFE,SAFE,SAFE,False,True,17.96,55.67
925,2026-03-29 22:27:05.187,person-SAFE,SAFE,SAFE,False,True,18.57,53.85
926,2026-03-29 22:27:05.207,person-SAFE,SAFE,SAFE,False,True,19.62,50.96
927,2026-03-29 22:27:05.228,person-SAFE,SAFE,SAFE,False,True,20.27,49.32
928,2026-03-29 22:27:05.250,person-SAFE,SAFE,SAFE,False,True,20.15,49.64
929,2026-03-29 22:27:05.271,person-SAFE,SAFE,SAFE,False,True,19.84,50.41
930,2026-03-29 22:27:05.293,person-SAFE,SAFE,SAFE,False,True,20.54,48.68
931,2026-03-29 22:27:05.317,person-SAFE,SAFE,SAFE,False,True,23.19,43.13
932,2026-03-29 22:27:05.342,person-SAFE,SAFE,SAFE,False,True,23.81,42.0
933,2026-03-29 22:27:05.367,person-SAFE,SAFE,SAFE,False,True,24.31,41.14
934,2026-03-29 22:27:05.392,person-SAFE,SAFE,SAFE,False,True,23.95,41.75
935,2026-03-29 22:27:05.420,person-SAFE,SAFE,SAFE,False,True,27.1,36.9
936,2026-03-29 22:27:05.449,person-SAFE,SAFE,SAFE,False,True,27.2,36.76
937,2026-03-29 22:27:05.478,person-SAFE,SAFE,SAFE,False,True,28.78,34.74
938,2026-03-29 22:27:05.511,person-SAFE,SAFE,SAFE,False,True,31.44,31.81
939,2026-03-29 22:27:05.547,person-SAFE,SAFE,SAFE,False,True,34.94,28.62
940,2026-03-29 22:27:05.581,person-SAFE,SAFE,SAFE,False,True,32.29,30.97
941,2026-03-29 22:27:05.613,person-SAFE,SAFE,SAFE,False,True,31.57,31.68
942,2026-03-29 22:27:05.646,person-SAFE,SAFE,SAFE,False,True,31.91,31.34
943,2026-03-29 22:27:05.680,person-SAFE,SAFE,SAFE,False,True,32.4,30.86
944,2026-03-29 22:27:05.714,person-SAFE,SAFE,SAFE,False,True,33.42,29.92
945,2026-03-29 22:27:05.732,person-SAFE,SAFE,SAFE,False,True,17.12,58.39
946,2026-03-29 22:27:05.750,person-SAFE,SAFE,SAFE,False,True,16.7,59.89
947,2026-03-29 22:27:05.769,person-SAFE,SAFE,SAFE,False,True,17.83,56.07
948,2026-03-29 22:27:05.788,person-SAFE,SAFE,SAFE,False,True,17.99,55.59
949,2026-03-29 22:27:05.808,person-SAFE,SAFE,SAFE,False,True,18.85,53.04
950,2026-03-29 22:27:05.827,person-SAFE,SAFE,SAFE,False,True,18.86,53.03
951,2026-03-29 22:27:05.846,person-SAFE,SAFE,SAFE,False,True,18.19,54.97
952,2026-03-29 22:27:05.865,person-SAFE,SAFE,SAFE,False,True,17.69,56.52
953,2026-03-29 22:27:05.886,person-SAFE,SAFE,SAFE,False,True,19.9,50.25
954,2026-03-29 22:27:05.908,person-SAFE,SAFE,SAFE,False,True,20.12,49.71
955,2026-03-29 22:27:05.929,person-SAFE,SAFE,SAFE,False,True,20.29,49.28
956,2026-03-29 22:27:05.951,person-SAFE,SAFE,SAFE,False,True,20.5,48.79
957,2026-03-29 22:27:05.972,person-SAFE,SAFE,SAFE,False,True,19.98,50.05
958,2026-03-29 22:27:05.994,person-SAFE,SAFE,SAFE,False,True,20.83,48.01
959,2026-03-29 22:27:06.018,person-SAFE,SAFE,SAFE,False,True,22.77,43.91
960,2026-03-29 22:27:06.042,person-SAFE,SAFE,SAFE,False,True,23.13,43.24
961,2026-03-29 22:27:06.069,person-SAFE,SAFE,SAFE,False,True,26.52,37.71
962,2026-03-29 22:27:06.096,person-SAFE,SAFE,SAFE,False,True,25.52,39.18
963,2026-03-29 22:27:06.130,person-SAFE,SAFE,SAFE,False,True,32.6,30.67
964,2026-03-29 22:27:06.167,person-SAFE,SAFE,SAFE,False,True,35.87,27.88
965,2026-03-29 22:27:06.200,person-SAFE,SAFE,SAFE,False,True,32.38,30.89
966,2026-03-29 22:27:06.238,person-SAFE,SAFE,SAFE,False,True,37.24,26.86
967,2026-03-29 22:27:06.275,person-SAFE,SAFE,SAFE,False,True,35.88,27.87
968,2026-03-29 22:27:06.312,person-SAFE,SAFE,SAFE,False,True,35.44,28.22
969,2026-03-29 22:27:06.345,person-SAFE,SAFE,SAFE,False,True,32.53,30.74
970,2026-03-29 22:27:06.379,person-SAFE,SAFE,SAFE,False,True,32.41,30.85
971,2026-03-29 22:27:06.413,person-SAFE,SAFE,SAFE,False,True,32.78,30.5
972,2026-03-29 22:27:06.450,person-WARNING,WARNING,SAFE,False,True,36.6,27.32
973,2026-03-29 22:27:06.487,person-WARNING,WARNING,SAFE,False,True,35.14,28.46
974,2026-03-29 22:27:06.520,person-WARNING,WARNING,SAFE,False,True,32.66,30.62
975,2026-03-29 22:27:06.539,person-WARNING,WARNING,SAFE,False,True,17.6,56.81
976,2026-03-29 22:27:06.558,person-WARNING,WARNING,SAFE,False,True,17.84,56.04
977,2026-03-29 22:27:06.576,person-WARNING,WARNING,SAFE,False,True,17.94,55.75
978,2026-03-29 22:27:06.595,person-WARNING,WARNING,SAFE,False,True,17.72,56.44
979,2026-03-29 22:27:06.613,person-WARNING,WARNING,SAFE,False,True,16.94,59.02
980,2026-03-29 22:27:06.633,person-WARNING,WARNING,SAFE,False,True,18.52,53.98
981,2026-03-29 22:27:06.652,person-WARNING,WARNING,SAFE,False,True,18.25,54.8
982,2026-03-29 22:27:06.675,person-WARNING,WARNING,SAFE,False,True,22.43,44.59
983,2026-03-29 22:27:06.695,person-WARNING,WARNING,SAFE,False,True,19.05,52.51
984,2026-03-29 22:27:06.715,person-WARNING,WARNING,SAFE,False,True,18.93,52.82
985,2026-03-29 22:27:06.735,person-WARNING,WARNING,SAFE,False,True,19.03,52.54
986,2026-03-29 22:27:06.756,person-WARNING,WARNING,SAFE,False,True,20.22,49.46
987,2026-03-29 22:27:06.778,person-WARNING,WARNING,SAFE,False,True,20.93,47.77
988,2026-03-29 22:27:06.801,person-WARNING,WARNING,SAFE,False,True,21.14,47.31
989,2026-03-29 22:27:06.824,person-WARNING,WARNING,SAFE,False,True,22.15,45.15
990,2026-03-29 22:27:06.849,person-WARNING,WARNING,SAFE,False,True,24.59,40.66
991,2026-03-29 22:27:06.874,person-WARNING,WARNING,SAFE,False,True,23.74,42.12
992,2026-03-29 22:27:06.903,person-WARNING,WARNING,SAFE,False,True,27.38,36.52
993,2026-03-29 22:27:06.928,person-WARNING,WARNING,SAFE,False,True,23.7,42.19
994,2026-03-29 22:27:06.955,person-WARNING,WARNING,SAFE,False,True,26.35,37.95
995,2026-03-29 22:27:06.985,person-WARNING,WARNING,SAFE,False,True,28.75,34.78
996,2026-03-29 22:27:07.008,person-WARNING,WARNING,SAFE,False,True,22.62,44.2
997,2026-03-29 22:27:07.033,person-WARNING,WARNING,SAFE,False,True,23.87,41.89
998,2026-03-29 22:27:07.058,person-WARNING,WARNING,SAFE,False,True,23.76,42.09
999,2026-03-29 22:27:07.085,person-WARNING,WARNING,SAFE,False,True,25.47,39.26
1000,2026-03-29 22:27:07.109,person-WARNING,WARNING,SAFE,False,True,23.56,42.44
1001,2026-03-29 22:27:07.136,person-WARNING,WARNING,SAFE,False,True,26.13,38.27
1002,2026-03-29 22:27:07.162,person-WARNING,WARNING,SAFE,False,True,24.36,41.05
1003,2026-03-29 22:27:07.190,person-WARNING,WARNING,SAFE,False,True,26.93,37.13
1004,2026-03-29 22:27:07.218,person-WARNING,WARNING,SAFE,False,True,26.83,37.27
1005,2026-03-29 22:27:07.245,person-WARNING,WARNING,SAFE,False,True,26.02,38.42
1006,2026-03-29 22:27:07.274,person-WARNING,WARNING,SAFE,False,True,27.63,36.2
1007,2026-03-29 22:27:07.305,person-WARNING,WARNING,SAFE,False,True,30.35,32.95
1008,2026-03-29 22:27:07.334,person-WARNING,WARNING,SAFE,False,True,28.03,35.67
1009,2026-03-29 22:27:07.366,person-WARNING,WARNING,SAFE,False,True,30.13,33.19
1010,2026-03-29 22:27:07.395,person-WARNING,WARNING,SAFE,False,True,28.72,34.82
1011,2026-03-29 22:27:07.428,person-WARNING,WARNING,SAFE,False,True,31.71,31.53
1012,2026-03-29 22:27:07.460,person-WARNING,WARNING,SAFE,False,True,31.14,32.11
1013,2026-03-29 22:27:07.494,person-WARNING,WARNING,SAFE,False,True,32.52,30.75
1014,2026-03-29 22:27:07.527,person-WARNING,WARNING,SAFE,False,True,32.49,30.78
1015,2026-03-29 22:27:07.560,person-WARNING,WARNING,SAFE,False,True,31.62,31.63
1016,2026-03-29 22:27:07.593,person-WARNING,WARNING,SAFE,False,True,31.55,31.69
1017,2026-03-29 22:27:07.626,person-WARNING,WARNING,SAFE,False,True,32.03,31.22
1018,2026-03-29 22:27:07.658,person-WARNING,WARNING,SAFE,False,True,30.92,32.34
1019,2026-03-29 22:27:07.690,person-WARNING,WARNING,SAFE,False,True,31.32,31.92
1020,2026-03-29 22:27:07.723,person-WARNING,WARNING,SAFE,False,True,31.5,31.75
1021,2026-03-29 22:27:07.749,person-WARNING,WARNING,SAFE,False,True,25.36,39.44
1022,2026-03-29 22:27:07.774,person-WARNING,WARNING,SAFE,False,True,24.47,40.87
1023,2026-03-29 22:27:07.803,person-WARNING,WARNING,SAFE,False,True,27.18,36.79
1024,2026-03-29 22:27:07.827,person-WARNING,WARNING,SAFE,False,True,23.59,42.39
1025,2026-03-29 22:27:07.854,person-WARNING,WARNING,SAFE,False,True,25.41,39.36
1026,2026-03-29 22:27:07.879,person-WARNING,WARNING,SAFE,False,True,23.78,42.05
1027,2026-03-29 22:27:07.906,person-WARNING,WARNING,SAFE,False,True,25.97,38.51
1028,2026-03-29 22:27:07.932,person-WARNING,WARNING,SAFE,False,True,25.47,39.26
1029,2026-03-29 22:27:07.959,person-WARNING,WARNING,SAFE,False,True,25.36,39.42
1030,2026-03-29 22:27:07.987,person-WARNING,WARNING,SAFE,False,True,27.54,36.31
1031,2026-03-29 22:27:08.015,person-WARNING,WARNING,SAFE,False,True,25.99,38.47
1032,2026-03-29 22:27:08.044,person-WARNING,WARNING,SAFE,False,True,28.55,35.03
1033,2026-03-29 22:27:08.074,person-WARNING,WARNING,SAFE,False,True,28.81,34.71
1034,2026-03-29 22:27:08.105,person-WARNING,WARNING,SAFE,False,True,29.35,34.07
1035,2026-03-29 22:27:08.133,person-WARNING,WARNING,SAFE,False,True,26.96,37.09
1036,2026-03-29 22:27:08.163,person-WARNING,WARNING,SAFE,False,True,29.71,33.65
1037,2026-03-29 22:27:08.194,person-WARNING,WARNING,SAFE,False,True,29.62,33.77
1038,2026-03-29 22:27:08.226,person-WARNING,WARNING,SAFE,False,True,30.89,32.37
1039,2026-03-29 22:27:08.259,person-WARNING,WARNING,SAFE,False,True,32.34,30.92
1040,2026-03-29 22:27:08.292,person-WARNING,WARNING,SAFE,False,True,31.27,31.98
1041,2026-03-29 22:27:08.327,person-WARNING,WARNING,SAFE,False,True,33.74,29.64
1042,2026-03-29 22:27:08.359,person-WARNING,WARNING,SAFE,False,True,31.07,32.18
1043,2026-03-29 22:27:08.391,person-WARNING,WARNING,SAFE,False,True,31.19,32.06
1044,2026-03-29 22:27:08.423,person-WARNING,WARNING,SAFE,False,True,30.59,32.69
1045,2026-03-29 22:27:08.455,person-WARNING,WARNING,SAFE,False,True,31.2,32.05
1046,2026-03-29 22:27:08.481,person-WARNING,WARNING,SAFE,False,True,25.53,39.16
1047,2026-03-29 22:27:08.507,person-WARNING,WARNING,SAFE,False,True,24.26,41.22
1048,2026-03-29 22:27:08.533,person-WARNING,WARNING,SAFE,False,True,25.44,39.3
1049,2026-03-29 22:27:08.557,person-WARNING,WARNING,SAFE,False,True,22.94,43.58
1050,2026-03-29 22:27:08.586,person-WARNING,WARNING,SAFE,False,True,28.15,35.52
1051,2026-03-29 22:27:08.613,person-WARNING,WARNING,SAFE,False,True,25.32,39.49
1052,2026-03-29 22:27:08.635,person-WARNING,WARNING,SAFE,False,True,21.58,46.35
1053,2026-03-29 22:27:08.658,person-WARNING,WARNING,SAFE,False,True,21.84,45.78
1054,2026-03-29 22:27:08.681,person-WARNING,WARNING,SAFE,False,True,22.11,45.23
1055,2026-03-29 22:27:08.704,person-WARNING,WARNING,SAFE,False,True,21.42,46.69
1056,2026-03-29 22:27:08.726,person-WARNING,WARNING,SAFE,False,True,21.16,47.26
1057,2026-03-29 22:27:08.749,person-WARNING,WARNING,SAFE,False,True,22.09,45.28
1058,2026-03-29 22:27:08.771,person-WARNING,WARNING,SAFE,False,True,20.59,48.57
1059,2026-03-29 22:27:08.794,person-WARNING,WARNING,SAFE,False,True,21.87,45.72
1060,2026-03-29 22:27:08.818,person-WARNING,WARNING,SAFE,False,True,22.45,44.54
1061,2026-03-29 22:27:08.841,person-WARNING,WARNING,SAFE,False,True,22.07,45.32
1062,2026-03-29 22:27:08.865,person-WARNING,WARNING,SAFE,False,True,23.53,42.5
1063,2026-03-29 22:27:08.889,person-WARNING,WARNING,SAFE,False,True,22.35,44.75
1064,2026-03-29 22:27:08.916,person-WARNING,WARNING,SAFE,False,True,25.94,38.55
1065,2026-03-29 22:27:08.941,person-WARNING,WARNING,SAFE,False,True,23.94,41.76
1066,2026-03-29 22:27:08.968,person-WARNING,WARNING,SAFE,False,True,26.26,38.08
1067,2026-03-29 22:27:08.994,person-WARNING,WARNING,SAFE,False,True,24.72,40.46
1068,2026-03-29 22:27:09.022,person-WARNING,WARNING,SAFE,False,True,27.11,36.89
1069,2026-03-29 22:27:09.050,person-WARNING,WARNING,SAFE,False,True,26.74,37.39
1070,2026-03-29 22:27:09.078,person-WARNING,WARNING,SAFE,False,True,27.55,36.3
1071,2026-03-29 22:27:09.110,person-WARNING,WARNING,SAFE,False,True,30.27,33.04
1072,2026-03-29 22:27:09.143,person-WARNING,WARNING,SAFE,False,True,32.37,30.89
1073,2026-03-29 22:27:09.175,person-WARNING,WARNING,SAFE,False,True,31.33,31.91
1074,2026-03-29 22:27:09.209,person-WARNING,WARNING,SAFE,False,True,32.2,31.06
1075,2026-03-29 22:27:09.242,person-WARNING,WARNING,SAFE,False,True,32.05,31.2
1076,2026-03-29 22:27:09.278,person-WARNING,WARNING,SAFE,False,True,35.42,28.23
1077,2026-03-29 22:27:09.312,person-WARNING,WARNING,SAFE,False,True,32.57,30.7
1078,2026-03-29 22:27:09.345,person-WARNING,WARNING,SAFE,False,True,31.98,31.27
1079,2026-03-29 22:27:09.380,person-WARNING,WARNING,SAFE,False,True,33.76,29.62
1080,2026-03-29 22:27:09.412,person-WARNING,WARNING,SAFE,False,True,31.1,32.15
1081,2026-03-29 22:27:09.445,person-WARNING,WARNING,SAFE,False,True,32.29,30.97
1082,2026-03-29 22:27:09.478,person-WARNING,WARNING,SAFE,False,True,32.08,31.18
1083,2026-03-29 22:27:09.512,person-WARNING,WARNING,SAFE,False,True,32.79,30.5
1084,2026-03-29 22:27:09.547,person-WARNING,WARNING,SAFE,False,True,33.3,30.03
1085,2026-03-29 22:27:09.565,person-WARNING,WARNING,SAFE,False,True,16.99,58.84
1086,2026-03-29 22:27:09.582,person-WARNING,WARNING,SAFE,False,True,16.88,59.26
1087,2026-03-29 22:27:09.601,person-WARNING,WARNING,SAFE,False,True,17.53,57.04
1088,2026-03-29 22:27:09.620,person-WARNING,WARNING,SAFE,False,True,17.97,55.64
1089,2026-03-29 22:27:09.639,person-WARNING,WARNING,SAFE,False,True,18.37,54.43
1090,2026-03-29 22:27:09.659,person-WARNING,WARNING,SAFE,False,True,18.52,53.98
1091,2026-03-29 22:27:09.680,person-WARNING,WARNING,SAFE,False,True,19.78,50.57
1092,2026-03-29 22:27:09.699,person-WARNING,WARNING,SAFE,False,True,18.46,54.18
1093,2026-03-29 22:27:09.720,person-WARNING,WARNING,SAFE,False,True,19.93,50.17
1094,2026-03-29 22:27:09.741,person-WARNING,WARNING,SAFE,False,True,19.71,50.74
1095,2026-03-29 22:27:09.762,person-WARNING,WARNING,SAFE,False,True,20.4,49.02
1096,2026-03-29 22:27:09.783,person-WARNING,WARNING,SAFE,False,True,19.76,50.59
1097,2026-03-29 22:27:09.805,person-WARNING,WARNING,SAFE,False,True,20.74,48.22
1098,2026-03-29 22:27:09.827,person-WARNING,WARNING,SAFE,False,True,20.57,48.61
1099,2026-03-29 22:27:09.851,person-WARNING,WARNING,SAFE,False,True,23.5,42.55
1100,2026-03-29 22:27:09.876,person-WARNING,WARNING,SAFE,False,True,23.61,42.35
1101,2026-03-29 22:27:09.904,person-WARNING,WARNING,SAFE,False,True,27.39,36.51
1102,2026-03-29 22:27:09.932,person-WARNING,WARNING,SAFE,False,True,26.86,37.23
1103,2026-03-29 22:27:09.963,person-WARNING,WARNING,SAFE,False,True,29.96,33.38
1104,2026-03-29 22:27:09.993,person-WARNING,WARNING,SAFE,False,True,28.92,34.57
1105,2026-03-29 22:27:10.025,person-WARNING,WARNING,SAFE,False,True,31.07,32.18
1106,2026-03-29 22:27:10.059,person-WARNING,WARNING,SAFE,False,True,32.3,30.96
1107,2026-03-29 22:27:10.086,person-WARNING,WARNING,SAFE,False,True,26.53,37.7
1108,2026-03-29 22:27:10.104,person-WARNING,WARNING,SAFE,False,True,16.78,59.6
1109,2026-03-29 22:27:10.123,person-WARNING,WARNING,SAFE,False,True,17.55,56.98
1110,2026-03-29 22:27:10.142,person-WARNING,WARNING,SAFE,False,True,17.73,56.4
1111,2026-03-29 22:27:10.160,person-WARNING,WARNING,SAFE,False,True,17.63,56.72
1112,2026-03-29 22:27:10.180,person-WARNING,WARNING,SAFE,False,True,18.39,54.37
1113,2026-03-29 22:27:10.198,person-WARNING,WARNING,SAFE,False,True,17.41,57.43
1114,2026-03-29 22:27:10.217,person-WARNING,WARNING,SAFE,False,True,18.18,54.99
1115,2026-03-29 22:27:10.237,person-WARNING,WARNING,SAFE,False,True,18.9,52.9
1116,2026-03-29 22:27:10.258,person-WARNING,WARNING,SAFE,False,True,19.59,51.05
1117,2026-03-29 22:27:10.279,person-WARNING,WARNING,SAFE,False,True,19.65,50.89
1118,2026-03-29 22:27:10.299,person-WARNING,WARNING,SAFE,False,True,19.29,51.84
1119,2026-03-29 22:27:10.320,person-WARNING,WARNING,SAFE,False,True,19.48,51.33
1120,2026-03-29 22:27:10.343,person-WARNING,WARNING,SAFE,False,True,21.04,47.52
1121,2026-03-29 22:27:10.366,person-WARNING,WARNING,SAFE,False,True,22.0,45.45
1122,2026-03-29 22:27:10.389,person-WARNING,WARNING,SAFE,False,True,22.17,45.11
1123,2026-03-29 22:27:10.415,person-WARNING,WARNING,SAFE,False,True,25.02,39.97
1124,2026-03-29 22:27:10.439,person-WARNING,WARNING,SAFE,False,True,22.97,43.54
1125,2026-03-29 22:27:10.466,person-WARNING,WARNING,SAFE,False,True,25.89,38.63
1126,2026-03-29 22:27:10.493,person-WARNING,WARNING,SAFE,False,True,26.1,38.31
1127,2026-03-29 22:27:10.523,person-WARNING,WARNING,SAFE,False,True,28.45,35.15
1128,2026-03-29 22:27:10.552,person-WARNING,WARNING,SAFE,False,True,28.38,35.23
1129,2026-03-29 22:27:10.581,person-WARNING,WARNING,SAFE,False,True,27.65,36.16
1130,2026-03-29 22:27:10.612,person-WARNING,WARNING,SAFE,False,True,30.05,33.27
1131,2026-03-29 22:27:10.646,person-WARNING,WARNING,SAFE,False,True,32.44,30.83
1132,2026-03-29 22:27:10.679,person-WARNING,WARNING,SAFE,False,True,31.92,31.33
1133,2026-03-29 22:27:10.713,person-WARNING,WARNING,SAFE,False,True,32.03,31.22
1134,2026-03-29 22:27:10.746,person-WARNING,WARNING,SAFE,False,True,31.62,31.62
1135,2026-03-29 22:27:10.779,person-WARNING,WARNING,SAFE,False,True,32.21,31.05
1136,2026-03-29 22:27:10.812,person-WARNING,WARNING,SAFE,False,True,32.19,31.06
1137,2026-03-29 22:27:10.846,person-WARNING,WARNING,SAFE,False,True,32.32,30.94
1138,2026-03-29 22:27:10.879,person-WARNING,WARNING,SAFE,False,True,32.15,31.11
1139,2026-03-29 22:27:10.913,person-WARNING,WARNING,SAFE,False,True,31.81,31.43
1140,2026-03-29 22:27:10.946,person-WARNING,WARNING,SAFE,False,True,31.88,31.37
1141,2026-03-29 22:27:10.979,person-WARNING,WARNING,SAFE,False,True,31.79,31.45
1142,2026-03-29 22:27:11.013,person-WARNING,WARNING,SAFE,False,True,32.92,30.38
1143,2026-03-29 22:27:11.047,person-WARNING,WARNING,SAFE,False,True,32.5,30.77
1144,2026-03-29 22:27:11.080,person-WARNING,WARNING,SAFE,False,True,32.4,30.86
1145,2026-03-29 22:27:11.114,person-WARNING,WARNING,SAFE,False,True,32.67,30.61
1146,2026-03-29 22:27:11.147,person-WARNING,WARNING,SAFE,False,True,32.28,30.98
1147,2026-03-29 22:27:11.181,person-WARNING,WARNING,SAFE,False,True,32.2,31.06
1148,2026-03-29 22:27:11.214,person-WARNING,WARNING,SAFE,False,True,32.4,30.87
1149,2026-03-29 22:27:11.247,person-WARNING,WARNING,SAFE,False,True,32.11,31.14
1150,2026-03-29 22:27:11.281,person-WARNING,WARNING,SAFE,False,True,32.6,30.67
1151,2026-03-29 22:27:11.315,person-WARNING,WARNING,SAFE,False,True,33.13,30.19
1152,2026-03-29 22:27:11.349,person-WARNING,WARNING,SAFE,False,True,32.85,30.44
1153,2026-03-29 22:27:11.383,person-WARNING,WARNING,SAFE,False,True,32.57,30.71
1154,2026-03-29 22:27:11.416,person-WARNING,WARNING,SAFE,False,True,32.23,31.02
1155,2026-03-29 22:27:11.449,person-WARNING,WARNING,SAFE,False,True,31.83,31.42
1156,2026-03-29 22:27:11.483,person-WARNING,WARNING,SAFE,False,True,32.62,30.66
1157,2026-03-29 22:27:11.516,person-WARNING,WARNING,SAFE,False,True,32.38,30.88
1158,2026-03-29 22:27:11.549,person-WARNING,WARNING,SAFE,False,True,32.22,31.04
1159,2026-03-29 22:27:11.583,person-WARNING,WARNING,SAFE,False,True,32.24,31.02
1160,2026-03-29 22:27:11.617,person-WARNING,WARNING,SAFE,False,True,33.25,30.07
1161,2026-03-29 22:27:11.652,person-WARNING,WARNING,SAFE,False,True,33.66,29.71
1162,2026-03-29 22:27:11.685,person-WARNING,WARNING,SAFE,False,True,31.84,31.41
1163,2026-03-29 22:27:11.717,person-WARNING,WARNING,SAFE,False,True,31.32,31.93
1164,2026-03-29 22:27:11.750,person-WARNING,WARNING,SAFE,False,True,32.15,31.11
1165,2026-03-29 22:27:11.782,person-WARNING,WARNING,SAFE,False,True,30.47,32.82
1166,2026-03-29 22:27:11.815,person-WARNING,WARNING,SAFE,False,True,32.25,31.01
1167,2026-03-29 22:27:11.848,person-WARNING,WARNING,SAFE,False,True,32.52,30.75
1168,2026-03-29 22:27:11.882,person-WARNING,WARNING,SAFE,False,True,32.27,30.99
1169,2026-03-29 22:27:11.915,person-WARNING,WARNING,SAFE,False,True,32.21,31.04
1170,2026-03-29 22:27:11.950,person-WARNING,WARNING,SAFE,False,True,33.65,29.72
1171,2026-03-29 22:27:11.983,person-WARNING,WARNING,SAFE,False,True,32.12,31.13
1172,2026-03-29 22:27:12.016,person-WARNING,WARNING,SAFE,False,True,32.1,31.16
1173,2026-03-29 22:27:12.049,person-WARNING,WARNING,SAFE,False,True,32.3,30.96
1174,2026-03-29 22:27:12.083,person-WARNING,WARNING,SAFE,False,True,32.52,30.75
1175,2026-03-29 22:27:12.116,person-WARNING,WARNING,SAFE,False,True,31.98,31.27
1176,2026-03-29 22:27:12.149,person-WARNING,WARNING,SAFE,False,True,31.73,31.51
1177,2026-03-29 22:27:12.182,person-WARNING,WARNING,SAFE,False,True,32.25,31.0
1178,2026-03-29 22:27:12.216,person-WARNING,WARNING,SAFE,False,True,32.12,31.13
1179,2026-03-29 22:27:12.249,person-WARNING,WARNING,SAFE,False,True,32.77,30.52
1180,2026-03-29 22:27:12.268,person-SAFE,SAFE,SAFE,False,True,17.15,58.31
1181,2026-03-29 22:27:12.286,person-WARNING,WARNING,SAFE,False,True,17.41,57.43
1182,2026-03-29 22:27:12.305,person-SAFE,SAFE,SAFE,False,True,18.51,54.02
1183,2026-03-29 22:27:12.324,person-WARNING,WARNING,SAFE,False,True,17.87,55.96
1184,2026-03-29 22:27:12.343,person-WARNING,WARNING,SAFE,False,True,17.86,55.99
1185,2026-03-29 22:27:12.362,person-WARNING,WARNING,SAFE,False,True,18.67,53.56
1186,2026-03-29 22:27:12.382,person-WARNING,WARNING,SAFE,False,True,18.52,54.0
1187,2026-03-29 22:27:12.402,person-WARNING,WARNING,SAFE,False,True,18.46,54.18
1188,2026-03-29 22:27:12.422,person-WARNING,WARNING,SAFE,False,True,19.43,51.48
1189,2026-03-29 22:27:12.443,person-WARNING,WARNING,SAFE,False,True,19.44,51.44
1190,2026-03-29 22:27:12.464,person-WARNING,WARNING,SAFE,False,True,20.39,49.05
1191,2026-03-29 22:27:12.485,person-WARNING,WARNING,SAFE,False,True,19.57,51.09
1192,2026-03-29 22:27:12.507,person-WARNING,WARNING,SAFE,False,True,21.68,46.12
1193,2026-03-29 22:27:12.530,person-WARNING,WARNING,SAFE,False,True,21.59,46.32
1194,2026-03-29 22:27:12.553,person-WARNING,WARNING,SAFE,False,True,22.45,44.53
1195,2026-03-29 22:27:12.578,person-WARNING,WARNING,SAFE,False,True,23.35,42.83
1196,2026-03-29 22:27:12.608,person-WARNING,WARNING,SAFE,False,True,28.17,35.5
1197,2026-03-29 22:27:12.637,person-WARNING,WARNING,SAFE,False,True,28.17,35.5
1198,2026-03-29 22:27:12.664,person-WARNING,WARNING,SAFE,False,True,25.98,38.49
1199,2026-03-29 22:27:12.696,person-WARNING,WARNING,SAFE,False,True,30.82,32.45
1200,2026-03-29 22:27:12.728,person-WARNING,WARNING,SAFE,False,True,31.21,32.05
1201,2026-03-29 22:27:12.763,person-WARNING,WARNING,SAFE,False,True,33.75,29.63
1202,2026-03-29 22:27:12.781,person-WARNING,WARNING,SAFE,False,True,17.06,58.61
1203,2026-03-29 22:27:12.800,person-WARNING,WARNING,SAFE,False,True,17.63,56.73
1204,2026-03-29 22:27:12.818,person-WARNING,WARNING,SAFE,False,True,17.61,56.79
1205,2026-03-29 22:27:12.838,person-WARNING,WARNING,SAFE,False,True,18.43,54.27
1206,2026-03-29 22:27:12.857,person-WARNING,WARNING,SAFE,False,True,18.33,54.54
1207,2026-03-29 22:27:12.877,person-WARNING,WARNING,SAFE,False,True,18.26,54.77
1208,2026-03-29 22:27:12.896,person-WARNING,WARNING,SAFE,False,True,18.7,53.46
1209,2026-03-29 22:27:12.916,person-WARNING,WARNING,SAFE,False,True,18.33,54.56
1210,2026-03-29 22:27:12.937,person-WARNING,WARNING,SAFE,False,True,19.93,50.16
1211,2026-03-29 22:27:12.958,person-WARNING,WARNING,SAFE,False,True,19.6,51.03
1212,2026-03-29 22:27:12.979,person-WARNING,WARNING,SAFE,False,True,20.39,49.05
1213,2026-03-29 22:27:13.000,person-WARNING,WARNING,SAFE,False,True,19.87,50.32
1214,2026-03-29 22:27:13.022,person-WARNING,WARNING,SAFE,False,True,21.03,47.55
1215,2026-03-29 22:27:13.045,person-WARNING,WARNING,SAFE,False,True,21.37,46.78
1216,2026-03-29 22:27:13.068,person-WARNING,WARNING,SAFE,False,True,22.18,45.08
1217,2026-03-29 22:27:13.093,person-WARNING,WARNING,SAFE,False,True,24.43,40.94
1218,2026-03-29 22:27:13.121,person-WARNING,WARNING,SAFE,False,True,26.55,37.66
1219,2026-03-29 22:27:13.148,person-WARNING,WARNING,SAFE,False,True,25.93,38.57
1220,2026-03-29 22:27:13.180,person-WARNING,WARNING,SAFE,False,True,30.88,32.38
1221,2026-03-29 22:27:13.212,person-WARNING,WARNING,SAFE,False,True,31.02,32.24
1222,2026-03-29 22:27:13.247,person-WARNING,WARNING,SAFE,False,True,34.21,29.23
1223,2026-03-29 22:27:13.281,person-WARNING,WARNING,SAFE,False,True,32.39,30.87
1224,2026-03-29 22:27:13.315,person-WARNING,WARNING,SAFE,False,True,33.25,30.07
1225,2026-03-29 22:27:13.333,person-WARNING,WARNING,SAFE,False,True,17.07,58.57
1226,2026-03-29 22:27:13.351,person-WARNING,WARNING,SAFE,False,True,17.56,56.94
1227,2026-03-29 22:27:13.371,person-WARNING,WARNING,SAFE,False,True,18.33,54.55
1228,2026-03-29 22:27:13.390,person-WARNING,WARNING,SAFE,False,True,17.96,55.69
1229,2026-03-29 22:27:13.409,person-WARNING,WARNING,SAFE,False,True,18.2,54.95
1230,2026-03-29 22:27:13.428,person-WARNING,WARNING,SAFE,False,True,18.5,54.07
1231,2026-03-29 22:27:13.449,person-WARNING,WARNING,SAFE,False,True,19.2,52.09
1232,2026-03-29 22:27:13.468,person-WARNING,WARNING,SAFE,False,True,18.54,53.93
1233,2026-03-29 22:27:13.489,person-WARNING,WARNING,SAFE,False,True,19.31,51.79
1234,2026-03-29 22:27:13.511,person-WARNING,WARNING,SAFE,False,True,21.32,46.91
1235,2026-03-29 22:27:13.532,person-WARNING,WARNING,SAFE,False,True,19.99,50.03
1236,2026-03-29 22:27:13.552,person-WARNING,WARNING,SAFE,False,True,19.28,51.87
1237,2026-03-29 22:27:13.575,person-WARNING,WARNING,SAFE,False,True,21.95,45.55
1238,2026-03-29 22:27:13.599,person-WARNING,WARNING,SAFE,False,True,22.37,44.69
1239,2026-03-29 22:27:13.622,person-WARNING,WARNING,SAFE,False,True,22.58,44.28
1240,2026-03-29 22:27:13.648,person-WARNING,WARNING,SAFE,False,True,25.03,39.95
1241,2026-03-29 22:27:13.675,person-WARNING,WARNING,SAFE,False,True,25.77,38.81
1242,2026-03-29 22:27:13.705,person-CRITICAL,CRITICAL,SAFE,True,False,52.11,34.92
1243,2026-03-29 22:27:13.735,person-CRITICAL,CRITICAL,SAFE,True,False,53.18,34.65
1244,2026-03-29 22:27:13.763,person-CRITICAL,CRITICAL,SAFE,True,False,74.16,36.65
1245,2026-03-29 22:27:13.799,person-CRITICAL,CRITICAL,SAFE,True,False,69.32,28.82
1246,2026-03-29 22:27:13.833,person-CRITICAL,CRITICAL,SAFE,True,False,61.54,30.44
1247,2026-03-29 22:27:13.866,person-CRITICAL,CRITICAL,SAFE,True,False,60.49,30.75
1248,2026-03-29 22:27:13.901,person-CRITICAL,CRITICAL,SAFE,True,False,83.92,29.36
1249,2026-03-29 22:27:13.934,person-CRITICAL,CRITICAL,SAFE,True,False,64.61,32.07
1250,2026-03-29 22:27:13.967,person-CRITICAL,CRITICAL,SAFE,True,False,53.0,30.62
1251,2026-03-29 22:27:13.996,person-CRITICAL,CRITICAL,SAFE,True,False,66.73,36.55
1252,2026-03-29 22:27:14.026,person-CRITICAL,CRITICAL,SAFE,True,False,54.88,35.07
1253,2026-03-29 22:27:14.058,person-CRITICAL,CRITICAL,SAFE,True,False,60.26,32.37
1254,2026-03-29 22:27:14.087,person-CRITICAL,CRITICAL,SAFE,True,False,73.5,35.48
1255,2026-03-29 22:27:14.115,person-CRITICAL,CRITICAL,SAFE,True,False,70.63,36.29
1256,2026-03-29 22:27:14.145,person-CRITICAL,CRITICAL,SAFE,True,False,57.16,35.11
1257,2026-03-29 22:27:14.175,person-CRITICAL,CRITICAL,SAFE,True,False,72.85,34.3
1258,2026-03-29 22:27:14.205,person-CRITICAL,CRITICAL,SAFE,True,False,55.41,35.13
1259,2026-03-29 22:27:14.233,person-CRITICAL,CRITICAL,SAFE,True,False,75.76,36.84
1260,2026-03-29 22:27:14.261,person-CRITICAL,CRITICAL,SAFE,True,False,61.6,36.63
1261,2026-03-29 22:27:14.291,person-CRITICAL,CRITICAL,SAFE,True,False,54.63,36.03
1262,2026-03-29 22:27:14.320,person-CRITICAL,CRITICAL,SAFE,True,False,62.96,35.33
1263,2026-03-29 22:27:14.346,person-CRITICAL,CRITICAL,SAFE,True,False,48.6,40.75
1264,2026-03-29 22:27:14.376,person-CRITICAL,CRITICAL,SAFE,True,False,72.21,34.79
1265,2026-03-29 22:27:14.406,person-CRITICAL,CRITICAL,SAFE,True,False,60.64,34.31
1266,2026-03-29 22:27:14.433,person-CRITICAL,CRITICAL,SAFE,True,False,72.77,38.73
1267,2026-03-29 22:27:14.459,person-CRITICAL,CRITICAL,SAFE,True,False,71.05,41.05
1268,2026-03-29 22:27:14.485,person-CRITICAL,CRITICAL,SAFE,True,False,74.7,38.88
1269,2026-03-29 22:27:14.511,person-CRITICAL,CRITICAL,SAFE,True,False,68.34,40.86
1270,2026-03-29 22:27:14.538,person-CRITICAL,CRITICAL,SAFE,True,False,60.78,38.28
1271,2026-03-29 22:27:14.564,person-CRITICAL,CRITICAL,SAFE,True,False,57.75,39.3
1272,2026-03-29 22:27:14.592,person-CRITICAL,CRITICAL,SAFE,True,False,50.74,37.66
1273,2026-03-29 22:27:14.621,person-CRITICAL,CRITICAL,SAFE,True,False,52.67,35.84
1274,2026-03-29 22:27:14.649,person-CRITICAL,CRITICAL,SAFE,True,False,63.99,37.18
1275,2026-03-29 22:27:14.679,person-CRITICAL,CRITICAL,SAFE,True,False,67.68,34.99
1276,2026-03-29 22:27:14.710,person-CRITICAL,CRITICAL,SAFE,True,False,64.23,33.85
1277,2026-03-29 22:27:14.741,person-CRITICAL,CRITICAL,SAFE,True,False,77.39,33.29
1278,2026-03-29 22:27:14.774,person-CRITICAL,CRITICAL,SAFE,True,False,77.35,31.23
1279,2026-03-29 22:27:14.807,person-CRITICAL,CRITICAL,SAFE,True,False,71.56,31.13
1280,2026-03-29 22:27:14.836,person-CRITICAL,CRITICAL,SAFE,True,False,54.89,36.19
1281,2026-03-29 22:27:14.853,person-CRITICAL,CRITICAL,SAFE,True,False,46.82,60.63
1282,2026-03-29 22:27:14.871,person-CRITICAL,CRITICAL,SAFE,True,False,37.99,58.39
1283,2026-03-29 22:27:14.889,person-CRITICAL,CRITICAL,SAFE,True,False,59.97,57.6
1284,2026-03-29 22:27:14.909,person-CRITICAL,CRITICAL,SAFE,True,False,48.87,54.94
1285,2026-03-29 22:27:14.928,person-CRITICAL,CRITICAL,SAFE,True,False,67.21,54.24
1286,2026-03-29 22:27:14.948,person-CRITICAL,CRITICAL,SAFE,True,False,55.96,53.12
1287,2026-03-29 22:27:14.966,person-CRITICAL,CRITICAL,SAFE,True,False,55.17,57.1
1288,2026-03-29 22:27:14.986,person-CRITICAL,CRITICAL,SAFE,True,False,43.59,53.88
1289,2026-03-29 22:27:15.006,person-CRITICAL,CRITICAL,SAFE,True,False,49.33,52.37
1290,2026-03-29 22:27:15.028,person-CRITICAL,CRITICAL,SAFE,True,False,64.8,48.42
1291,2026-03-29 22:27:15.049,person-CRITICAL,CRITICAL,SAFE,True,False,68.55,50.07
1292,2026-03-29 22:27:15.070,person-CRITICAL,CRITICAL,SAFE,True,False,55.39,50.99
1293,2026-03-29 22:27:15.091,person-CRITICAL,CRITICAL,SAFE,True,False,47.68,49.4
1294,2026-03-29 22:27:15.115,person-CRITICAL,CRITICAL,SAFE,True,False,50.68,44.8
1295,2026-03-29 22:27:15.138,person-CRITICAL,CRITICAL,SAFE,True,False,62.39,44.2
1296,2026-03-29 22:27:15.164,person-CRITICAL,CRITICAL,SAFE,True,False,49.78,40.52
1297,2026-03-29 22:27:15.192,person-CRITICAL,CRITICAL,SAFE,True,False,54.95,37.59
1298,2026-03-29 22:27:15.222,person-CRITICAL,CRITICAL,SAFE,True,False,55.21,35.03
1299,2026-03-29 22:27:15.252,person-CRITICAL,CRITICAL,SAFE,True,False,78.33,34.29
1300,2026-03-29 22:27:15.283,person-CRITICAL,CRITICAL,SAFE,True,False,62.69,33.37
1301,2026-03-29 22:27:15.317,person-CRITICAL,CRITICAL,SAFE,True,False,54.76,30.29
1302,2026-03-29 22:27:15.351,person-CRITICAL,CRITICAL,SAFE,True,False,63.26,30.92
1303,2026-03-29 22:27:15.369,person-CRITICAL,CRITICAL,SAFE,True,False,53.64,56.42
1304,2026-03-29 22:27:15.388,person-CRITICAL,CRITICAL,SAFE,True,False,65.58,57.92
1305,2026-03-29 22:27:15.406,person-CRITICAL,CRITICAL,SAFE,True,False,58.72,57.2
1306,2026-03-29 22:27:15.425,person-CRITICAL,CRITICAL,SAFE,True,False,54.97,55.16
1307,2026-03-29 22:27:15.444,person-CRITICAL,CRITICAL,SAFE,True,False,40.12,55.39
1308,2026-03-29 22:27:15.463,person-CRITICAL,CRITICAL,SAFE,True,False,46.38,56.4
1309,2026-03-29 22:27:15.482,person-CRITICAL,CRITICAL,SAFE,True,False,50.51,55.81
1310,2026-03-29 22:27:15.502,person-CRITICAL,CRITICAL,SAFE,True,False,56.31,53.06
1311,2026-03-29 22:27:15.522,person-CRITICAL,CRITICAL,SAFE,True,False,69.21,51.92
1312,2026-03-29 22:27:15.544,person-CRITICAL,CRITICAL,SAFE,True,False,61.29,48.28
1313,2026-03-29 22:27:15.565,person-CRITICAL,CRITICAL,SAFE,True,False,55.65,50.24
1314,2026-03-29 22:27:15.586,person-CRITICAL,CRITICAL,SAFE,True,False,57.88,50.75
1315,2026-03-29 22:27:15.609,person-CRITICAL,CRITICAL,SAFE,True,False,45.43,47.24
1316,2026-03-29 22:27:15.632,person-CRITICAL,CRITICAL,SAFE,True,False,46.32,45.31
1317,2026-03-29 22:27:15.655,person-CRITICAL,CRITICAL,SAFE,True,False,49.39,44.19
1318,2026-03-29 22:27:15.681,person-CRITICAL,CRITICAL,SAFE,True,False,62.51,41.03
1319,2026-03-29 22:27:15.707,person-CRITICAL,CRITICAL,SAFE,True,False,62.68,40.06
1320,2026-03-29 22:27:15.737,person-CRITICAL,CRITICAL,SAFE,True,False,75.28,33.99
1321,2026-03-29 22:27:15.769,person-CRITICAL,CRITICAL,SAFE,True,False,79.71,33.58
1322,2026-03-29 22:27:15.796,person-CRITICAL,CRITICAL,SAFE,True,False,69.78,38.62
1323,2026-03-29 22:27:15.826,person-CRITICAL,CRITICAL,SAFE,True,False,74.68,34.48
1324,2026-03-29 22:27:15.857,person-CRITICAL,CRITICAL,SAFE,True,False,73.61,33.47
1325,2026-03-29 22:27:15.888,person-CRITICAL,CRITICAL,SAFE,True,False,79.82,33.16
1326,2026-03-29 22:27:15.917,person-CRITICAL,CRITICAL,SAFE,True,False,74.79,36.89
1327,2026-03-29 22:27:15.949,person-CRITICAL,CRITICAL,SAFE,True,False,80.1,32.11
1328,2026-03-29 22:27:15.980,person-CRITICAL,CRITICAL,SAFE,True,False,78.09,33.45
1329,2026-03-29 22:27:16.013,person-CRITICAL,CRITICAL,SAFE,True,False,68.59,31.79
1330,2026-03-29 22:27:16.046,person-CRITICAL,CRITICAL,SAFE,True,False,62.17,30.89
1331,2026-03-29 22:27:16.079,person-CRITICAL,CRITICAL,SAFE,True,False,63.11,31.55
1332,2026-03-29 22:27:16.114,person-CRITICAL,CRITICAL,SAFE,True,False,72.25,29.53
1333,2026-03-29 22:27:16.148,person-WARNING,WARNING,SAFE,False,True,32.1,31.15
1334,2026-03-29 22:27:16.181,person-WARNING,WARNING,SAFE,False,True,32.46,30.81
1335,2026-03-29 22:27:16.215,person-WARNING,WARNING,SAFE,False,True,32.46,30.81
1336,2026-03-29 22:27:16.249,person-WARNING,WARNING,SAFE,False,True,32.77,30.52
1337,2026-03-29 22:27:16.267,person-WARNING,WARNING,SAFE,False,True,17.39,57.51
1338,2026-03-29 22:27:16.285,person-WARNING,WARNING,SAFE,False,True,17.53,57.05
1339,2026-03-29 22:27:16.304,person-WARNING,WARNING,SAFE,False,True,17.93,55.77
1340,2026-03-29 22:27:16.324,person-WARNING,WARNING,SAFE,False,True,18.0,55.55
1341,2026-03-29 22:27:16.343,person-WARNING,WARNING,SAFE,False,True,18.2,54.94
1342,2026-03-29 22:27:16.362,person-WARNING,WARNING,SAFE,False,True,18.55,53.91
1343,2026-03-29 22:27:16.382,person-WARNING,WARNING,SAFE,False,True,18.98,52.69
1344,2026-03-29 22:27:16.401,person-WARNING,WARNING,SAFE,False,True,18.27,54.74
1345,2026-03-29 22:27:16.422,person-WARNING,WARNING,SAFE,False,True,19.34,51.72
1346,2026-03-29 22:27:16.443,person-WARNING,WARNING,SAFE,False,True,20.57,48.62
1347,2026-03-29 22:27:16.465,person-WARNING,WARNING,SAFE,False,True,20.27,49.32
1348,2026-03-29 22:27:16.486,person-WARNING,WARNING,SAFE,False,True,19.88,50.29
1349,2026-03-29 22:27:16.507,person-WARNING,WARNING,SAFE,False,True,20.42,48.97
1350,2026-03-29 22:27:16.531,person-WARNING,WARNING,SAFE,False,True,22.69,44.07
1351,2026-03-29 22:27:16.555,person-WARNING,WARNING,SAFE,False,True,23.37,42.79
1352,2026-03-29 22:27:16.582,person-WARNING,WARNING,SAFE,False,True,25.87,38.66
1353,2026-03-29 22:27:16.610,person-WARNING,WARNING,SAFE,False,True,26.35,37.96
1354,2026-03-29 22:27:16.640,person-WARNING,WARNING,SAFE,False,True,29.29,34.14
1355,2026-03-29 22:27:16.672,person-WARNING,WARNING,SAFE,False,True,30.78,32.49
1356,2026-03-29 22:27:16.702,person-WARNING,WARNING,SAFE,False,True,28.93,34.56
1357,2026-03-29 22:27:16.733,person-WARNING,WARNING,SAFE,False,True,29.68,33.69
1358,2026-03-29 22:27:16.765,person-WARNING,WARNING,SAFE,False,True,31.12,32.13
1359,2026-03-29 22:27:16.798,person-WARNING,WARNING,SAFE,False,True,32.47,30.79
1360,2026-03-29 22:27:16.833,person-WARNING,WARNING,SAFE,False,True,33.31,30.02
1361,2026-03-29 22:27:16.851,person-WARNING,WARNING,SAFE,False,True,16.8,59.52
1362,2026-03-29 22:27:16.869,person-WARNING,WARNING,SAFE,False,True,17.52,57.06
1363,2026-03-29 22:27:16.891,person-WARNING,WARNING,SAFE,False,True,21.08,47.43
1364,2026-03-29 22:27:16.910,person-WARNING,WARNING,SAFE,False,True,18.36,54.45
1365,2026-03-29 22:27:16.930,person-WARNING,WARNING,SAFE,False,True,18.37,54.44
1366,2026-03-29 22:27:16.949,person-WARNING,WARNING,SAFE,False,True,17.92,55.78
1367,2026-03-29 22:27:16.968,person-WARNING,WARNING,SAFE,False,True,18.37,54.42
1368,2026-03-29 22:27:16.988,person-WARNING,WARNING,SAFE,False,True,19.25,51.93
1369,2026-03-29 22:27:17.009,person-WARNING,WARNING,SAFE,False,True,19.74,50.65
1370,2026-03-29 22:27:17.030,person-WARNING,WARNING,SAFE,False,True,19.36,51.64
1371,2026-03-29 22:27:17.050,person-WARNING,WARNING,SAFE,False,True,19.07,52.44
1372,2026-03-29 22:27:17.071,person-WARNING,WARNING,SAFE,False,True,19.91,50.22
1373,2026-03-29 22:27:17.093,person-WARNING,WARNING,SAFE,False,True,20.93,47.77
1374,2026-03-29 22:27:17.117,person-WARNING,WARNING,SAFE,False,True,22.35,44.74
1375,2026-03-29 22:27:17.141,person-WARNING,WARNING,SAFE,False,True,23.69,42.2
1376,2026-03-29 22:27:17.168,person-WARNING,WARNING,SAFE,False,True,25.74,38.84
1377,2026-03-29 22:27:17.198,person-WARNING,WARNING,SAFE,False,True,28.81,34.71
1378,2026-03-29 22:27:17.228,person-WARNING,WARNING,SAFE,False,True,28.58,34.99
1379,2026-03-29 22:27:17.261,person-WARNING,WARNING,SAFE,False,True,32.54,30.72
1380,2026-03-29 22:27:17.295,person-WARNING,WARNING,SAFE,False,True,32.71,30.57
1381,2026-03-29 22:27:17.329,person-WARNING,WARNING,SAFE,False,True,32.79,30.5
1382,2026-03-29 22:27:17.362,person-WARNING,WARNING,SAFE,False,True,32.24,31.01
1383,2026-03-29 22:27:17.399,person-WARNING,WARNING,SAFE,False,True,34.95,28.62
1384,2026-03-29 22:27:17.432,person-WARNING,WARNING,SAFE,False,True,32.57,30.7
1385,2026-03-29 22:27:17.465,person-WARNING,WARNING,SAFE,False,True,32.32,30.94
1386,2026-03-29 22:27:17.499,person-WARNING,WARNING,SAFE,False,True,32.42,30.85
1387,2026-03-29 22:27:17.531,person-WARNING,WARNING,SAFE,False,True,31.26,31.98
1388,2026-03-29 22:27:17.565,person-WARNING,WARNING,SAFE,False,True,32.85,30.44
1389,2026-03-29 22:27:17.598,person-WARNING,WARNING,SAFE,False,True,31.82,31.42
1390,2026-03-29 22:27:17.633,person-WARNING,WARNING,SAFE,False,True,33.7,29.68
1391,2026-03-29 22:27:17.665,person-WARNING,WARNING,SAFE,False,True,31.03,32.22
1392,2026-03-29 22:27:17.698,person-WARNING,WARNING,SAFE,False,True,32.4,30.87
1393,2026-03-29 22:27:17.732,person-WARNING,WARNING,SAFE,False,True,32.44,30.82
1394,2026-03-29 22:27:17.765,person-WARNING,WARNING,SAFE,False,True,32.21,31.04
1395,2026-03-29 22:27:17.801,person-WARNING,WARNING,SAFE,False,True,34.9,28.65
1396,2026-03-29 22:27:17.833,person-WARNING,WARNING,SAFE,False,True,31.49,31.76
1397,2026-03-29 22:27:17.852,person-WARNING,WARNING,SAFE,False,True,17.42,57.41
1398,2026-03-29 22:27:17.870,person-WARNING,WARNING,SAFE,False,True,17.44,57.35
1399,2026-03-29 22:27:17.889,person-WARNING,WARNING,SAFE,False,True,17.73,56.39
1400,2026-03-29 22:27:17.907,person-WARNING,WARNING,SAFE,False,True,17.4,57.46
1401,2026-03-29 22:27:17.928,person-WARNING,WARNING,SAFE,False,True,19.18,52.13
1402,2026-03-29 22:27:17.946,person-WARNING,WARNING,SAFE,False,True,17.73,56.4
1403,2026-03-29 22:27:17.966,person-WARNING,WARNING,SAFE,False,True,18.54,53.93
1404,2026-03-29 22:27:17.985,person-WARNING,WARNING,SAFE,False,True,18.39,54.37
1405,2026-03-29 22:27:18.005,person-WARNING,WARNING,SAFE,False,True,19.04,52.53
1406,2026-03-29 22:27:18.026,person-WARNING,WARNING,SAFE,False,True,19.94,50.14
1407,2026-03-29 22:27:18.048,person-WARNING,WARNING,SAFE,False,True,21.01,47.6
1408,2026-03-29 22:27:18.069,person-WARNING,WARNING,SAFE,False,True,19.65,50.88
1409,2026-03-29 22:27:18.091,person-WARNING,WARNING,SAFE,False,True,20.97,47.68
1410,2026-03-29 22:27:18.114,person-WARNING,WARNING,SAFE,False,True,22.02,45.42
1411,2026-03-29 22:27:18.138,person-WARNING,WARNING,SAFE,False,True,22.93,43.62
1412,2026-03-29 22:27:18.163,person-WARNING,WARNING,SAFE,False,True,23.86,41.91
1413,2026-03-29 22:27:18.189,person-WARNING,WARNING,SAFE,False,True,24.72,40.45
1414,2026-03-29 22:27:18.217,person-WARNING,WARNING,SAFE,False,True,27.28,36.66
1415,2026-03-29 22:27:18.243,person-WARNING,WARNING,SAFE,False,True,24.46,40.88
1416,2026-03-29 22:27:18.271,person-WARNING,WARNING,SAFE,False,True,27.03,37.0
1417,2026-03-29 22:27:18.300,person-WARNING,WARNING,SAFE,False,True,27.33,36.59
1418,2026-03-29 22:27:18.329,person-WARNING,WARNING,SAFE,False,True,28.14,35.54
1419,2026-03-29 22:27:18.363,person-WARNING,WARNING,SAFE,False,True,33.01,30.3
1420,2026-03-29 22:27:18.395,person-WARNING,WARNING,SAFE,False,True,30.77,32.49
1421,2026-03-29 22:27:18.427,person-WARNING,WARNING,SAFE,False,True,31.43,31.82
1422,2026-03-29 22:27:18.460,person-WARNING,WARNING,SAFE,False,True,31.91,31.34
1423,2026-03-29 22:27:18.494,person-WARNING,WARNING,SAFE,False,True,32.79,30.5
1424,2026-03-29 22:27:18.527,person-WARNING,WARNING,SAFE,False,True,31.37,31.88
1425,2026-03-29 22:27:18.562,person-WARNING,WARNING,SAFE,False,True,34.19,29.25
1426,2026-03-29 22:27:18.595,person-WARNING,WARNING,SAFE,False,True,32.36,30.91
1427,2026-03-29 22:27:18.629,person-SAFE,SAFE,SAFE,False,True,32.43,30.84
1428,2026-03-29 22:27:18.662,person-SAFE,SAFE,SAFE,False,True,32.05,31.2
1429,2026-03-29 22:27:18.696,person-SAFE,SAFE,SAFE,False,True,32.85,30.44
1430,2026-03-29 22:27:18.731,person-SAFE,SAFE,SAFE,False,True,34.22,29.22
1431,2026-03-29 22:27:18.764,person-SAFE,SAFE,SAFE,False,True,32.11,31.14
1432,2026-03-29 22:27:18.798,person-SAFE,SAFE,SAFE,False,True,32.8,30.48
1433,2026-03-29 22:27:18.832,person-SAFE,SAFE,SAFE,False,True,32.41,30.85
1434,2026-03-29 22:27:18.865,person-SAFE,SAFE,SAFE,False,True,31.84,31.4
1435,2026-03-29 22:27:18.900,person-SAFE,SAFE,SAFE,False,True,34.79,28.75
1436,2026-03-29 22:27:18.934,person-SAFE,SAFE,SAFE,False,True,32.84,30.45
1437,2026-03-29 22:27:18.968,person-SAFE,SAFE,SAFE,False,True,32.29,30.97
1438,2026-03-29 22:27:19.001,person-SAFE,SAFE,SAFE,False,True,32.51,30.76
1439,2026-03-29 22:27:19.034,person-SAFE,SAFE,SAFE,False,True,32.29,30.97
1440,2026-03-29 22:27:19.066,person-SAFE,SAFE,SAFE,False,True,30.89,32.38
1441,2026-03-29 22:27:19.099,person-SAFE,SAFE,SAFE,False,True,31.99,31.26
1442,2026-03-29 22:27:19.117,person-SAFE,SAFE,SAFE,False,True,16.88,59.25
1443,2026-03-29 22:27:19.135,person-SAFE,SAFE,SAFE,False,True,16.92,59.11
1444,2026-03-29 22:27:19.154,person-SAFE,SAFE,SAFE,False,True,17.86,55.98
1445,2026-03-29 22:27:19.173,person-SAFE,SAFE,SAFE,False,True,17.93,55.77
1446,2026-03-29 22:27:19.192,person-SAFE,SAFE,SAFE,False,True,18.32,54.57
1447,2026-03-29 22:27:19.212,person-SAFE,SAFE,SAFE,False,True,18.83,53.11
1448,2026-03-29 22:27:19.232,person-SAFE,SAFE,SAFE,False,True,18.91,52.89
1449,2026-03-29 22:27:19.251,person-SAFE,SAFE,SAFE,False,True,17.94,55.74
1450,2026-03-29 22:27:19.272,person-SAFE,SAFE,SAFE,False,True,19.26,51.91
1451,2026-03-29 22:27:19.293,person-SAFE,SAFE,SAFE,False,True,19.51,51.26
1452,2026-03-29 22:27:19.314,person-SAFE,SAFE,SAFE,False,True,20.44,48.93
1453,2026-03-29 22:27:19.335,person-SAFE,SAFE,SAFE,False,True,19.69,50.78
1454,2026-03-29 22:27:19.357,person-SAFE,SAFE,SAFE,False,True,21.28,46.98
1455,2026-03-29 22:27:19.380,person-SAFE,SAFE,SAFE,False,True,21.75,45.98
1456,2026-03-29 22:27:19.404,person-SAFE,SAFE,SAFE,False,True,22.93,43.62
1457,2026-03-29 22:27:19.431,person-SAFE,SAFE,SAFE,False,True,25.47,39.26
1458,2026-03-29 22:27:19.457,person-SAFE,SAFE,SAFE,False,True,24.84,40.26
1459,2026-03-29 22:27:19.485,person-SAFE,SAFE,SAFE,False,True,27.7,36.1
1460,2026-03-29 22:27:19.512,person-SAFE,SAFE,SAFE,False,True,25.85,38.69
1461,2026-03-29 22:27:19.543,person-SAFE,SAFE,SAFE,False,True,29.61,33.77
1462,2026-03-29 22:27:19.577,person-SAFE,SAFE,SAFE,False,True,32.83,30.46
1463,2026-03-29 22:27:19.610,person-SAFE,SAFE,SAFE,False,True,31.71,31.54
1464,2026-03-29 22:27:19.645,person-SAFE,SAFE,SAFE,False,True,34.12,29.31
1465,2026-03-29 22:27:19.678,person-SAFE,SAFE,SAFE,False,True,32.38,30.88
1466,2026-03-29 22:27:19.712,person-SAFE,SAFE,SAFE,False,True,32.52,30.75
1467,2026-03-29 22:27:19.746,person-SAFE,SAFE,SAFE,False,True,32.28,30.98
1468,2026-03-29 22:27:19.779,person-SAFE,SAFE,SAFE,False,True,32.18,31.08
1469,2026-03-29 22:27:19.812,person-SAFE,SAFE,SAFE,False,True,32.1,31.16
1470,2026-03-29 22:27:19.844,person-SAFE,SAFE,SAFE,False,True,30.72,32.55
1471,2026-03-29 22:27:19.879,person-SAFE,SAFE,SAFE,False,True,33.78,29.6
1472,2026-03-29 22:27:19.912,person-SAFE,SAFE,SAFE,False,True,32.21,31.05
1473,2026-03-29 22:27:19.946,person-SAFE,SAFE,SAFE,False,True,32.65,30.62
1474,2026-03-29 22:27:19.979,person-SAFE,SAFE,SAFE,False,True,32.09,31.16
1475,2026-03-29 22:27:20.013,person-SAFE,SAFE,SAFE,False,True,32.21,31.04
1476,2026-03-29 22:27:20.049,person-SAFE,SAFE,SAFE,False,True,34.84,28.7
1477,2026-03-29 22:27:20.082,person-SAFE,SAFE,SAFE,False,True,32.27,30.98
1478,2026-03-29 22:27:20.114,person-SAFE,SAFE,SAFE,False,True,31.64,31.61
1479,2026-03-29 22:27:20.148,person-SAFE,SAFE,SAFE,False,True,32.36,30.9
1480,2026-03-29 22:27:20.181,person-SAFE,SAFE,SAFE,False,True,32.08,31.17
1481,2026-03-29 22:27:20.215,person-SAFE,SAFE,SAFE,False,True,32.53,30.74
1482,2026-03-29 22:27:20.247,person-SAFE,SAFE,SAFE,False,True,31.65,31.6
1483,2026-03-29 22:27:20.283,person-SAFE,SAFE,SAFE,False,True,34.56,28.94
1484,2026-03-29 22:27:20.317,person-SAFE,SAFE,SAFE,False,True,33.05,30.25
1485,2026-03-29 22:27:20.351,person-SAFE,SAFE,SAFE,False,True,32.46,30.81
1486,2026-03-29 22:27:20.383,person-SAFE,SAFE,SAFE,False,True,31.83,31.42
1487,2026-03-29 22:27:20.415,person-SAFE,SAFE,SAFE,False,True,30.59,32.69
1488,2026-03-29 22:27:20.449,person-SAFE,SAFE,SAFE,False,True,32.57,30.71
1489,2026-03-29 22:27:20.482,person-SAFE,SAFE,SAFE,False,True,31.68,31.56
1490,2026-03-29 22:27:20.516,person-SAFE,SAFE,SAFE,False,True,33.2,30.12
1491,2026-03-29 22:27:20.534,person-SAFE,SAFE,SAFE,False,True,17.17,58.26
1492,2026-03-29 22:27:20.552,person-SAFE,SAFE,SAFE,False,True,17.12,58.41
1493,2026-03-29 22:27:20.571,person-SAFE,SAFE,SAFE,False,True,18.04,55.42
1494,2026-03-29 22:27:20.591,person-SAFE,SAFE,SAFE,False,True,18.6,53.75
1495,2026-03-29 22:27:20.610,person-SAFE,SAFE,SAFE,False,True,18.01,55.52
1496,2026-03-29 22:27:20.629,person-SAFE,SAFE,SAFE,False,True,18.35,54.5
1497,2026-03-29 22:27:20.649,person-SAFE,SAFE,SAFE,False,True,18.5,54.07
1498,2026-03-29 22:27:20.668,person-SAFE,SAFE,SAFE,False,True,18.37,54.44
1499,2026-03-29 22:27:20.689,person-SAFE,SAFE,SAFE,False,True,19.26,51.92
1500,2026-03-29 22:27:20.710,person-SAFE,SAFE,SAFE,False,True,20.19,49.53
1501,2026-03-29 22:27:20.730,person-WARNING,WARNING,SAFE,False,True,19.46,51.4
1502,2026-03-29 22:27:20.751,person-WARNING,WARNING,SAFE,False,True,19.74,50.65
1503,2026-03-29 22:27:20.772,person-WARNING,WARNING,SAFE,False,True,20.26,49.37
1504,2026-03-29 22:27:20.796,person-WARNING,WARNING,SAFE,False,True,22.16,45.11
1505,2026-03-29 22:27:20.821,person-WARNING,WARNING,SAFE,False,True,24.36,41.05
1506,2026-03-29 22:27:20.846,person-WARNING,WARNING,SAFE,False,True,23.84,41.94
1507,2026-03-29 22:27:20.874,person-WARNING,WARNING,SAFE,False,True,27.04,36.98
1508,2026-03-29 22:27:20.905,person-WARNING,WARNING,SAFE,False,True,29.89,33.46
1509,2026-03-29 22:27:20.935,person-WARNING,WARNING,SAFE,False,True,28.68,34.87
1510,2026-03-29 22:27:20.965,person-WARNING,WARNING,SAFE,False,True,28.89,34.62
1511,2026-03-29 22:27:20.997,person-WARNING,WARNING,SAFE,False,True,31.63,31.61
1512,2026-03-29 22:27:21.033,person-WARNING,WARNING,SAFE,False,True,34.85,28.69
1513,2026-03-29 22:27:21.066,person-WARNING,WARNING,SAFE,False,True,31.69,31.56
1514,2026-03-29 22:27:21.100,person-WARNING,WARNING,SAFE,False,True,32.57,30.7
1515,2026-03-29 22:27:21.132,person-WARNING,WARNING,SAFE,False,True,31.48,31.76
1516,2026-03-29 22:27:21.168,person-WARNING,WARNING,SAFE,False,True,34.75,28.78
1517,2026-03-29 22:27:21.201,person-WARNING,WARNING,SAFE,False,True,31.7,31.54
1518,2026-03-29 22:27:21.235,person-WARNING,WARNING,SAFE,False,True,32.82,30.47
1519,2026-03-29 22:27:21.267,person-WARNING,WARNING,SAFE,False,True,30.94,32.32
1520,2026-03-29 22:27:21.299,person-WARNING,WARNING,SAFE,False,True,31.58,31.66
1521,2026-03-29 22:27:21.332,person-WARNING,WARNING,SAFE,False,True,31.61,31.64
1522,2026-03-29 22:27:21.349,person-WARNING,WARNING,SAFE,False,True,16.53,60.49
1523,2026-03-29 22:27:21.367,person-WARNING,WARNING,SAFE,False,True,16.73,59.77
1524,2026-03-29 22:27:21.385,person-WARNING,WARNING,SAFE,False,True,17.32,57.73
1525,2026-03-29 22:27:21.404,person-WARNING,WARNING,SAFE,False,True,18.14,55.12
1526,2026-03-29 22:27:21.423,person-WARNING,WARNING,SAFE,False,True,17.74,56.37
1527,2026-03-29 22:27:21.442,person-WARNING,WARNING,SAFE,False,True,17.75,56.35
1528,2026-03-29 22:27:21.461,person-WARNING,WARNING,SAFE,False,True,18.48,54.1
1529,2026-03-29 22:27:21.481,person-WARNING,WARNING,SAFE,False,True,18.91,52.87
1530,2026-03-29 22:27:21.500,person-WARNING,WARNING,SAFE,False,True,18.1,55.24
1531,2026-03-29 22:27:21.521,person-WARNING,WARNING,SAFE,False,True,19.36,51.65
1532,2026-03-29 22:27:21.542,person-WARNING,WARNING,SAFE,False,True,19.46,51.38
1533,2026-03-29 22:27:21.564,person-WARNING,WARNING,SAFE,False,True,21.2,47.18
1534,2026-03-29 22:27:21.585,person-WARNING,WARNING,SAFE,False,True,19.92,50.2
1535,2026-03-29 22:27:21.607,person-WARNING,WARNING,SAFE,False,True,21.26,47.04
1536,2026-03-29 22:27:21.630,person-WARNING,WARNING,SAFE,False,True,21.62,46.25
1537,2026-03-29 22:27:21.654,person-WARNING,WARNING,SAFE,False,True,23.06,43.36
1538,2026-03-29 22:27:21.679,person-WARNING,WARNING,SAFE,False,True,23.72,42.15
1539,2026-03-29 22:27:21.705,person-WARNING,WARNING,SAFE,False,True,25.64,39.0
1540,2026-03-29 22:27:21.736,person-WARNING,WARNING,SAFE,False,True,29.56,33.83
1541,2026-03-29 22:27:21.761,person-WARNING,WARNING,SAFE,False,True,23.42,42.7
1542,2026-03-29 22:27:21.788,person-WARNING,WARNING,SAFE,False,True,25.96,38.52
1543,2026-03-29 22:27:21.816,person-WARNING,WARNING,SAFE,False,True,26.91,37.17
1544,2026-03-29 22:27:21.843,person-WARNING,WARNING,SAFE,False,True,26.61,37.58
1545,2026-03-29 22:27:21.874,person-WARNING,WARNING,SAFE,False,True,29.24,34.2
1546,2026-03-29 22:27:21.904,person-WARNING,WARNING,SAFE,False,True,29.24,34.2
1547,2026-03-29 22:27:21.933,person-WARNING,WARNING,SAFE,False,True,27.53,36.32
1548,2026-03-29 22:27:21.961,person-WARNING,WARNING,SAFE,False,True,26.71,37.43
1549,2026-03-29 22:27:21.991,person-WARNING,WARNING,SAFE,False,True,29.18,34.27
1550,2026-03-29 22:27:22.021,person-WARNING,WARNING,SAFE,False,True,29.09,34.38
1551,2026-03-29 22:27:22.049,person-WARNING,WARNING,SAFE,False,True,26.55,37.67
1552,2026-03-29 22:27:22.077,person-WARNING,WARNING,SAFE,False,True,27.61,36.22
1553,2026-03-29 22:27:22.108,person-WARNING,WARNING,SAFE,False,True,29.1,34.36
1554,2026-03-29 22:27:22.144,person-WARNING,WARNING,SAFE,False,True,35.22,28.39
1555,2026-03-29 22:27:22.172,person-WARNING,WARNING,SAFE,False,True,27.22,36.73
1556,2026-03-29 22:27:22.199,person-WARNING,WARNING,SAFE,False,True,26.06,38.37
1557,2026-03-29 22:27:22.227,person-WARNING,WARNING,SAFE,False,True,26.69,37.47
1558,2026-03-29 22:27:22.256,person-CRITICAL,CRITICAL,SAFE,True,False,62.37,35.73
1559,2026-03-29 22:27:22.283,person-CRITICAL,CRITICAL,SAFE,True,False,60.62,37.94
1560,2026-03-29 22:27:22.309,person-CRITICAL,CRITICAL,SAFE,True,False,70.37,40.37
1561,2026-03-29 22:27:22.338,person-CRITICAL,CRITICAL,SAFE,True,False,70.69,36.1
1562,2026-03-29 22:27:22.363,person-CRITICAL,CRITICAL,SAFE,True,False,65.34,41.17
1563,2026-03-29 22:27:22.390,person-CRITICAL,CRITICAL,SAFE,True,False,67.89,39.31
1564,2026-03-29 22:27:22.417,person-CRITICAL,CRITICAL,SAFE,True,False,71.69,37.7
1565,2026-03-29 22:27:22.442,person-CRITICAL,CRITICAL,SAFE,True,False,60.91,41.74
1566,2026-03-29 22:27:22.469,person-CRITICAL,CRITICAL,SAFE,True,False,55.36,39.39
1567,2026-03-29 22:27:22.493,person-CRITICAL,CRITICAL,SAFE,True,False,71.07,42.08
1568,2026-03-29 22:27:22.522,person-CRITICAL,CRITICAL,SAFE,True,False,72.75,36.33
1569,2026-03-29 22:27:22.549,person-CRITICAL,CRITICAL,SAFE,True,False,53.64,38.91
1570,2026-03-29 22:27:22.576,person-CRITICAL,CRITICAL,SAFE,True,False,54.7,38.55
1571,2026-03-29 22:27:22.605,person-CRITICAL,CRITICAL,SAFE,True,False,57.54,35.76
1572,2026-03-29 22:27:22.633,person-CRITICAL,CRITICAL,SAFE,True,False,48.99,37.25
1573,2026-03-29 22:27:22.661,person-CRITICAL,CRITICAL,SAFE,True,False,59.41,36.68
1574,2026-03-29 22:27:22.694,person-CRITICAL,CRITICAL,SAFE,True,False,58.7,31.1
1575,2026-03-29 22:27:22.725,person-CRITICAL,CRITICAL,SAFE,True,False,79.36,33.26
1576,2026-03-29 22:27:22.760,person-CRITICAL,CRITICAL,SAFE,True,False,76.55,29.85
1577,2026-03-29 22:27:22.786,person-CRITICAL,CRITICAL,SAFE,True,False,59.11,39.51
1578,2026-03-29 22:27:22.805,person-CRITICAL,CRITICAL,SAFE,True,False,56.01,57.37
1579,2026-03-29 22:27:22.824,person-CRITICAL,CRITICAL,SAFE,True,False,62.09,54.59
1580,2026-03-29 22:27:22.843,person-CRITICAL,CRITICAL,SAFE,True,False,37.76,57.08
1581,2026-03-29 22:27:22.861,person-CRITICAL,CRITICAL,SAFE,True,False,67.3,56.0
1582,2026-03-29 22:27:22.881,person-CRITICAL,CRITICAL,SAFE,True,False,43.02,54.19
1583,2026-03-29 22:27:22.899,person-CRITICAL,CRITICAL,SAFE,True,False,54.44,58.38
1584,2026-03-29 22:27:22.918,person-CRITICAL,CRITICAL,SAFE,True,False,52.91,56.06
1585,2026-03-29 22:27:22.938,person-CRITICAL,CRITICAL,SAFE,True,False,45.8,52.41
1586,2026-03-29 22:27:22.959,person-CRITICAL,CRITICAL,SAFE,True,False,68.7,50.74
1587,2026-03-29 22:27:22.980,person-CRITICAL,CRITICAL,SAFE,True,False,42.86,50.74
1588,2026-03-29 22:27:23.000,person-CRITICAL,CRITICAL,SAFE,True,False,60.0,52.05
1589,2026-03-29 22:27:23.021,person-CRITICAL,CRITICAL,SAFE,True,False,59.14,49.8
1590,2026-03-29 22:27:23.043,person-CRITICAL,CRITICAL,SAFE,True,False,67.07,48.01
1591,2026-03-29 22:27:23.066,person-CRITICAL,CRITICAL,SAFE,True,False,59.45,45.76
1592,2026-03-29 22:27:23.090,person-CRITICAL,CRITICAL,SAFE,True,False,71.31,43.51
1593,2026-03-29 22:27:23.116,person-CRITICAL,CRITICAL,SAFE,True,False,66.94,39.58
1594,2026-03-29 22:27:23.143,person-CRITICAL,CRITICAL,SAFE,True,False,56.57,38.52
1595,2026-03-29 22:27:23.173,person-CRITICAL,CRITICAL,SAFE,True,False,63.44,34.73
1596,2026-03-29 22:27:23.203,person-CRITICAL,CRITICAL,SAFE,True,False,67.94,34.17
1597,2026-03-29 22:27:23.232,person-CRITICAL,CRITICAL,SAFE,True,False,61.08,36.35
1598,2026-03-29 22:27:23.262,person-CRITICAL,CRITICAL,SAFE,True,False,72.61,34.16
1599,2026-03-29 22:27:23.295,person-CRITICAL,CRITICAL,SAFE,True,False,80.88,31.84
1600,2026-03-29 22:27:23.331,person-CRITICAL,CRITICAL,SAFE,True,False,80.43,29.08
1601,2026-03-29 22:27:23.364,person-CRITICAL,CRITICAL,SAFE,True,False,62.85,31.28
1602,2026-03-29 22:27:23.396,person-CRITICAL,CRITICAL,SAFE,True,False,77.14,31.64
1603,2026-03-29 22:27:23.430,person-CRITICAL,CRITICAL,SAFE,True,False,68.02,30.72
1604,2026-03-29 22:27:23.464,person-CRITICAL,CRITICAL,SAFE,True,False,58.65,30.51
1605,2026-03-29 22:27:23.499,person-CRITICAL,CRITICAL,SAFE,True,False,65.54,29.68
1606,2026-03-29 22:27:23.517,person-CRITICAL,CRITICAL,SAFE,True,False,53.03,58.35
1607,2026-03-29 22:27:23.535,person-CRITICAL,CRITICAL,SAFE,True,False,60.74,58.07
1608,2026-03-29 22:27:23.553,person-CRITICAL,CRITICAL,SAFE,True,False,44.89,58.08
1609,2026-03-29 22:27:23.572,person-CRITICAL,CRITICAL,SAFE,True,False,65.66,54.9
1610,2026-03-29 22:27:23.591,person-CRITICAL,CRITICAL,SAFE,True,False,48.2,54.53
1611,2026-03-29 22:27:23.611,person-CRITICAL,CRITICAL,SAFE,True,False,67.89,53.91
1612,2026-03-29 22:27:23.630,person-CRITICAL,CRITICAL,SAFE,True,False,39.16,54.99
1613,2026-03-29 22:27:23.650,person-CRITICAL,CRITICAL,SAFE,True,False,46.62,54.52
1614,2026-03-29 22:27:23.670,person-CRITICAL,CRITICAL,SAFE,True,False,67.01,52.09
1615,2026-03-29 22:27:23.691,person-CRITICAL,CRITICAL,SAFE,True,False,44.31,50.74
1616,2026-03-29 22:27:23.712,person-CRITICAL,CRITICAL,SAFE,True,False,63.99,49.66
1617,2026-03-29 22:27:23.733,person-CRITICAL,CRITICAL,SAFE,True,False,49.73,50.45
1618,2026-03-29 22:27:23.754,person-CRITICAL,CRITICAL,SAFE,True,False,66.51,50.99
1619,2026-03-29 22:27:23.777,person-CRITICAL,CRITICAL,SAFE,True,False,56.31,46.28
1620,2026-03-29 22:27:23.801,person-CRITICAL,CRITICAL,SAFE,True,False,44.5,43.64
1621,2026-03-29 22:27:23.826,person-CRITICAL,CRITICAL,SAFE,True,False,45.4,41.6
1622,2026-03-29 22:27:23.854,person-CRITICAL,CRITICAL,SAFE,True,False,54.37,36.92
1623,2026-03-29 22:27:23.882,person-CRITICAL,CRITICAL,SAFE,True,False,71.9,37.59
1624,2026-03-29 22:27:23.912,person-CRITICAL,CRITICAL,SAFE,True,False,68.65,35.24
1625,2026-03-29 22:27:23.945,person-CRITICAL,CRITICAL,SAFE,True,False,58.08,31.31
1626,2026-03-29 22:27:23.977,person-CRITICAL,CRITICAL,SAFE,True,False,54.33,32.02
1627,2026-03-29 22:27:24.010,person-CRITICAL,CRITICAL,SAFE,True,False,74.34,31.41
1628,2026-03-29 22:27:24.046,person-CRITICAL,CRITICAL,SAFE,True,False,71.09,29.16
1629,2026-03-29 22:27:24.079,person-CRITICAL,CRITICAL,SAFE,True,False,71.69,31.03
1630,2026-03-29 22:27:24.113,person-CRITICAL,CRITICAL,SAFE,True,False,69.51,30.21
1631,2026-03-29 22:27:24.146,person-CRITICAL,CRITICAL,SAFE,True,False,56.32,31.78
1632,2026-03-29 22:27:24.179,person-CRITICAL,CRITICAL,SAFE,True,False,60.61,31.08
1633,2026-03-29 22:27:24.216,person-CRITICAL,CRITICAL,SAFE,True,False,67.66,28.39
1634,2026-03-29 22:27:24.249,person-CRITICAL,CRITICAL,SAFE,True,False,74.62,31.1
1635,2026-03-29 22:27:24.282,person-CRITICAL,CRITICAL,SAFE,True,False,70.66,31.72
1636,2026-03-29 22:27:24.319,person-CRITICAL,CRITICAL,SAFE,True,False,69.08,27.87
1637,2026-03-29 22:27:24.352,person-CRITICAL,CRITICAL,SAFE,True,False,63.02,30.92
1638,2026-03-29 22:27:24.385,person-CRITICAL,CRITICAL,SAFE,True,False,59.77,31.73
1639,2026-03-29 22:27:24.417,person-CRITICAL,CRITICAL,SAFE,True,False,64.2,31.93
1640,2026-03-29 22:27:24.434,person-CRITICAL,CRITICAL,SAFE,True,False,56.7,60.24
1641,2026-03-29 22:27:24.453,person-CRITICAL,CRITICAL,SAFE,True,False,43.46,55.96
1642,2026-03-29 22:27:24.472,person-CRITICAL,CRITICAL,SAFE,True,False,63.83,56.52
1643,2026-03-29 22:27:24.491,person-CRITICAL,CRITICAL,SAFE,True,False,58.95,55.28
1644,2026-03-29 22:27:24.510,person-CRITICAL,CRITICAL,SAFE,True,False,47.69,56.09
1645,2026-03-29 22:27:24.529,person-CRITICAL,CRITICAL,SAFE,True,False,41.74,55.84
1646,2026-03-29 22:27:24.549,person-CRITICAL,CRITICAL,SAFE,True,False,45.76,54.42
1647,2026-03-29 22:27:24.568,person-CRITICAL,CRITICAL,SAFE,True,False,45.36,54.36
1648,2026-03-29 22:27:24.591,person-CRITICAL,CRITICAL,SAFE,True,False,59.15,46.94
1649,2026-03-29 22:27:24.612,person-CRITICAL,CRITICAL,SAFE,True,False,41.4,48.42
1650,2026-03-29 22:27:24.633,person-CRITICAL,CRITICAL,SAFE,True,False,53.38,51.29
1651,2026-03-29 22:27:24.655,person-CRITICAL,CRITICAL,SAFE,True,False,44.27,49.01
1652,2026-03-29 22:27:24.679,person-CRITICAL,CRITICAL,SAFE,True,False,52.23,43.78
1653,2026-03-29 22:27:24.702,person-CRITICAL,CRITICAL,SAFE,True,False,64.16,44.85
1654,2026-03-29 22:27:24.725,person-CRITICAL,CRITICAL,SAFE,True,False,71.23,44.26
1655,2026-03-29 22:27:24.752,person-CRITICAL,CRITICAL,SAFE,True,False,54.21,39.35
1656,2026-03-29 22:27:24.780,person-CRITICAL,CRITICAL,SAFE,True,False,67.42,37.5
1657,2026-03-29 22:27:24.810,person-CRITICAL,CRITICAL,SAFE,True,False,60.79,34.14
1658,2026-03-29 22:27:24.842,person-CRITICAL,CRITICAL,SAFE,True,False,69.48,32.39
1659,2026-03-29 22:27:24.875,person-CRITICAL,CRITICAL,SAFE,True,False,62.46,31.11
1660,2026-03-29 22:27:24.903,person-CRITICAL,CRITICAL,SAFE,True,False,70.87,37.97
1661,2026-03-29 22:27:24.921,person-CRITICAL,CRITICAL,SAFE,True,False,49.71,58.12
1662,2026-03-29 22:27:24.940,person-CRITICAL,CRITICAL,SAFE,True,False,60.85,57.49
1663,2026-03-29 22:27:24.958,person-CRITICAL,CRITICAL,SAFE,True,False,38.81,56.38
1664,2026-03-29 22:27:24.977,person-CRITICAL,CRITICAL,SAFE,True,False,61.81,56.03
1665,2026-03-29 22:27:24.996,person-CRITICAL,CRITICAL,SAFE,True,False,52.09,56.5
1666,2026-03-29 22:27:25.015,person-CRITICAL,CRITICAL,SAFE,True,False,41.92,55.5
1667,2026-03-29 22:27:25.034,person-CRITICAL,CRITICAL,SAFE,True,False,61.42,54.82
1668,2026-03-29 22:27:25.054,person-WARNING,WARNING,SAFE,False,True,18.66,53.58
1669,2026-03-29 22:27:25.074,person-WARNING,WARNING,SAFE,False,True,19.13,52.26
1670,2026-03-29 22:27:25.095,person-WARNING,WARNING,SAFE,False,True,19.72,50.71
1671,2026-03-29 22:27:25.116,person-WARNING,WARNING,SAFE,False,True,19.71,50.73
1672,2026-03-29 22:27:25.137,person-WARNING,WARNING,SAFE,False,True,20.04,49.9
1673,2026-03-29 22:27:25.158,person-WARNING,WARNING,SAFE,False,True,19.64,50.92
1674,2026-03-29 22:27:25.180,person-WARNING,WARNING,SAFE,False,True,20.99,47.65
1675,2026-03-29 22:27:25.203,person-WARNING,WARNING,SAFE,False,True,21.89,45.69
1676,2026-03-29 22:27:25.227,person-WARNING,WARNING,SAFE,False,True,23.0,43.48
1677,2026-03-29 22:27:25.255,person-WARNING,WARNING,SAFE,False,True,26.79,37.33
1678,2026-03-29 22:27:25.283,person-WARNING,WARNING,SAFE,False,True,26.74,37.39
1679,2026-03-29 22:27:25.315,person-WARNING,WARNING,SAFE,False,True,31.36,31.88
1680,2026-03-29 22:27:25.350,person-WARNING,WARNING,SAFE,False,True,33.45,29.89
1681,2026-03-29 22:27:25.384,person-WARNING,WARNING,SAFE,False,True,32.83,30.46
1682,2026-03-29 22:27:25.417,person-WARNING,WARNING,SAFE,False,True,32.19,31.06
1683,2026-03-29 22:27:25.449,person-WARNING,WARNING,SAFE,False,True,30.79,32.47
1684,2026-03-29 22:27:25.483,person-WARNING,WARNING,SAFE,False,True,33.17,30.15
1685,2026-03-29 22:27:25.513,person-WARNING,WARNING,SAFE,False,True,28.76,34.77
1686,2026-03-29 22:27:25.544,person-WARNING,WARNING,SAFE,False,True,30.16,33.15
1687,2026-03-29 22:27:25.576,person-WARNING,WARNING,SAFE,False,True,30.07,33.26
1688,2026-03-29 22:27:25.607,person-WARNING,WARNING,SAFE,False,True,30.13,33.19
1689,2026-03-29 22:27:25.639,person-WARNING,WARNING,SAFE,False,True,30.5,32.78
1690,2026-03-29 22:27:25.669,person-WARNING,WARNING,SAFE,False,True,29.62,33.76
1691,2026-03-29 22:27:25.702,person-WARNING,WARNING,SAFE,False,True,31.86,31.38
1692,2026-03-29 22:27:25.733,person-WARNING,WARNING,SAFE,False,True,29.51,33.89
1693,2026-03-29 22:27:25.764,person-SAFE,SAFE,SAFE,False,True,30.57,32.72
1694,2026-03-29 22:27:25.797,person-SAFE,SAFE,SAFE,False,True,31.55,31.7
1695,2026-03-29 22:27:25.830,person-SAFE,SAFE,SAFE,False,True,31.32,31.93
1696,2026-03-29 22:27:25.862,person-SAFE,SAFE,SAFE,False,True,31.53,31.72
1697,2026-03-29 22:27:25.899,person-SAFE,SAFE,SAFE,False,True,35.19,28.42
1698,2026-03-29 22:27:25.932,person-SAFE,SAFE,SAFE,False,True,32.64,30.64
1699,2026-03-29 22:27:25.967,person-SAFE,SAFE,SAFE,False,True,33.88,29.52
1700,2026-03-29 22:27:26.001,person-SAFE,SAFE,SAFE,False,True,33.11,30.2
1701,2026-03-29 22:27:26.019,person-SAFE,SAFE,SAFE,False,True,17.06,58.62
1702,2026-03-29 22:27:26.038,person-SAFE,SAFE,SAFE,False,True,17.23,58.04
1703,2026-03-29 22:27:26.056,person-SAFE,SAFE,SAFE,False,True,17.87,55.96
1704,2026-03-29 22:27:26.075,person-SAFE,SAFE,SAFE,False,True,17.79,56.21
1705,2026-03-29 22:27:26.094,person-SAFE,SAFE,SAFE,False,True,17.75,56.35
1706,2026-03-29 22:27:26.113,person-SAFE,SAFE,SAFE,False,True,17.72,56.44
1707,2026-03-29 22:27:26.132,person-SAFE,SAFE,SAFE,False,True,18.04,55.44
1708,2026-03-29 22:27:26.152,person-SAFE,SAFE,SAFE,False,True,19.32,51.76
1709,2026-03-29 22:27:26.173,person-SAFE,SAFE,SAFE,False,True,19.25,51.94
1710,2026-03-29 22:27:26.194,person-SAFE,SAFE,SAFE,False,True,20.5,48.78
1711,2026-03-29 22:27:26.215,person-SAFE,SAFE,SAFE,False,True,19.83,50.42
1712,2026-03-29 22:27:26.236,person-SAFE,SAFE,SAFE,False,True,19.55,51.15
1713,2026-03-29 22:27:26.258,person-SAFE,SAFE,SAFE,False,True,21.41,46.71
1714,2026-03-29 22:27:26.281,person-SAFE,SAFE,SAFE,False,True,22.3,44.84
1715,2026-03-29 22:27:26.306,person-SAFE,SAFE,SAFE,False,True,23.39,42.76
1716,2026-03-29 22:27:26.332,person-SAFE,SAFE,SAFE,False,True,25.21,39.66
1717,2026-03-29 22:27:26.359,person-SAFE,SAFE,SAFE,False,True,25.98,38.49
1718,2026-03-29 22:27:26.390,person-SAFE,SAFE,SAFE,False,True,29.67,33.7
1719,2026-03-29 22:27:26.420,person-SAFE,SAFE,SAFE,False,True,29.74,33.63
1720,2026-03-29 22:27:26.449,person-SAFE,SAFE,SAFE,False,True,27.25,36.69
1721,2026-03-29 22:27:26.478,person-SAFE,SAFE,SAFE,False,True,28.32,35.31
1722,2026-03-29 22:27:26.510,person-SAFE,SAFE,SAFE,False,True,31.07,32.19
1723,2026-03-29 22:27:26.543,person-SAFE,SAFE,SAFE,False,True,32.07,31.18
1724,2026-03-29 22:27:26.578,person-SAFE,SAFE,SAFE,False,True,33.71,29.67
1725,2026-03-29 22:27:26.611,person-SAFE,SAFE,SAFE,False,True,32.19,31.06
1726,2026-03-29 22:27:26.645,person-SAFE,SAFE,SAFE,False,True,31.95,31.3
1727,2026-03-29 22:27:26.677,person-SAFE,SAFE,SAFE,False,True,31.59,31.66
1728,2026-03-29 22:27:26.712,person-SAFE,SAFE,SAFE,False,True,33.72,29.66
1729,2026-03-29 22:27:26.745,person-SAFE,SAFE,SAFE,False,True,32.49,30.78
1730,2026-03-29 22:27:26.779,person-SAFE,SAFE,SAFE,False,True,32.44,30.82
1731,2026-03-29 22:27:26.813,person-SAFE,SAFE,SAFE,False,True,32.44,30.82
1732,2026-03-29 22:27:26.847,person-WARNING,WARNING,SAFE,False,True,33.64,29.73
1733,2026-03-29 22:27:26.866,person-WARNING,WARNING,SAFE,False,True,17.7,56.48
1734,2026-03-29 22:27:26.884,person-WARNING,WARNING,SAFE,False,True,17.38,57.53
1735,2026-03-29 22:27:26.903,person-WARNING,WARNING,SAFE,False,True,17.72,56.42
1736,2026-03-29 22:27:26.922,person-WARNING,WARNING,SAFE,False,True,17.97,55.65
1737,2026-03-29 22:27:26.941,person-WARNING,WARNING,SAFE,False,True,18.26,54.76
1738,2026-03-29 22:27:26.960,person-WARNING,WARNING,SAFE,False,True,18.27,54.73
1739,2026-03-29 22:27:26.979,person-WARNING,WARNING,SAFE,False,True,18.25,54.8
1740,2026-03-29 22:27:27.000,person-WARNING,WARNING,SAFE,False,True,19.02,52.56
1741,2026-03-29 22:27:27.020,person-WARNING,WARNING,SAFE,False,True,19.32,51.74
1742,2026-03-29 22:27:27.041,person-WARNING,WARNING,SAFE,False,True,19.81,50.48
1743,2026-03-29 22:27:27.062,person-WARNING,WARNING,SAFE,False,True,19.9,50.25
1744,2026-03-29 22:27:27.083,person-WARNING,WARNING,SAFE,False,True,19.59,51.05
1745,2026-03-29 22:27:27.104,person-WARNING,WARNING,SAFE,False,True,20.06,49.84
1746,2026-03-29 22:27:27.126,person-WARNING,WARNING,SAFE,False,True,21.49,46.52
1747,2026-03-29 22:27:27.154,person-WARNING,WARNING,SAFE,False,True,26.84,37.25
1748,2026-03-29 22:27:27.181,person-WARNING,WARNING,SAFE,False,True,25.54,39.15
1749,2026-03-29 22:27:27.208,person-WARNING,WARNING,SAFE,False,True,25.54,39.16
1750,2026-03-29 22:27:27.241,person-WARNING,WARNING,SAFE,False,True,31.06,32.2
1751,2026-03-29 22:27:27.272,person-WARNING,WARNING,SAFE,False,True,30.7,32.57
1752,2026-03-29 22:27:27.304,person-WARNING,WARNING,SAFE,False,True,30.4,32.89
1753,2026-03-29 22:27:27.334,person-WARNING,WARNING,SAFE,False,True,28.35,35.27
1754,2026-03-29 22:27:27.352,person-WARNING,WARNING,SAFE,False,True,17.15,58.3
1755,2026-03-29 22:27:27.370,person-WARNING,WARNING,SAFE,False,True,17.0,58.83
1756,2026-03-29 22:27:27.388,person-WARNING,WARNING,SAFE,False,True,17.8,56.16
1757,2026-03-29 22:27:27.407,person-CRITICAL,CRITICAL,SAFE,True,False,49.22,56.23
1758,2026-03-29 22:27:27.425,person-CRITICAL,CRITICAL,SAFE,True,False,49.88,57.27
1759,2026-03-29 22:27:27.444,person-CRITICAL,CRITICAL,SAFE,True,False,42.51,55.96
1760,2026-03-29 22:27:27.462,person-CRITICAL,CRITICAL,SAFE,True,False,44.65,58.13
1761,2026-03-29 22:27:27.481,person-CRITICAL,CRITICAL,SAFE,True,False,59.22,56.89
1762,2026-03-29 22:27:27.499,person-CRITICAL,CRITICAL,SAFE,True,False,60.84,57.34
1763,2026-03-29 22:27:27.519,person-CRITICAL,CRITICAL,SAFE,True,False,53.73,53.94
1764,2026-03-29 22:27:27.539,person-CRITICAL,CRITICAL,SAFE,True,False,40.26,51.86
1765,2026-03-29 22:27:27.559,person-CRITICAL,CRITICAL,SAFE,True,False,57.42,52.15
1766,2026-03-29 22:27:27.581,person-CRITICAL,CRITICAL,SAFE,True,False,67.55,48.04
1767,2026-03-29 22:27:27.601,person-CRITICAL,CRITICAL,SAFE,True,False,68.84,51.52
1768,2026-03-29 22:27:27.623,person-CRITICAL,CRITICAL,SAFE,True,False,47.84,48.1
1769,2026-03-29 22:27:27.646,person-CRITICAL,CRITICAL,SAFE,True,False,54.55,45.04
1770,2026-03-29 22:27:27.669,person-CRITICAL,CRITICAL,SAFE,True,False,56.97,45.0
1771,2026-03-29 22:27:27.695,person-CRITICAL,CRITICAL,SAFE,True,False,50.02,40.8
1772,2026-03-29 22:27:27.723,person-CRITICAL,CRITICAL,SAFE,True,False,72.77,36.86
1773,2026-03-29 22:27:27.754,person-CRITICAL,CRITICAL,SAFE,True,False,57.53,33.56
1774,2026-03-29 22:27:27.782,person-CRITICAL,CRITICAL,SAFE,True,False,57.07,37.31
1775,2026-03-29 22:27:27.812,person-CRITICAL,CRITICAL,SAFE,True,False,52.68,34.51
1776,2026-03-29 22:27:27.844,person-CRITICAL,CRITICAL,SAFE,True,False,63.08,31.96
1777,2026-03-29 22:27:27.878,person-CRITICAL,CRITICAL,SAFE,True,False,59.58,30.89
1778,2026-03-29 22:27:27.911,person-CRITICAL,CRITICAL,SAFE,True,False,70.06,31.49
1779,2026-03-29 22:27:27.944,person-CRITICAL,CRITICAL,SAFE,True,False,74.73,30.85
1780,2026-03-29 22:27:27.977,person-CRITICAL,CRITICAL,SAFE,True,False,76.32,31.97
1781,2026-03-29 22:27:28.004,person-CRITICAL,CRITICAL,SAFE,True,False,70.87,38.6
1782,2026-03-29 22:27:28.022,person-CRITICAL,CRITICAL,SAFE,True,False,47.17,58.41
1783,2026-03-29 22:27:28.040,person-CRITICAL,CRITICAL,SAFE,True,False,58.35,57.46
1784,2026-03-29 22:27:28.059,person-CRITICAL,CRITICAL,SAFE,True,False,56.67,57.5
1785,2026-03-29 22:27:28.077,person-CRITICAL,CRITICAL,SAFE,True,False,52.82,57.33
1786,2026-03-29 22:27:28.095,person-CRITICAL,CRITICAL,SAFE,True,False,54.95,57.17
1787,2026-03-29 22:27:28.115,person-CRITICAL,CRITICAL,SAFE,True,False,45.49,53.32
1788,2026-03-29 22:27:28.134,person-CRITICAL,CRITICAL,SAFE,True,False,63.75,56.41
1789,2026-03-29 22:27:28.154,person-CRITICAL,CRITICAL,SAFE,True,False,48.01,53.83
1790,2026-03-29 22:27:28.174,person-CRITICAL,CRITICAL,SAFE,True,False,54.42,51.14
1791,2026-03-29 22:27:28.195,person-CRITICAL,CRITICAL,SAFE,True,False,66.9,49.82
1792,2026-03-29 22:27:28.216,person-CRITICAL,CRITICAL,SAFE,True,False,46.28,51.98
1793,2026-03-29 22:27:28.236,person-CRITICAL,CRITICAL,SAFE,True,False,53.37,51.88
1794,2026-03-29 22:27:28.258,person-CRITICAL,CRITICAL,SAFE,True,False,52.54,48.2
1795,2026-03-29 22:27:28.282,person-CRITICAL,CRITICAL,SAFE,True,False,44.45,42.89
1796,2026-03-29 22:27:28.306,person-CRITICAL,CRITICAL,SAFE,True,False,70.31,43.42
1797,2026-03-29 22:27:28.333,person-CRITICAL,CRITICAL,SAFE,True,False,66.56,39.53
1798,2026-03-29 22:27:28.359,person-CRITICAL,CRITICAL,SAFE,True,False,67.19,39.68
1799,2026-03-29 22:27:28.388,person-CRITICAL,CRITICAL,SAFE,True,False,56.04,34.85
1800,2026-03-29 22:27:28.420,person-CRITICAL,CRITICAL,SAFE,True,False,61.72,33.23
1801,2026-03-29 22:27:28.446,person-CRITICAL,CRITICAL,SAFE,True,False,50.95,39.45
1802,2026-03-29 22:27:28.480,person-CRITICAL,CRITICAL,SAFE,True,False,58.96,30.95
1803,2026-03-29 22:27:28.512,person-CRITICAL,CRITICAL,SAFE,True,False,51.69,31.95
1804,2026-03-29 22:27:28.545,person-CRITICAL,CRITICAL,SAFE,True,False,69.82,31.03
1805,2026-03-29 22:27:28.578,person-CRITICAL,CRITICAL,SAFE,True,False,76.73,31.49
1806,2026-03-29 22:27:28.611,person-CRITICAL,CRITICAL,SAFE,True,False,74.98,31.73
1807,2026-03-29 22:27:28.645,person-CRITICAL,CRITICAL,SAFE,True,False,68.87,30.14
1808,2026-03-29 22:27:28.679,person-CRITICAL,CRITICAL,SAFE,True,False,70.26,30.74
1809,2026-03-29 22:27:28.712,person-CRITICAL,CRITICAL,SAFE,True,False,54.72,31.2
1810,2026-03-29 22:27:28.745,person-CRITICAL,CRITICAL,SAFE,True,False,58.39,30.84
1811,2026-03-29 22:27:28.778,person-CRITICAL,CRITICAL,SAFE,True,False,52.64,31.42
1812,2026-03-29 22:27:28.812,person-CRITICAL,CRITICAL,SAFE,True,False,80.75,30.99
1813,2026-03-29 22:27:28.845,person-CRITICAL,CRITICAL,SAFE,True,False,70.77,31.1
1814,2026-03-29 22:27:28.879,person-CRITICAL,CRITICAL,SAFE,True,False,76.96,30.03
1815,2026-03-29 22:27:28.913,person-CRITICAL,CRITICAL,SAFE,True,False,68.29,30.73
1816,2026-03-29 22:27:28.946,person-CRITICAL,CRITICAL,SAFE,True,False,65.33,31.39
1817,2026-03-29 22:27:28.980,person-CRITICAL,CRITICAL,SAFE,True,False,70.03,30.76
1818,2026-03-29 22:27:29.013,person-CRITICAL,CRITICAL,SAFE,True,False,73.24,31.1
1819,2026-03-29 22:27:29.047,person-CRITICAL,CRITICAL,SAFE,True,False,69.37,30.57
1820,2026-03-29 22:27:29.080,person-CRITICAL,CRITICAL,SAFE,True,False,68.37,31.96
1821,2026-03-29 22:27:29.115,person-CRITICAL,CRITICAL,SAFE,True,False,63.94,29.11
1822,2026-03-29 22:27:29.148,person-CRITICAL,CRITICAL,SAFE,True,False,67.29,31.23
1823,2026-03-29 22:27:29.182,person-CRITICAL,CRITICAL,SAFE,True,False,68.15,31.05
1824,2026-03-29 22:27:29.214,person-CRITICAL,CRITICAL,SAFE,True,False,73.35,31.52
1825,2026-03-29 22:27:29.248,person-CRITICAL,CRITICAL,SAFE,True,False,72.19,30.76
1826,2026-03-29 22:27:29.280,person-CRITICAL,CRITICAL,SAFE,True,False,62.29,32.38
1827,2026-03-29 22:27:29.315,person-CRITICAL,CRITICAL,SAFE,True,False,65.09,29.48
1828,2026-03-29 22:27:29.333,person-CRITICAL,CRITICAL,SAFE,True,False,59.27,58.86
1829,2026-03-29 22:27:29.352,person-CRITICAL,CRITICAL,SAFE,True,False,66.37,56.74
1830,2026-03-29 22:27:29.371,person-CRITICAL,CRITICAL,SAFE,True,False,65.62,55.18
1831,2026-03-29 22:27:29.390,person-CRITICAL,CRITICAL,SAFE,True,False,52.42,56.2
1832,2026-03-29 22:27:29.409,person-CRITICAL,CRITICAL,SAFE,True,False,57.53,54.54
1833,2026-03-29 22:27:29.429,person-CRITICAL,CRITICAL,SAFE,True,False,47.21,52.52
1834,2026-03-29 22:27:29.449,person-CRITICAL,CRITICAL,SAFE,True,False,46.7,53.22
1835,2026-03-29 22:27:29.469,person-CRITICAL,CRITICAL,SAFE,True,False,51.67,53.5
1836,2026-03-29 22:27:29.489,person-CRITICAL,CRITICAL,SAFE,True,False,46.99,50.26
1837,2026-03-29 22:27:29.511,person-CRITICAL,CRITICAL,SAFE,True,False,51.69,49.49
1838,2026-03-29 22:27:29.531,person-CRITICAL,CRITICAL,SAFE,True,False,65.83,50.57
1839,2026-03-29 22:27:29.552,person-CRITICAL,CRITICAL,SAFE,True,False,64.16,51.65
1840,2026-03-29 22:27:29.573,person-CRITICAL,CRITICAL,SAFE,True,False,56.21,49.65
1841,2026-03-29 22:27:29.595,person-CRITICAL,CRITICAL,SAFE,True,False,54.47,47.55
1842,2026-03-29 22:27:29.619,person-CRITICAL,CRITICAL,SAFE,True,False,64.58,43.14
1843,2026-03-29 22:27:29.644,person-CRITICAL,CRITICAL,SAFE,True,False,56.13,42.53
1844,2026-03-29 22:27:29.671,person-CRITICAL,CRITICAL,SAFE,True,False,69.4,38.76
1845,2026-03-29 22:27:29.699,person-CRITICAL,CRITICAL,SAFE,True,False,59.25,37.32
1846,2026-03-29 22:27:29.728,person-CRITICAL,CRITICAL,SAFE,True,False,54.44,35.78
1847,2026-03-29 22:27:29.760,person-CRITICAL,CRITICAL,SAFE,True,False,80.78,31.88
1848,2026-03-29 22:27:29.793,person-CRITICAL,CRITICAL,SAFE,True,False,79.21,31.6
1849,2026-03-29 22:27:29.828,person-WARNING,WARNING,SAFE,False,True,33.72,29.65
1850,2026-03-29 22:27:29.861,person-WARNING,WARNING,SAFE,False,True,32.15,31.11
1851,2026-03-29 22:27:29.894,person-WARNING,WARNING,SAFE,False,True,31.29,31.96
1852,2026-03-29 22:27:29.926,person-WARNING,WARNING,SAFE,False,True,31.96,31.29
1853,2026-03-29 22:27:29.959,person-WARNING,WARNING,SAFE,False,True,31.85,31.4
1854,2026-03-29 22:27:29.993,person-WARNING,WARNING,SAFE,False,True,32.6,30.67
1855,2026-03-29 22:27:30.025,person-WARNING,WARNING,SAFE,False,True,30.43,32.86
1856,2026-03-29 22:27:30.052,person-WARNING,WARNING,SAFE,False,True,26.45,37.81
1857,2026-03-29 22:27:30.069,person-WARNING,WARNING,SAFE,False,True,16.38,61.05
1858,2026-03-29 22:27:30.087,person-WARNING,WARNING,SAFE,False,True,17.11,58.43
1859,2026-03-29 22:27:30.105,person-WARNING,WARNING,SAFE,False,True,17.0,58.83
1860,2026-03-29 22:27:30.124,person-WARNING,WARNING,SAFE,False,True,17.44,57.34
1861,2026-03-29 22:27:30.142,person-WARNING,WARNING,SAFE,False,True,17.66,56.62
1862,2026-03-29 22:27:30.163,person-WARNING,WARNING,SAFE,False,True,19.22,52.02
1863,2026-03-29 22:27:30.193,person-WARNING,WARNING,SAFE,False,True,29.56,33.83
1864,2026-03-29 22:27:30.259,person-WARNING,WARNING,SAFE,False,True,59.03,16.94
1865,2026-03-29 22:27:30.328,person-WARNING,WARNING,SAFE,False,True,66.66,15.0
1866,2026-03-29 22:27:30.362,person-WARNING,WARNING,SAFE,False,True,31.96,31.28
1867,2026-03-29 22:27:30.397,person-WARNING,WARNING,SAFE,False,True,33.2,30.12
1868,2026-03-29 22:27:30.429,person-WARNING,WARNING,SAFE,False,True,30.91,32.35
1869,2026-03-29 22:27:30.463,person-WARNING,WARNING,SAFE,False,True,32.06,31.19
1870,2026-03-29 22:27:30.496,person-WARNING,WARNING,SAFE,False,True,32.08,31.17
1871,2026-03-29 22:27:30.529,person-WARNING,WARNING,SAFE,False,True,32.39,30.88
1872,2026-03-29 22:27:30.564,person-WARNING,WARNING,SAFE,False,True,33.54,29.81
1873,2026-03-29 22:27:30.597,person-WARNING,WARNING,SAFE,False,True,32.15,31.11
1874,2026-03-29 22:27:30.630,person-WARNING,WARNING,SAFE,False,True,31.61,31.64
1875,2026-03-29 22:27:30.663,person-WARNING,WARNING,SAFE,False,True,31.66,31.59
1876,2026-03-29 22:27:30.696,person-WARNING,WARNING,SAFE,False,True,31.96,31.29
1877,2026-03-29 22:27:30.730,person-WARNING,WARNING,SAFE,False,True,32.72,30.56
1878,2026-03-29 22:27:30.765,person-WARNING,WARNING,SAFE,False,True,34.06,29.36
1879,2026-03-29 22:27:30.799,person-WARNING,WARNING,SAFE,False,True,32.63,30.64
1880,2026-03-29 22:27:30.832,person-WARNING,WARNING,SAFE,False,True,32.68,30.6
1881,2026-03-29 22:27:30.866,person-WARNING,WARNING,SAFE,False,True,32.31,30.95
1882,2026-03-29 22:27:30.899,person-WARNING,WARNING,SAFE,False,True,32.37,30.89
1883,2026-03-29 22:27:30.932,person-WARNING,WARNING,SAFE,False,True,31.96,31.29
1884,2026-03-29 22:27:30.966,person-WARNING,WARNING,SAFE,False,True,32.4,30.87
1885,2026-03-29 22:27:30.999,person-WARNING,WARNING,SAFE,False,True,32.46,30.81
1886,2026-03-29 22:27:31.032,person-WARNING,WARNING,SAFE,False,True,32.06,31.19
1887,2026-03-29 22:27:31.066,person-WARNING,WARNING,SAFE,False,True,32.5,30.77
1888,2026-03-29 22:27:31.099,person-SAFE,SAFE,SAFE,False,True,32.06,31.19
1889,2026-03-29 22:27:31.131,person-SAFE,SAFE,SAFE,False,True,31.66,31.59
1890,2026-03-29 22:27:31.165,person-SAFE,SAFE,SAFE,False,True,32.42,30.84
1891,2026-03-29 22:27:31.198,person-SAFE,SAFE,SAFE,False,True,32.55,30.72
1892,2026-03-29 22:27:31.237,person-SAFE,SAFE,SAFE,False,True,37.55,26.63
1893,2026-03-29 22:27:31.271,person-SAFE,SAFE,SAFE,False,True,32.93,30.37
1894,2026-03-29 22:27:31.305,person-SAFE,SAFE,SAFE,False,True,32.63,30.65
1895,2026-03-29 22:27:31.337,person-SAFE,SAFE,SAFE,False,True,31.44,31.81
1896,2026-03-29 22:27:31.367,person-SAFE,SAFE,SAFE,False,True,28.92,34.58
1897,2026-03-29 22:27:31.386,person-SAFE,SAFE,SAFE,False,True,17.2,58.15
1898,2026-03-29 22:27:31.403,person-SAFE,SAFE,SAFE,False,True,16.93,59.06
1899,2026-03-29 22:27:31.422,person-SAFE,SAFE,SAFE,False,True,17.77,56.28
1900,2026-03-29 22:27:31.441,person-SAFE,SAFE,SAFE,False,True,17.91,55.82
1901,2026-03-29 22:27:31.460,person-SAFE,SAFE,SAFE,False,True,18.37,54.43
1902,2026-03-29 22:27:31.480,person-SAFE,SAFE,SAFE,False,True,18.1,55.26
1903,2026-03-29 22:27:31.498,person-SAFE,SAFE,SAFE,False,True,17.73,56.41
1904,2026-03-29 22:27:31.518,person-SAFE,SAFE,SAFE,False,True,18.16,55.08
1905,2026-03-29 22:27:31.538,person-SAFE,SAFE,SAFE,False,True,19.31,51.79
1906,2026-03-29 22:27:31.559,person-SAFE,SAFE,SAFE,False,True,19.67,50.83
1907,2026-03-29 22:27:31.580,person-SAFE,SAFE,SAFE,False,True,19.85,50.37
1908,2026-03-29 22:27:31.600,person-SAFE,SAFE,SAFE,False,True,19.38,51.59
1909,2026-03-29 22:27:31.622,person-SAFE,SAFE,SAFE,False,True,20.77,48.15
1910,2026-03-29 22:27:31.644,person-SAFE,SAFE,SAFE,False,True,21.05,47.51
1911,2026-03-29 22:27:31.667,person-SAFE,SAFE,SAFE,False,True,21.63,46.22
1912,2026-03-29 22:27:31.692,person-SAFE,SAFE,SAFE,False,True,23.61,42.36
1913,2026-03-29 22:27:31.718,person-SAFE,SAFE,SAFE,False,True,25.39,39.39
1914,2026-03-29 22:27:31.744,person-SAFE,SAFE,SAFE,False,True,24.75,40.41
1915,2026-03-29 22:27:31.772,person-SAFE,SAFE,SAFE,False,True,26.72,37.42
1916,2026-03-29 22:27:31.800,person-SAFE,SAFE,SAFE,False,True,27.81,35.96
1917,2026-03-29 22:27:31.831,person-SAFE,SAFE,SAFE,False,True,30.03,33.3
1918,2026-03-29 22:27:31.865,person-SAFE,SAFE,SAFE,False,True,32.45,30.82
1919,2026-03-29 22:27:31.899,person-SAFE,SAFE,SAFE,False,True,32.7,30.58
1920,2026-03-29 22:27:31.932,person-SAFE,SAFE,SAFE,False,True,32.04,31.21
1921,2026-03-29 22:27:31.965,person-SAFE,SAFE,SAFE,False,True,32.27,30.99
1922,2026-03-29 22:27:31.999,person-SAFE,SAFE,SAFE,False,True,32.42,30.85
1923,2026-03-29 22:27:32.032,person-SAFE,SAFE,SAFE,False,True,32.02,31.23
1924,2026-03-29 22:27:32.068,person-SAFE,SAFE,SAFE,False,True,35.06,28.52
1925,2026-03-29 22:27:32.100,person-SAFE,SAFE,SAFE,False,True,31.62,31.63
1926,2026-03-29 22:27:32.133,person-SAFE,SAFE,SAFE,False,True,32.02,31.23
1927,2026-03-29 22:27:32.165,person-SAFE,SAFE,SAFE,False,True,30.44,32.85
1928,2026-03-29 22:27:32.200,person-SAFE,SAFE,SAFE,False,True,34.01,29.4
1929,2026-03-29 22:27:32.233,person-SAFE,SAFE,SAFE,False,True,31.56,31.69
1930,2026-03-29 22:27:32.267,person-SAFE,SAFE,SAFE,False,True,32.97,30.33
1931,2026-03-29 22:27:32.285,person-SAFE,SAFE,SAFE,False,True,17.08,58.56
1932,2026-03-29 22:27:32.304,person-SAFE,SAFE,SAFE,False,True,17.85,56.03
1933,2026-03-29 22:27:32.322,person-SAFE,SAFE,SAFE,False,True,17.52,57.06
1934,2026-03-29 22:27:32.342,person-SAFE,SAFE,SAFE,False,True,19.01,52.59
1935,2026-03-29 22:27:32.362,person-SAFE,SAFE,SAFE,False,True,18.34,54.52
1936,2026-03-29 22:27:32.381,person-SAFE,SAFE,SAFE,False,True,18.06,55.37
1937,2026-03-29 22:27:32.400,person-SAFE,SAFE,SAFE,False,True,18.42,54.29
1938,2026-03-29 22:27:32.420,person-SAFE,SAFE,SAFE,False,True,19.13,52.26
1939,2026-03-29 22:27:32.441,person-SAFE,SAFE,SAFE,False,True,19.59,51.05
1940,2026-03-29 22:27:32.462,person-SAFE,SAFE,SAFE,False,True,20.0,49.99
1941,2026-03-29 22:27:32.483,person-SAFE,SAFE,SAFE,False,True,19.46,51.4
1942,2026-03-29 22:27:32.504,person-SAFE,SAFE,SAFE,False,True,20.14,49.64
1943,2026-03-29 22:27:32.526,person-SAFE,SAFE,SAFE,False,True,20.96,47.71
1944,2026-03-29 22:27:32.550,person-SAFE,SAFE,SAFE,False,True,23.15,43.19
1945,2026-03-29 22:27:32.574,person-SAFE,SAFE,SAFE,False,True,22.9,43.66
1946,2026-03-29 22:27:32.601,person-SAFE,SAFE,SAFE,False,True,25.52,39.19
1947,2026-03-29 22:27:32.627,person-SAFE,SAFE,SAFE,False,True,24.75,40.41
1948,2026-03-29 22:27:32.659,person-SAFE,SAFE,SAFE,False,True,30.68,32.59
1949,2026-03-29 22:27:32.691,person-SAFE,SAFE,SAFE,False,True,31.12,32.13
1950,2026-03-29 22:27:32.725,person-SAFE,SAFE,SAFE,False,True,33.18,30.14
1951,2026-03-29 22:27:32.758,person-SAFE,SAFE,SAFE,False,True,31.79,31.45
1952,2026-03-29 22:27:32.790,person-SAFE,SAFE,SAFE,False,True,30.84,32.42
1953,2026-03-29 22:27:32.823,person-SAFE,SAFE,SAFE,False,True,31.74,31.5
1954,2026-03-29 22:27:32.850,person-SAFE,SAFE,SAFE,False,True,26.66,37.5
1955,2026-03-29 22:27:32.876,person-SAFE,SAFE,SAFE,False,True,24.69,40.5
1956,2026-03-29 22:27:32.904,person-SAFE,SAFE,SAFE,False,True,26.76,37.37
1957,2026-03-29 22:27:32.931,person-SAFE,SAFE,SAFE,False,True,25.62,39.03
1958,2026-03-29 22:27:32.958,person-SAFE,SAFE,SAFE,False,True,26.49,37.75
1959,2026-03-29 22:27:32.986,person-SAFE,SAFE,SAFE,False,True,26.33,37.98
1960,2026-03-29 22:27:33.012,person-SAFE,SAFE,SAFE,False,True,25.68,38.94
1961,2026-03-29 22:27:33.039,person-SAFE,SAFE,SAFE,False,True,25.55,39.14
1962,2026-03-29 22:27:33.066,person-SAFE,SAFE,SAFE,False,True,25.85,38.68
1963,2026-03-29 22:27:33.093,person-SAFE,SAFE,SAFE,False,True,26.32,37.99
1964,2026-03-29 22:27:33.123,person-SAFE,SAFE,SAFE,False,True,28.2,35.46
1965,2026-03-29 22:27:33.150,person-SAFE,SAFE,SAFE,False,True,25.96,38.52
1966,2026-03-29 22:27:33.177,person-SAFE,SAFE,SAFE,False,True,26.35,37.96
1967,2026-03-29 22:27:33.205,person-SAFE,SAFE,SAFE,False,True,27.39,36.51
1968,2026-03-29 22:27:33.234,person-SAFE,SAFE,SAFE,False,True,27.56,36.29
1969,2026-03-29 22:27:33.257,person-SAFE,SAFE,SAFE,False,True,22.52,44.4
1970,2026-03-29 22:27:33.284,person-SAFE,SAFE,SAFE,False,True,24.94,40.1
1971,2026-03-29 22:27:33.309,person-SAFE,SAFE,SAFE,False,True,24.2,41.32
1972,2026-03-29 22:27:33.335,person-SAFE,SAFE,SAFE,False,True,24.78,40.36
1973,2026-03-29 22:27:33.359,person-SAFE,SAFE,SAFE,False,True,23.77,42.07
1974,2026-03-29 22:27:33.385,person-SAFE,SAFE,SAFE,False,True,24.7,40.48
1975,2026-03-29 22:27:33.410,person-SAFE,SAFE,SAFE,False,True,23.28,42.95
1976,2026-03-29 22:27:33.436,person-SAFE,SAFE,SAFE,False,True,25.26,39.59
1977,2026-03-29 22:27:33.462,person-SAFE,SAFE,SAFE,False,True,25.58,39.09
1978,2026-03-29 22:27:33.490,person-SAFE,SAFE,SAFE,False,True,26.42,37.85
1979,2026-03-29 22:27:33.517,person-SAFE,SAFE,SAFE,False,True,25.62,39.03
1980,2026-03-29 22:27:33.543,person-SAFE,SAFE,SAFE,False,True,25.65,38.99
1981,2026-03-29 22:27:33.571,person-SAFE,SAFE,SAFE,False,True,27.02,37.01
1982,2026-03-29 22:27:33.605,person-SAFE,SAFE,SAFE,False,True,32.31,30.95
1983,2026-03-29 22:27:33.635,person-SAFE,SAFE,SAFE,False,True,28.96,34.53
1984,2026-03-29 22:27:33.661,person-SAFE,SAFE,SAFE,False,True,25.65,38.98
1985,2026-03-29 22:27:33.690,person-SAFE,SAFE,SAFE,False,True,27.58,36.25
1986,2026-03-29 22:27:33.721,person-SAFE,SAFE,SAFE,False,True,29.6,33.79
1987,2026-03-29 22:27:33.746,person-SAFE,SAFE,SAFE,False,True,24.3,41.15
1988,2026-03-29 22:27:33.773,person-SAFE,SAFE,SAFE,False,True,26.04,38.4
1989,2026-03-29 22:27:33.801,person-SAFE,SAFE,SAFE,False,True,26.38,37.91
1990,2026-03-29 22:27:33.826,person-SAFE,SAFE,SAFE,False,True,24.45,40.9
1991,2026-03-29 22:27:33.857,person-WARNING,WARNING,SAFE,False,True,29.69,33.68
1992,2026-03-29 22:27:33.885,person-WARNING,WARNING,SAFE,False,True,26.82,37.28
1993,2026-03-29 22:27:33.912,person-WARNING,WARNING,SAFE,False,True,26.18,38.19
1994,2026-03-29 22:27:33.942,person-WARNING,WARNING,SAFE,False,True,28.66,34.9
1995,2026-03-29 22:27:33.972,person-WARNING,WARNING,SAFE,False,True,28.67,34.87
1996,2026-03-29 22:27:34.000,person-WARNING,WARNING,SAFE,False,True,27.75,36.03
1997,2026-03-29 22:27:34.033,person-WARNING,WARNING,SAFE,False,True,31.9,31.35
1998,2026-03-29 22:27:34.063,person-WARNING,WARNING,SAFE,False,True,28.6,34.96
1999,2026-03-29 22:27:34.094,person-WARNING,WARNING,SAFE,False,True,30.33,32.97
2000,2026-03-29 22:27:34.126,person-WARNING,WARNING,SAFE,False,True,30.82,32.44
2001,2026-03-29 22:27:34.153,person-WARNING,WARNING,SAFE,False,True,25.78,38.79
2002,2026-03-29 22:27:34.171,person-WARNING,WARNING,SAFE,False,True,16.74,59.72
2003,2026-03-29 22:27:34.189,person-WARNING,WARNING,SAFE,False,True,17.22,58.08
2004,2026-03-29 22:27:34.207,person-WARNING,WARNING,SAFE,False,True,17.07,58.6
2005,2026-03-29 22:27:34.226,person-WARNING,WARNING,SAFE,False,True,17.96,55.69
2006,2026-03-29 22:27:34.245,person-WARNING,WARNING,SAFE,False,True,17.72,56.44
2007,2026-03-29 22:27:34.264,person-WARNING,WARNING,SAFE,False,True,18.73,53.38
2008,2026-03-29 22:27:34.283,person-WARNING,WARNING,SAFE,False,True,17.26,57.95
2009,2026-03-29 22:27:34.302,person-WARNING,WARNING,SAFE,False,True,18.35,54.5
2010,2026-03-29 22:27:34.322,person-WARNING,WARNING,SAFE,False,True,18.78,53.25
2011,2026-03-29 22:27:34.343,person-WARNING,WARNING,SAFE,False,True,19.7,50.77
2012,2026-03-29 22:27:34.363,person-WARNING,WARNING,SAFE,False,True,19.51,51.26
2013,2026-03-29 22:27:34.384,person-WARNING,WARNING,SAFE,False,True,19.22,52.03
2014,2026-03-29 22:27:34.405,person-WARNING,WARNING,SAFE,False,True,20.81,48.05
2015,2026-03-29 22:27:34.427,person-WARNING,WARNING,SAFE,False,True,20.79,48.11
2016,2026-03-29 22:27:34.450,person-WARNING,WARNING,SAFE,False,True,21.49,46.52
2017,2026-03-29 22:27:34.474,person-WARNING,WARNING,SAFE,False,True,22.94,43.59
2018,2026-03-29 22:27:34.500,person-WARNING,WARNING,SAFE,False,True,25.08,39.88
2019,2026-03-29 22:27:34.524,person-WARNING,WARNING,SAFE,False,True,23.18,43.15
2020,2026-03-29 22:27:34.552,person-WARNING,WARNING,SAFE,False,True,26.86,37.23
2021,2026-03-29 22:27:34.577,person-WARNING,WARNING,SAFE,False,True,24.12,41.46
2022,2026-03-29 22:27:34.605,person-CRITICAL,CRITICAL,SAFE,True,False,63.36,37.86
2023,2026-03-29 22:27:34.632,person-CRITICAL,CRITICAL,SAFE,True,False,54.29,38.18
2024,2026-03-29 22:27:34.661,person-CRITICAL,CRITICAL,SAFE,True,False,58.07,35.39
2025,2026-03-29 22:27:34.694,person-CRITICAL,CRITICAL,SAFE,True,False,62.01,31.79
2026,2026-03-29 22:27:34.726,person-CRITICAL,CRITICAL,SAFE,True,False,68.91,32.49
2027,2026-03-29 22:27:34.758,person-CRITICAL,CRITICAL,SAFE,True,False,67.82,32.33
2028,2026-03-29 22:27:34.786,person-CRITICAL,CRITICAL,SAFE,True,False,65.16,36.89
2029,2026-03-29 22:27:34.806,person-CRITICAL,CRITICAL,SAFE,True,False,47.96,52.22
2030,2026-03-29 22:27:34.825,person-CRITICAL,CRITICAL,SAFE,True,False,58.22,56.53
2031,2026-03-29 22:27:34.843,person-CRITICAL,CRITICAL,SAFE,True,False,66.93,56.19
2032,2026-03-29 22:27:34.862,person-CRITICAL,CRITICAL,SAFE,True,False,61.2,55.98
2033,2026-03-29 22:27:34.881,person-CRITICAL,CRITICAL,SAFE,True,False,67.42,56.61
2034,2026-03-29 22:27:34.899,person-CRITICAL,CRITICAL,SAFE,True,False,38.76,58.34
2035,2026-03-29 22:27:34.918,person-CRITICAL,CRITICAL,SAFE,True,False,54.1,54.77
2036,2026-03-29 22:27:34.937,person-CRITICAL,CRITICAL,SAFE,True,False,54.25,54.99
2037,2026-03-29 22:27:34.958,person-CRITICAL,CRITICAL,SAFE,True,False,54.47,52.31
2038,2026-03-29 22:27:34.978,person-CRITICAL,CRITICAL,SAFE,True,False,61.95,51.23
2039,2026-03-29 22:27:34.999,person-CRITICAL,CRITICAL,SAFE,True,False,61.12,51.37
2040,2026-03-29 22:27:35.018,person-CRITICAL,CRITICAL,SAFE,True,False,67.19,53.75
2041,2026-03-29 22:27:35.039,person-CRITICAL,CRITICAL,SAFE,True,False,54.79,50.88
2042,2026-03-29 22:27:35.061,person-CRITICAL,CRITICAL,SAFE,True,False,64.97,48.03
2043,2026-03-29 22:27:35.084,person-CRITICAL,CRITICAL,SAFE,True,False,66.31,45.42
2044,2026-03-29 22:27:35.108,person-CRITICAL,CRITICAL,SAFE,True,False,52.13,43.18
2045,2026-03-29 22:27:35.134,person-CRITICAL,CRITICAL,SAFE,True,False,63.25,40.43
2046,2026-03-29 22:27:35.158,person-CRITICAL,CRITICAL,SAFE,True,False,43.47,42.89
2047,2026-03-29 22:27:35.185,person-CRITICAL,CRITICAL,SAFE,True,False,66.98,38.73
2048,2026-03-29 22:27:35.211,person-CRITICAL,CRITICAL,SAFE,True,False,57.83,40.69
2049,2026-03-29 22:27:35.239,person-CRITICAL,CRITICAL,SAFE,True,False,59.97,36.05
2050,2026-03-29 22:27:35.268,person-CRITICAL,CRITICAL,SAFE,True,False,74.41,36.08
2051,2026-03-29 22:27:35.294,person-CRITICAL,CRITICAL,SAFE,True,False,70.18,40.2
2052,2026-03-29 22:27:35.323,person-CRITICAL,CRITICAL,SAFE,True,False,75.12,35.65
2053,2026-03-29 22:27:35.351,person-CRITICAL,CRITICAL,SAFE,True,False,69.63,36.83
2054,2026-03-29 22:27:35.377,person-CRITICAL,CRITICAL,SAFE,True,False,50.6,41.09
2055,2026-03-29 22:27:35.404,person-CRITICAL,CRITICAL,SAFE,True,False,46.42,38.33
2056,2026-03-29 22:27:35.429,person-CRITICAL,CRITICAL,SAFE,True,False,69.63,41.24
2057,2026-03-29 22:27:35.459,person-CRITICAL,CRITICAL,SAFE,True,False,63.4,35.07
2058,2026-03-29 22:27:35.489,person-CRITICAL,CRITICAL,SAFE,True,False,78.67,34.84
2059,2026-03-29 22:27:35.517,person-CRITICAL,CRITICAL,SAFE,True,False,66.49,37.1
2060,2026-03-29 22:27:35.544,person-CRITICAL,CRITICAL,SAFE,True,False,49.95,38.57
2061,2026-03-29 22:27:35.574,person-CRITICAL,CRITICAL,SAFE,True,False,58.36,34.06
2062,2026-03-29 22:27:35.604,person-CRITICAL,CRITICAL,SAFE,True,False,50.44,34.45
2063,2026-03-29 22:27:35.635,person-CRITICAL,CRITICAL,SAFE,True,False,52.08,33.38
2064,2026-03-29 22:27:35.662,person-CRITICAL,CRITICAL,SAFE,True,False,54.18,39.06
2065,2026-03-29 22:27:35.690,person-CRITICAL,CRITICAL,SAFE,True,False,64.06,37.42
2066,2026-03-29 22:27:35.718,person-CRITICAL,CRITICAL,SAFE,True,False,50.97,37.03
2067,2026-03-29 22:27:35.745,person-CRITICAL,CRITICAL,SAFE,True,False,72.57,39.22
2068,2026-03-29 22:27:35.772,person-WARNING,WARNING,SAFE,False,True,26.05,38.38
2069,2026-03-29 22:27:35.800,person-WARNING,WARNING,SAFE,False,True,26.42,37.86
2070,2026-03-29 22:27:35.826,person-WARNING,WARNING,SAFE,False,True,25.27,39.56
2071,2026-03-29 22:27:35.855,person-WARNING,WARNING,SAFE,False,True,27.98,35.74
2072,2026-03-29 22:27:35.883,person-WARNING,WARNING,SAFE,False,True,27.09,36.91
2073,2026-03-29 22:27:35.915,person-WARNING,WARNING,SAFE,False,True,30.95,32.31
2074,2026-03-29 22:27:35.946,person-WARNING,WARNING,SAFE,False,True,30.35,32.95
2075,2026-03-29 22:27:35.982,person-WARNING,WARNING,SAFE,False,True,34.0,29.41
2076,2026-03-29 22:27:36.017,person-WARNING,WARNING,SAFE,False,True,33.93,29.48
2077,2026-03-29 22:27:36.056,person-WARNING,WARNING,SAFE,False,True,38.06,26.27
2078,2026-03-29 22:27:36.086,person-WARNING,WARNING,SAFE,False,True,29.25,34.18
2079,2026-03-29 22:27:36.105,person-WARNING,WARNING,SAFE,False,True,17.81,56.15
