frame_id,timestamp,detected_objects,predicted_zone,ground_truth_zone,alert_triggered,correct_detection,latency_ms,fps
1,2026-03-29 22:25:45.535,person-CRITICAL,CRITICAL,SAFE,True,False,757.78,1.41
2,2026-03-29 22:25:45.581,person-CRITICAL,CRITICAL,SAFE,True,False,73.49,23.53
3,2026-03-29 22:25:45.615,person-CRITICAL,CRITICAL,SAFE,True,False,58.29,31.2
4,2026-03-29 22:25:45.648,person-CRITICAL,CRITICAL,SAFE,True,False,58.12,30.94
5,2026-03-29 22:25:45.681,person-CRITICAL,CRITICAL,SAFE,True,False,59.67,31.8
6,2026-03-29 22:25:45.714,person-CRITICAL,CRITICAL,SAFE,True,False,77.72,31.32
7,2026-03-29 22:25:45.747,person-CRITICAL,CRITICAL,SAFE,True,False,78.5,31.48
8,2026-03-29 22:25:45.780,person-CRITICAL,CRITICAL,SAFE,True,False,53.65,31.56
9,2026-03-29 22:25:45.838,person-CRITICAL,CRITICAL,SAFE,True,False,85.71,17.69
10,2026-03-29 22:25:45.868,person-CRITICAL,CRITICAL,SAFE,True,False,70.26,34.29
11,2026-03-29 22:25:45.887,person-CRITICAL,CRITICAL,SAFE,True,False,60.29,57.46
12,2026-03-29 22:25:45.905,person-CRITICAL,CRITICAL,SAFE,True,False,40.41,57.2
13,2026-03-29 22:25:45.925,person-CRITICAL,CRITICAL,SAFE,True,False,39.34,54.8
14,2026-03-29 22:25:45.948,person-CRITICAL,CRITICAL,SAFE,True,False,61.03,44.45
15,2026-03-29 22:25:45.971,person-CRITICAL,CRITICAL,SAFE,True,False,41.45,47.5
16,2026-03-29 22:25:45.992,person-CRITICAL,CRITICAL,SAFE,True,False,57.5,50.85
17,2026-03-29 22:25:46.013,person-CRITICAL,CRITICAL,SAFE,True,False,45.44,49.71
18,2026-03-29 22:25:46.033,person-CRITICAL,CRITICAL,SAFE,True,False,40.74,53.38
19,2026-03-29 22:25:46.054,person-CRITICAL,CRITICAL,SAFE,True,False,55.61,50.03
20,2026-03-29 22:25:46.076,person-CRITICAL,CRITICAL,SAFE,True,False,54.0,48.41
21,2026-03-29 22:25:46.098,person-CRITICAL,CRITICAL,SAFE,True,False,68.94,47.89
22,2026-03-29 22:25:46.119,person-CRITICAL,CRITICAL,SAFE,True,False,45.56,49.68
23,2026-03-29 22:25:46.143,person-CRITICAL,CRITICAL,SAFE,True,False,69.14,43.49
24,2026-03-29 22:25:46.168,person-CRITICAL,CRITICAL,SAFE,True,False,68.86,42.61
25,2026-03-29 22:25:46.193,person-CRITICAL,CRITICAL,SAFE,True,False,54.37,41.38
26,2026-03-29 22:25:46.221,person-CRITICAL,CRITICAL,SAFE,True,False,50.1,36.52
27,2026-03-29 22:25:46.250,person-CRITICAL,CRITICAL,SAFE,True,False,59.71,35.66
28,2026-03-29 22:25:46.282,person-CRITICAL,CRITICAL,SAFE,True,False,65.41,33.21
29,2026-03-29 22:25:46.315,person-CRITICAL,CRITICAL,SAFE,True,False,58.09,30.86
30,2026-03-29 22:25:46.351,person-CRITICAL,CRITICAL,SAFE,True,False,67.23,29.31
31,2026-03-29 22:25:46.384,person-CRITICAL,CRITICAL,SAFE,True,False,81.35,31.58
32,2026-03-29 22:25:46.417,person-CRITICAL,CRITICAL,SAFE,True,False,56.26,31.24
33,2026-03-29 22:25:46.472,person-CRITICAL,CRITICAL,SAFE,True,False,95.83,18.57
34,2026-03-29 22:25:46.505,person-CRITICAL,CRITICAL,SAFE,True,False,73.82,30.74
35,2026-03-29 22:25:46.539,person-CRITICAL,CRITICAL,SAFE,True,False,54.1,30.92
36,2026-03-29 22:25:46.572,person-CRITICAL,CRITICAL,SAFE,True,False,73.53,31.19
37,2026-03-29 22:25:46.603,person-CRITICAL,CRITICAL,SAFE,True,False,66.22,33.86
38,2026-03-29 22:25:46.631,person-CRITICAL,CRITICAL,SAFE,True,False,49.56,36.44
39,2026-03-29 22:25:46.661,person-CRITICAL,CRITICAL,SAFE,True,False,66.41,34.34
40,2026-03-29 22:25:46.695,person-CRITICAL,CRITICAL,SAFE,True,False,75.76,30.22
41,2026-03-29 22:25:46.727,person-CRITICAL,CRITICAL,SAFE,True,False,64.4,32.84
42,2026-03-29 22:25:46.759,person-CRITICAL,CRITICAL,SAFE,True,False,67.94,32.28
43,2026-03-29 22:25:46.791,person-CRITICAL,CRITICAL,SAFE,True,False,71.72,32.45
44,2026-03-29 22:25:46.826,person-CRITICAL,CRITICAL,SAFE,True,False,65.96,29.16
45,2026-03-29 22:25:46.858,person-CRITICAL,CRITICAL,SAFE,True,False,73.45,32.95
46,2026-03-29 22:25:46.911,person-CRITICAL,CRITICAL,SAFE,True,False,90.04,19.16
47,2026-03-29 22:25:46.947,person-CRITICAL,CRITICAL,SAFE,True,False,70.21,29.18
48,2026-03-29 22:25:46.978,person-CRITICAL,CRITICAL,SAFE,True,False,67.81,33.4
49,2026-03-29 22:25:47.011,person-CRITICAL,CRITICAL,SAFE,True,False,59.6,31.14
50,2026-03-29 22:25:47.047,person-CRITICAL,CRITICAL,SAFE,True,False,59.31,28.87
51,2026-03-29 22:25:47.082,person-CRITICAL,CRITICAL,SAFE,True,False,63.62,29.99
52,2026-03-29 22:25:47.115,person-CRITICAL,CRITICAL,SAFE,True,False,55.49,31.0
53,2026-03-29 22:25:47.151,person-CRITICAL,CRITICAL,SAFE,True,False,58.01,28.7
54,2026-03-29 22:25:47.185,person-CRITICAL,CRITICAL,SAFE,True,False,55.42,30.45
55,2026-03-29 22:25:47.218,person-CRITICAL,CRITICAL,SAFE,True,False,59.16,31.03
56,2026-03-29 22:25:47.250,person-CRITICAL,CRITICAL,SAFE,True,False,65.6,32.69
57,2026-03-29 22:25:47.268,person-CRITICAL,CRITICAL,SAFE,True,False,54.63,57.2
58,2026-03-29 22:25:47.287,person-CRITICAL,CRITICAL,SAFE,True,False,59.24,57.57
59,2026-03-29 22:25:47.306,person-CRITICAL,CRITICAL,SAFE,True,False,52.4,54.96
60,2026-03-29 22:25:47.325,person-CRITICAL,CRITICAL,SAFE,True,False,49.47,54.25
61,2026-03-29 22:25:47.344,person-CRITICAL,CRITICAL,SAFE,True,False,46.54,55.15
62,2026-03-29 22:25:47.363,person-CRITICAL,CRITICAL,SAFE,True,False,57.76,55.61
63,2026-03-29 22:25:47.382,person-CRITICAL,CRITICAL,SAFE,True,False,62.28,56.05
64,2026-03-29 22:25:47.401,person-CRITICAL,CRITICAL,SAFE,True,False,42.51,56.3
65,2026-03-29 22:25:47.422,person-CRITICAL,CRITICAL,SAFE,True,False,67.5,50.76
66,2026-03-29 22:25:47.443,person-CRITICAL,CRITICAL,SAFE,True,False,67.04,50.27
67,2026-03-29 22:25:47.464,person-CRITICAL,CRITICAL,SAFE,True,False,61.29,50.8
68,2026-03-29 22:25:47.484,person-CRITICAL,CRITICAL,SAFE,True,False,62.13,52.54
69,2026-03-29 22:25:47.506,person-CRITICAL,CRITICAL,SAFE,True,False,69.84,48.89
70,2026-03-29 22:25:47.528,person-CRITICAL,CRITICAL,SAFE,True,False,60.68,47.33
71,2026-03-29 22:25:47.551,person-CRITICAL,CRITICAL,SAFE,True,False,45.23,45.9
72,2026-03-29 22:25:47.575,person-CRITICAL,CRITICAL,SAFE,True,False,44.81,42.7
73,2026-03-29 22:25:47.602,person-CRITICAL,CRITICAL,SAFE,True,False,51.8,39.13
74,2026-03-29 22:25:47.627,person-CRITICAL,CRITICAL,SAFE,True,False,53.76,42.13
75,2026-03-29 22:25:47.654,person-CRITICAL,CRITICAL,SAFE,True,False,60.98,38.17
76,2026-03-29 22:25:47.682,person-CRITICAL,CRITICAL,SAFE,True,False,53.9,36.76
77,2026-03-29 22:25:47.711,person-CRITICAL,CRITICAL,SAFE,True,False,57.59,35.62
78,2026-03-29 22:25:47.745,person-CRITICAL,CRITICAL,SAFE,True,False,81.6,31.33
79,2026-03-29 22:25:47.778,person-CRITICAL,CRITICAL,SAFE,True,False,80.91,31.06
80,2026-03-29 22:25:47.834,person-CRITICAL,CRITICAL,SAFE,True,False,96.56,18.3
81,2026-03-29 22:25:47.869,person-CRITICAL,CRITICAL,SAFE,True,False,54.77,28.91
82,2026-03-29 22:25:47.901,person-CRITICAL,CRITICAL,SAFE,True,False,74.58,32.58
83,2026-03-29 22:25:47.919,person-CRITICAL,CRITICAL,SAFE,True,False,52.74,59.58
84,2026-03-29 22:25:47.937,person-CRITICAL,CRITICAL,SAFE,True,False,48.91,57.0
85,2026-03-29 22:25:47.957,person-WARNING,WARNING,SAFE,True,False,48.36,55.34
86,2026-03-29 22:25:47.976,person-WARNING,WARNING,SAFE,True,False,67.24,55.29
87,2026-03-29 22:25:47.996,person-WARNING,WARNING,SAFE,True,False,60.45,51.35
88,2026-03-29 22:25:48.015,person-WARNING,WARNING,SAFE,True,False,38.04,55.5
89,2026-03-29 22:25:48.035,person-WARNING,WARNING,SAFE,True,False,54.53,54.78
90,2026-03-29 22:25:48.054,person-WARNING,WARNING,SAFE,True,False,44.9,53.57
91,2026-03-29 22:25:48.075,person-WARNING,WARNING,SAFE,True,False,46.32,51.77
92,2026-03-29 22:25:48.096,person-WARNING,WARNING,SAFE,True,False,63.06,49.25
93,2026-03-29 22:25:48.138,person-WARNING,WARNING,SAFE,True,False,66.76,24.35
94,2026-03-29 22:25:48.160,person-WARNING,WARNING,SAFE,True,False,65.42,48.61
95,2026-03-29 22:25:48.184,person-WARNING,WARNING,SAFE,True,False,54.12,42.28
96,2026-03-29 22:25:48.210,person-WARNING,WARNING,SAFE,True,False,65.82,41.43
97,2026-03-29 22:25:48.237,person-CRITICAL,CRITICAL,SAFE,True,False,73.04,37.75
98,2026-03-29 22:25:48.266,person-CRITICAL,CRITICAL,SAFE,True,False,47.82,36.26
99,2026-03-29 22:25:48.299,person-CRITICAL,CRITICAL,SAFE,True,False,52.64,31.16
100,2026-03-29 22:25:48.317,person-CRITICAL,CRITICAL,SAFE,True,False,54.94,57.99
101,2026-03-29 22:25:48.335,person-CRITICAL,CRITICAL,CRITICAL,True,True,60.5,58.13
102,2026-03-29 22:25:48.354,person-CRITICAL,CRITICAL,CRITICAL,True,True,46.15,55.25
103,2026-03-29 22:25:48.374,person-CRITICAL,CRITICAL,CRITICAL,True,True,57.27,54.38
104,2026-03-29 22:25:48.393,person-CRITICAL,CRITICAL,CRITICAL,True,True,55.95,54.49
105,2026-03-29 22:25:48.413,person-CRITICAL,CRITICAL,CRITICAL,True,True,66.95,53.6
106,2026-03-29 22:25:48.433,person-CRITICAL,CRITICAL,CRITICAL,True,True,50.25,54.75
107,2026-03-29 22:25:48.453,person-CRITICAL,CRITICAL,CRITICAL,True,True,68.74,52.32
108,2026-03-29 22:25:48.475,person-CRITICAL,CRITICAL,CRITICAL,True,True,60.42,48.5
109,2026-03-29 22:25:48.517,person-CRITICAL,CRITICAL,CRITICAL,True,True,64.65,24.07
110,2026-03-29 22:25:48.540,person-CRITICAL,CRITICAL,CRITICAL,True,True,57.41,46.47
111,2026-03-29 22:25:48.563,person-CRITICAL,CRITICAL,CRITICAL,True,True,44.43,46.1
112,2026-03-29 22:25:48.589,person-CRITICAL,CRITICAL,CRITICAL,True,True,45.11,40.0
113,2026-03-29 22:25:48.616,person-CRITICAL,CRITICAL,CRITICAL,True,True,66.95,39.59
114,2026-03-29 22:25:48.642,person-CRITICAL,CRITICAL,CRITICAL,True,True,70.94,39.57
115,2026-03-29 22:25:48.675,person-CRITICAL,CRITICAL,CRITICAL,True,True,53.2,31.56
116,2026-03-29 22:25:48.708,person-CRITICAL,CRITICAL,CRITICAL,True,True,73.6,31.11
117,2026-03-29 22:25:48.741,person-CRITICAL,CRITICAL,CRITICAL,True,True,72.96,31.11
118,2026-03-29 22:25:48.777,person-CRITICAL,CRITICAL,CRITICAL,True,True,56.38,28.7
119,2026-03-29 22:25:48.810,person-CRITICAL,CRITICAL,CRITICAL,True,True,65.01,31.71
120,2026-03-29 22:25:48.843,person-CRITICAL,CRITICAL,CRITICAL,True,True,63.38,31.26
121,2026-03-29 22:25:48.876,person-CRITICAL,CRITICAL,CRITICAL,True,True,52.52,31.16
122,2026-03-29 22:25:48.911,person-CRITICAL,CRITICAL,CRITICAL,True,True,68.98,29.32
123,2026-03-29 22:25:48.936,person-CRITICAL,CRITICAL,CRITICAL,True,True,47.67,41.5
124,2026-03-29 22:25:48.969,person-CRITICAL,CRITICAL,CRITICAL,True,True,79.21,31.24
125,2026-03-29 22:25:49.002,person-CRITICAL,CRITICAL,CRITICAL,True,True,64.29,31.78
126,2026-03-29 22:25:49.036,person-CRITICAL,CRITICAL,CRITICAL,True,True,73.9,30.48
127,2026-03-29 22:25:49.068,person-CRITICAL,CRITICAL,CRITICAL,True,True,54.19,31.87
128,2026-03-29 22:25:49.101,person-CRITICAL,CRITICAL,CRITICAL,True,True,76.02,31.56
129,2026-03-29 22:25:49.135,person-CRITICAL,CRITICAL,CRITICAL,True,True,82.31,30.93
130,2026-03-29 22:25:49.168,person-CRITICAL,CRITICAL,CRITICAL,True,True,59.58,31.15
131,2026-03-29 22:25:49.200,person-CRITICAL,CRITICAL,CRITICAL,True,True,77.29,31.84
132,2026-03-29 22:25:49.235,person-CRITICAL,CRITICAL,CRITICAL,True,True,68.28,30.01
133,2026-03-29 22:25:49.253,person-CRITICAL,CRITICAL,CRITICAL,True,True,55.21,59.14
134,2026-03-29 22:25:49.271,person-CRITICAL,CRITICAL,CRITICAL,True,True,48.32,57.17
135,2026-03-29 22:25:49.290,person-CRITICAL,CRITICAL,CRITICAL,True,True,66.21,57.29
136,2026-03-29 22:25:49.309,person-CRITICAL,CRITICAL,CRITICAL,True,True,42.89,54.78
137,2026-03-29 22:25:49.328,person-CRITICAL,CRITICAL,CRITICAL,True,True,53.35,53.65
138,2026-03-29 22:25:49.348,person-CRITICAL,CRITICAL,CRITICAL,True,True,53.74,53.72
139,2026-03-29 22:25:49.367,person-CRITICAL,CRITICAL,CRITICAL,True,True,60.9,55.43
140,2026-03-29 22:25:49.387,person-CRITICAL,CRITICAL,CRITICAL,True,True,55.07,54.77
141,2026-03-29 22:25:49.407,person-CRITICAL,CRITICAL,CRITICAL,True,True,43.22,51.07
142,2026-03-29 22:25:49.429,person-CRITICAL,CRITICAL,CRITICAL,True,True,44.06,49.21
143,2026-03-29 22:25:49.450,person-CRITICAL,CRITICAL,CRITICAL,True,True,40.5,49.94
144,2026-03-29 22:25:49.470,person-CRITICAL,CRITICAL,CRITICAL,True,True,51.12,50.8
145,2026-03-29 22:25:49.492,person-CRITICAL,CRITICAL,CRITICAL,True,True,48.92,48.56
146,2026-03-29 22:25:49.516,person-CRITICAL,CRITICAL,CRITICAL,True,True,45.27,44.41
147,2026-03-29 22:25:49.539,person-CRITICAL,CRITICAL,CRITICAL,True,True,55.69,44.07
148,2026-03-29 22:25:49.566,person-CRITICAL,CRITICAL,CRITICAL,True,True,55.73,38.5
149,2026-03-29 22:25:49.593,person-CRITICAL,CRITICAL,CRITICAL,True,True,72.4,39.5
150,2026-03-29 22:25:49.623,person-CRITICAL,CRITICAL,CRITICAL,True,True,71.41,33.97
151,2026-03-29 22:25:49.653,person-CRITICAL,CRITICAL,CRITICAL,True,True,78.77,34.73
152,2026-03-29 22:25:49.671,person-CRITICAL,CRITICAL,CRITICAL,True,True,37.68,60.14
153,2026-03-29 22:25:49.690,person-CRITICAL,CRITICAL,CRITICAL,True,True,52.62,57.55
154,2026-03-29 22:25:49.709,person-CRITICAL,CRITICAL,CRITICAL,True,True,53.84,54.51
155,2026-03-29 22:25:49.728,person-CRITICAL,CRITICAL,CRITICAL,True,True,38.17,55.63
156,2026-03-29 22:25:49.747,person-CRITICAL,CRITICAL,CRITICAL,True,True,61.96,56.63
157,2026-03-29 22:25:49.766,person-CRITICAL,CRITICAL,CRITICAL,True,True,61.52,56.06
158,2026-03-29 22:25:49.785,person-CRITICAL,CRITICAL,CRITICAL,True,True,51.69,54.93
159,2026-03-29 22:25:49.805,person-CRITICAL,CRITICAL,CRITICAL,True,True,44.5,51.9
160,2026-03-29 22:25:49.826,person-CRITICAL,CRITICAL,CRITICAL,True,True,50.05,51.58
161,2026-03-29 22:25:49.846,person-CRITICAL,CRITICAL,CRITICAL,True,True,58.03,52.13
162,2026-03-29 22:25:49.868,person-WARNING,WARNING,CRITICAL,True,True,58.28,49.15
163,2026-03-29 22:25:49.889,person-WARNING,WARNING,CRITICAL,True,True,68.36,49.33
164,2026-03-29 22:25:49.911,person-WARNING,WARNING,CRITICAL,True,True,42.27,47.59
165,2026-03-29 22:25:49.934,person-WARNING,WARNING,CRITICAL,True,True,57.55,44.62
166,2026-03-29 22:25:49.981,person-WARNING,WARNING,CRITICAL,True,True,95.19,21.71
167,2026-03-29 22:25:50.010,person-WARNING,WARNING,CRITICAL,True,True,57.45,36.83
168,2026-03-29 22:25:50.041,person-WARNING,WARNING,CRITICAL,True,True,52.8,32.79
169,2026-03-29 22:25:50.070,person-WARNING,WARNING,CRITICAL,True,True,48.16,36.36
170,2026-03-29 22:25:50.088,person-WARNING,WARNING,CRITICAL,True,True,47.51,58.51
171,2026-03-29 22:25:50.106,person-WARNING,WARNING,CRITICAL,True,True,51.23,57.97
172,2026-03-29 22:25:50.125,person-WARNING,WARNING,CRITICAL,True,True,52.73,56.8
173,2026-03-29 22:25:50.144,person-WARNING,WARNING,CRITICAL,True,True,44.12,54.92
174,2026-03-29 22:25:50.163,person-WARNING,WARNING,CRITICAL,True,True,63.41,55.8
175,2026-03-29 22:25:50.182,person-WARNING,WARNING,CRITICAL,True,True,65.25,57.18
176,2026-03-29 22:25:50.201,person-WARNING,WARNING,CRITICAL,True,True,48.02,53.5
177,2026-03-29 22:25:50.221,person-CRITICAL,CRITICAL,CRITICAL,True,True,42.96,53.73
178,2026-03-29 22:25:50.243,person-CRITICAL,CRITICAL,CRITICAL,True,True,44.25,49.22
179,2026-03-29 22:25:50.263,person-CRITICAL,CRITICAL,CRITICAL,True,True,41.17,50.54
180,2026-03-29 22:25:50.284,person-CRITICAL,CRITICAL,CRITICAL,True,True,60.35,51.95
181,2026-03-29 22:25:50.306,person-CRITICAL,CRITICAL,CRITICAL,True,True,49.37,46.59
182,2026-03-29 22:25:50.329,person-CRITICAL,CRITICAL,CRITICAL,True,True,43.95,46.78
183,2026-03-29 22:25:50.352,person-CRITICAL,CRITICAL,CRITICAL,True,True,46.31,45.09
184,2026-03-29 22:25:50.377,person-CRITICAL,CRITICAL,CRITICAL,True,True,54.18,42.47
185,2026-03-29 22:25:50.402,person-CRITICAL,CRITICAL,CRITICAL,True,True,44.97,40.72
186,2026-03-29 22:25:50.428,person-CRITICAL,CRITICAL,CRITICAL,True,True,66.39,40.31
187,2026-03-29 22:25:50.459,person-CRITICAL,CRITICAL,CRITICAL,True,True,76.63,33.74
188,2026-03-29 22:25:50.490,person-CRITICAL,CRITICAL,CRITICAL,True,True,71.78,32.87
189,2026-03-29 22:25:50.521,person-CRITICAL,CRITICAL,CRITICAL,True,True,62.38,33.39
190,2026-03-29 22:25:50.551,person-CRITICAL,CRITICAL,CRITICAL,True,True,68.52,35.19
191,2026-03-29 22:25:50.578,person-CRITICAL,CRITICAL,CRITICAL,True,True,66.04,38.27
192,2026-03-29 22:25:50.609,person-CRITICAL,CRITICAL,CRITICAL,True,True,51.96,33.22
193,2026-03-29 22:25:50.639,person-CRITICAL,CRITICAL,CRITICAL,True,True,57.94,35.09
194,2026-03-29 22:25:50.668,person-CRITICAL,CRITICAL,CRITICAL,True,True,62.93,35.12
195,2026-03-29 22:25:50.698,person-CRITICAL,CRITICAL,CRITICAL,True,True,65.33,34.59
196,2026-03-29 22:25:50.729,person-CRITICAL,CRITICAL,CRITICAL,True,True,66.54,33.58
197,2026-03-29 22:25:50.765,person-CRITICAL,CRITICAL,CRITICAL,True,True,62.16,29.13
198,2026-03-29 22:25:50.797,person-CRITICAL,CRITICAL,CRITICAL,True,True,65.79,32.21
199,2026-03-29 22:25:50.829,person-CRITICAL,CRITICAL,CRITICAL,True,True,73.45,32.15
200,2026-03-29 22:25:50.861,person-CRITICAL,CRITICAL,CRITICAL,True,True,70.69,32.48
201,2026-03-29 22:25:50.895,person-CRITICAL,CRITICAL,SAFE,True,False,62.6,30.53
202,2026-03-29 22:25:50.922,person-CRITICAL,CRITICAL,SAFE,True,False,49.91,39.42
203,2026-03-29 22:25:50.940,person-CRITICAL,CRITICAL,SAFE,True,False,59.47,57.91
204,2026-03-29 22:25:50.959,person-CRITICAL,CRITICAL,SAFE,True,False,63.44,56.14
205,2026-03-29 22:25:50.978,person-CRITICAL,CRITICAL,SAFE,True,False,57.04,53.3
206,2026-03-29 22:25:51.001,person-CRITICAL,CRITICAL,SAFE,True,False,61.4,48.14
207,2026-03-29 22:25:51.022,person-CRITICAL,CRITICAL,SAFE,True,False,62.71,49.95
208,2026-03-29 22:25:51.042,person-CRITICAL,CRITICAL,SAFE,True,False,50.72,52.04
209,2026-03-29 22:25:51.062,person-CRITICAL,CRITICAL,SAFE,True,False,68.47,52.59
210,2026-03-29 22:25:51.082,person-CRITICAL,CRITICAL,SAFE,True,False,58.81,52.98
211,2026-03-29 22:25:51.104,person-CRITICAL,CRITICAL,SAFE,True,False,64.16,47.89
212,2026-03-29 22:25:51.127,person-CRITICAL,CRITICAL,SAFE,True,False,48.73,46.32
213,2026-03-29 22:25:51.149,person-CRITICAL,CRITICAL,SAFE,True,False,57.1,48.36
214,2026-03-29 22:25:51.170,person-CRITICAL,CRITICAL,SAFE,True,False,50.82,49.76
215,2026-03-29 22:25:51.193,person-CRITICAL,CRITICAL,SAFE,True,False,64.84,46.04
216,2026-03-29 22:25:51.217,person-CRITICAL,CRITICAL,SAFE,True,False,63.97,43.57
217,2026-03-29 22:25:51.242,person-CRITICAL,CRITICAL,SAFE,True,False,50.47,41.02
218,2026-03-29 22:25:51.271,person-CRITICAL,CRITICAL,SAFE,True,False,68.06,35.57
219,2026-03-29 22:25:51.300,person-CRITICAL,CRITICAL,SAFE,True,False,55.67,36.2
220,2026-03-29 22:25:51.328,person-CRITICAL,CRITICAL,SAFE,True,False,68.74,36.09
221,2026-03-29 22:25:51.362,person-CRITICAL,CRITICAL,SAFE,True,False,78.44,30.83
222,2026-03-29 22:25:51.395,person-CRITICAL,CRITICAL,SAFE,True,False,80.2,31.74
223,2026-03-29 22:25:51.428,person-CRITICAL,CRITICAL,SAFE,True,False,80.4,30.84
224,2026-03-29 22:25:51.463,person-CRITICAL,CRITICAL,SAFE,True,False,66.13,29.38
225,2026-03-29 22:25:51.497,person-CRITICAL,CRITICAL,SAFE,True,False,65.16,30.85
226,2026-03-29 22:25:51.531,person-CRITICAL,CRITICAL,SAFE,True,False,60.72,30.14
227,2026-03-29 22:25:51.565,person-CRITICAL,CRITICAL,SAFE,True,False,53.7,30.92
228,2026-03-29 22:25:51.598,person-CRITICAL,CRITICAL,SAFE,True,False,60.68,31.26
229,2026-03-29 22:25:51.632,person-CRITICAL,CRITICAL,SAFE,True,False,57.77,29.95
230,2026-03-29 22:25:51.650,person-CRITICAL,CRITICAL,SAFE,True,False,62.11,60.53
231,2026-03-29 22:25:51.668,person-CRITICAL,CRITICAL,SAFE,True,False,51.55,57.44
232,2026-03-29 22:25:51.687,person-CRITICAL,CRITICAL,SAFE,True,False,55.83,55.34
233,2026-03-29 22:25:51.707,person-CRITICAL,CRITICAL,SAFE,True,False,55.57,54.48
234,2026-03-29 22:25:51.726,person-CRITICAL,CRITICAL,SAFE,True,False,66.95,53.11
235,2026-03-29 22:25:51.746,person-CRITICAL,CRITICAL,SAFE,True,False,48.2,53.92
236,2026-03-29 22:25:51.766,person-CRITICAL,CRITICAL,SAFE,True,False,51.8,53.24
237,2026-03-29 22:25:51.785,person-CRITICAL,CRITICAL,SAFE,True,False,62.59,54.52
238,2026-03-29 22:25:51.806,person-CRITICAL,CRITICAL,SAFE,True,False,52.14,50.85
239,2026-03-29 22:25:51.827,person-CRITICAL,CRITICAL,SAFE,True,False,50.93,50.63
240,2026-03-29 22:25:51.849,person-CRITICAL,CRITICAL,SAFE,True,False,56.36,49.02
241,2026-03-29 22:25:51.870,person-CRITICAL,CRITICAL,SAFE,True,False,59.42,49.71
242,2026-03-29 22:25:51.892,person-CRITICAL,CRITICAL,SAFE,True,False,52.72,49.06
243,2026-03-29 22:25:51.916,person-CRITICAL,CRITICAL,SAFE,True,False,51.02,42.58
244,2026-03-29 22:25:51.940,person-CRITICAL,CRITICAL,SAFE,True,False,60.25,45.07
245,2026-03-29 22:25:51.964,person-CRITICAL,CRITICAL,SAFE,True,False,48.97,43.64
246,2026-03-29 22:25:51.988,person-CRITICAL,CRITICAL,SAFE,True,False,65.35,42.29
247,2026-03-29 22:25:52.016,person-CRITICAL,CRITICAL,SAFE,True,False,75.54,38.3
248,2026-03-29 22:25:52.046,person-CRITICAL,CRITICAL,SAFE,True,False,66.71,34.25
249,2026-03-29 22:25:52.077,person-CRITICAL,CRITICAL,SAFE,True,False,61.11,33.11
250,2026-03-29 22:25:52.111,person-CRITICAL,CRITICAL,SAFE,True,False,56.42,30.59
251,2026-03-29 22:25:52.144,person-CRITICAL,CRITICAL,WARNING,True,True,61.91,30.95
252,2026-03-29 22:25:52.178,person-CRITICAL,CRITICAL,WARNING,True,True,74.93,31.53
253,2026-03-29 22:25:52.212,person-CRITICAL,CRITICAL,WARNING,True,True,53.09,30.39
254,2026-03-29 22:25:52.245,person-CRITICAL,CRITICAL,WARNING,True,True,75.0,30.8
255,2026-03-29 22:25:52.282,person-CRITICAL,CRITICAL,WARNING,True,True,76.53,28.33
256,2026-03-29 22:25:52.316,person-CRITICAL,CRITICAL,WARNING,True,True,75.8,30.51
257,2026-03-29 22:25:52.350,person-CRITICAL,CRITICAL,WARNING,True,True,76.34,30.96
258,2026-03-29 22:25:52.385,person-CRITICAL,CRITICAL,WARNING,True,True,70.07,28.97
259,2026-03-29 22:25:52.417,person-CRITICAL,CRITICAL,WARNING,True,True,52.71,32.27
260,2026-03-29 22:25:52.436,person-CRITICAL,CRITICAL,WARNING,True,True,52.5,58.12
261,2026-03-29 22:25:52.454,person-CRITICAL,CRITICAL,WARNING,True,True,37.49,58.13
262,2026-03-29 22:25:52.472,person-CRITICAL,CRITICAL,WARNING,True,True,62.57,57.36
263,2026-03-29 22:25:52.491,person-CRITICAL,CRITICAL,WARNING,True,True,67.98,55.14
264,2026-03-29 22:25:52.510,person-CRITICAL,CRITICAL,WARNING,True,True,44.9,54.96
265,2026-03-29 22:25:52.530,person-CRITICAL,CRITICAL,WARNING,True,True,68.26,54.54
266,2026-03-29 22:25:52.550,person-CRITICAL,CRITICAL,WARNING,True,True,44.04,52.02
267,2026-03-29 22:25:52.570,person-CRITICAL,CRITICAL,WARNING,True,True,45.65,53.84
268,2026-03-29 22:25:52.590,person-CRITICAL,CRITICAL,WARNING,True,True,46.39,51.01
269,2026-03-29 22:25:52.611,person-CRITICAL,CRITICAL,WARNING,True,True,52.56,50.35
270,2026-03-29 22:25:52.633,person-CRITICAL,CRITICAL,WARNING,True,True,61.78,48.09
271,2026-03-29 22:25:52.654,person-CRITICAL,CRITICAL,WARNING,True,True,64.58,50.74
272,2026-03-29 22:25:52.675,person-CRITICAL,CRITICAL,WARNING,True,True,46.3,49.31
273,2026-03-29 22:25:52.699,person-CRITICAL,CRITICAL,WARNING,True,True,53.18,45.47
274,2026-03-29 22:25:52.724,person-CRITICAL,CRITICAL,WARNING,True,True,45.37,42.76
275,2026-03-29 22:25:52.751,person-CRITICAL,CRITICAL,WARNING,True,True,71.82,38.71
276,2026-03-29 22:25:52.777,person-CRITICAL,CRITICAL,WARNING,True,True,70.35,39.53
277,2026-03-29 22:25:52.808,person-CRITICAL,CRITICAL,WARNING,True,True,57.01,33.84
278,2026-03-29 22:25:52.840,person-CRITICAL,CRITICAL,WARNING,True,True,67.97,31.95
279,2026-03-29 22:25:52.873,person-CRITICAL,CRITICAL,WARNING,True,True,70.29,30.94
280,2026-03-29 22:25:52.902,person-CRITICAL,CRITICAL,WARNING,True,True,71.27,36.56
281,2026-03-29 22:25:52.920,person-CRITICAL,CRITICAL,WARNING,True,True,40.16,60.04
282,2026-03-29 22:25:52.938,person-CRITICAL,CRITICAL,WARNING,True,True,51.53,57.22
283,2026-03-29 22:25:52.957,person-CRITICAL,CRITICAL,WARNING,True,True,52.47,56.04
284,2026-03-29 22:25:52.977,person-CRITICAL,CRITICAL,WARNING,True,True,57.75,55.02
285,2026-03-29 22:25:52.996,person-CRITICAL,CRITICAL,WARNING,True,True,43.71,54.95
286,2026-03-29 22:25:53.015,person-CRITICAL,CRITICAL,WARNING,True,True,61.04,54.27
287,2026-03-29 22:25:53.034,person-CRITICAL,CRITICAL,WARNING,True,True,40.34,57.18
288,2026-03-29 22:25:53.054,person-CRITICAL,CRITICAL,WARNING,True,True,64.81,53.62
289,2026-03-29 22:25:53.074,person-CRITICAL,CRITICAL,WARNING,True,True,40.98,51.46
290,2026-03-29 22:25:53.096,person-CRITICAL,CRITICAL,WARNING,True,True,49.96,48.69
291,2026-03-29 22:25:53.119,person-CRITICAL,CRITICAL,WARNING,True,True,47.7,46.32
292,2026-03-29 22:25:53.141,person-CRITICAL,CRITICAL,WARNING,True,True,67.43,47.83
293,2026-03-29 22:25:53.173,person-CRITICAL,CRITICAL,WARNING,True,True,57.1,32.78
294,2026-03-29 22:25:53.221,person-CRITICAL,CRITICAL,WARNING,True,True,65.0,23.48
295,2026-03-29 22:25:53.261,person-CRITICAL,CRITICAL,WARNING,True,True,79.76,27.15
296,2026-03-29 22:25:53.296,person-CRITICAL,CRITICAL,WARNING,True,True,58.14,30.05
297,2026-03-29 22:25:53.329,person-CRITICAL,CRITICAL,WARNING,True,True,54.49,30.58
298,2026-03-29 22:25:53.364,person-CRITICAL,CRITICAL,WARNING,True,True,74.58,29.77
299,2026-03-29 22:25:53.382,person-CRITICAL,CRITICAL,WARNING,True,True,54.46,57.99
300,2026-03-29 22:25:53.401,person-CRITICAL,CRITICAL,WARNING,True,True,52.16,57.86
301,2026-03-29 22:25:53.419,person-CRITICAL,CRITICAL,SAFE,True,False,55.36,57.5
302,2026-03-29 22:25:53.438,person-CRITICAL,CRITICAL,SAFE,True,False,60.39,54.08
303,2026-03-29 22:25:53.458,person-CRITICAL,CRITICAL,SAFE,True,False,67.51,55.22
304,2026-03-29 22:25:53.477,person-CRITICAL,CRITICAL,SAFE,True,False,56.12,54.34
305,2026-03-29 22:25:53.496,person-CRITICAL,CRITICAL,SAFE,True,False,52.02,54.3
306,2026-03-29 22:25:53.516,person-CRITICAL,CRITICAL,SAFE,True,False,55.51,53.7
307,2026-03-29 22:25:53.537,person-CRITICAL,CRITICAL,SAFE,True,False,45.03,51.53
308,2026-03-29 22:25:53.557,person-CRITICAL,CRITICAL,SAFE,True,False,49.29,51.81
309,2026-03-29 22:25:53.579,person-CRITICAL,CRITICAL,SAFE,True,False,41.83,48.79
310,2026-03-29 22:25:53.600,person-CRITICAL,CRITICAL,SAFE,True,False,65.4,49.07
311,2026-03-29 22:25:53.622,person-CRITICAL,CRITICAL,SAFE,True,False,63.14,48.35
312,2026-03-29 22:25:53.644,person-CRITICAL,CRITICAL,SAFE,True,False,46.06,48.5
313,2026-03-29 22:25:53.670,person-CRITICAL,CRITICAL,SAFE,True,False,71.79,40.69
314,2026-03-29 22:25:53.694,person-CRITICAL,CRITICAL,SAFE,True,False,69.87,41.97
315,2026-03-29 22:25:53.721,person-CRITICAL,CRITICAL,SAFE,True,False,59.94,38.72
316,2026-03-29 22:25:53.750,person-CRITICAL,CRITICAL,SAFE,True,False,65.83,35.8
317,2026-03-29 22:25:53.782,person-CRITICAL,CRITICAL,SAFE,True,False,77.28,32.13
318,2026-03-29 22:25:53.816,person-CRITICAL,CRITICAL,SAFE,True,False,60.4,30.67
319,2026-03-29 22:25:53.834,person-CRITICAL,CRITICAL,SAFE,True,False,51.88,57.35
320,2026-03-29 22:25:53.853,person-CRITICAL,CRITICAL,SAFE,True,False,44.15,55.77
321,2026-03-29 22:25:53.872,person-CRITICAL,CRITICAL,SAFE,True,False,47.16,56.29
322,2026-03-29 22:25:53.891,person-CRITICAL,CRITICAL,SAFE,True,False,59.24,54.1
323,2026-03-29 22:25:53.911,person-CRITICAL,CRITICAL,SAFE,True,False,50.0,53.38
324,2026-03-29 22:25:53.930,person-CRITICAL,CRITICAL,SAFE,True,False,66.71,54.79
325,2026-03-29 22:25:53.949,person-CRITICAL,CRITICAL,SAFE,True,False,42.1,55.16
326,2026-03-29 22:25:53.978,person-CRITICAL,CRITICAL,SAFE,True,False,70.72,36.76
327,2026-03-29 22:25:53.998,person-CRITICAL,CRITICAL,SAFE,True,False,58.83,51.0
328,2026-03-29 22:25:54.018,person-CRITICAL,CRITICAL,SAFE,True,False,56.21,53.07
329,2026-03-29 22:25:54.038,person-CRITICAL,CRITICAL,SAFE,True,False,57.3,51.83
330,2026-03-29 22:25:54.060,person-CRITICAL,CRITICAL,SAFE,True,False,61.81,49.75
331,2026-03-29 22:25:54.082,person-CRITICAL,CRITICAL,SAFE,True,False,57.4,46.79
332,2026-03-29 22:25:54.106,person-CRITICAL,CRITICAL,SAFE,True,False,44.03,43.67
333,2026-03-29 22:25:54.133,person-CRITICAL,CRITICAL,SAFE,True,False,59.22,38.3
334,2026-03-29 22:25:54.159,person-CRITICAL,CRITICAL,SAFE,True,False,49.43,40.4
335,2026-03-29 22:25:54.187,person-CRITICAL,CRITICAL,SAFE,True,False,67.53,36.39
336,2026-03-29 22:25:54.213,person-CRITICAL,CRITICAL,SAFE,True,False,67.08,40.05
337,2026-03-29 22:25:54.243,person-CRITICAL,CRITICAL,SAFE,True,False,69.67,35.31
338,2026-03-29 22:25:54.276,person-CRITICAL,CRITICAL,SAFE,True,False,76.66,31.34
339,2026-03-29 22:25:54.304,person-CRITICAL,CRITICAL,SAFE,True,False,51.21,36.9
340,2026-03-29 22:25:54.322,person-CRITICAL,CRITICAL,SAFE,True,False,40.18,57.91
341,2026-03-29 22:25:54.341,person-CRITICAL,CRITICAL,SAFE,True,False,63.5,55.28
342,2026-03-29 22:25:54.361,person-CRITICAL,CRITICAL,SAFE,True,False,60.77,54.67
343,2026-03-29 22:25:54.380,person-CRITICAL,CRITICAL,SAFE,True,False,59.86,54.81
344,2026-03-29 22:25:54.400,person-CRITICAL,CRITICAL,SAFE,True,False,42.68,54.27
345,2026-03-29 22:25:54.419,person-CRITICAL,CRITICAL,SAFE,True,False,56.13,55.2
346,2026-03-29 22:25:54.439,person-CRITICAL,CRITICAL,SAFE,True,False,63.68,52.72
347,2026-03-29 22:25:54.459,person-CRITICAL,CRITICAL,SAFE,True,False,57.12,53.34
348,2026-03-29 22:25:54.480,person-CRITICAL,CRITICAL,SAFE,True,False,67.84,51.17
349,2026-03-29 22:25:54.501,person-CRITICAL,CRITICAL,SAFE,True,False,49.17,49.31
350,2026-03-29 22:25:54.521,person-CRITICAL,CRITICAL,SAFE,True,False,46.95,51.13
351,2026-03-29 22:25:54.544,person-CRITICAL,CRITICAL,SAFE,True,False,54.61,47.1
352,2026-03-29 22:25:54.566,person-CRITICAL,CRITICAL,SAFE,True,False,66.95,46.05
353,2026-03-29 22:25:54.589,person-CRITICAL,CRITICAL,SAFE,True,False,54.94,45.61
354,2026-03-29 22:25:54.612,person-CRITICAL,CRITICAL,SAFE,True,False,64.68,44.96
355,2026-03-29 22:25:54.637,person-CRITICAL,CRITICAL,SAFE,True,False,60.24,41.79
356,2026-03-29 22:25:54.664,person-CRITICAL,CRITICAL,SAFE,True,False,47.26,39.81
357,2026-03-29 22:25:54.693,person-CRITICAL,CRITICAL,SAFE,True,False,51.34,34.93
358,2026-03-29 22:25:54.726,person-CRITICAL,CRITICAL,SAFE,True,False,69.49,32.0
359,2026-03-29 22:25:54.760,person-CRITICAL,CRITICAL,SAFE,True,False,58.7,29.8
360,2026-03-29 22:25:54.795,person-CRITICAL,CRITICAL,SAFE,True,False,65.48,29.91
361,2026-03-29 22:25:54.829,person-CRITICAL,CRITICAL,SAFE,True,False,60.72,30.32
362,2026-03-29 22:25:54.889,person-CRITICAL,CRITICAL,SAFE,True,False,101.01,17.03
363,2026-03-29 22:25:54.923,person-CRITICAL,CRITICAL,SAFE,True,False,63.67,30.26
364,2026-03-29 22:25:54.953,person-CRITICAL,CRITICAL,SAFE,True,False,55.62,34.98
365,2026-03-29 22:25:54.971,person-CRITICAL,CRITICAL,SAFE,True,False,43.57,55.79
366,2026-03-29 22:25:54.990,person-CRITICAL,CRITICAL,SAFE,True,False,66.66,58.36
367,2026-03-29 22:25:55.009,person-CRITICAL,CRITICAL,SAFE,True,False,56.27,55.44
368,2026-03-29 22:25:55.028,person-CRITICAL,CRITICAL,SAFE,True,False,53.54,54.31
369,2026-03-29 22:25:55.047,person-CRITICAL,CRITICAL,SAFE,True,False,60.42,57.62
370,2026-03-29 22:25:55.066,person-CRITICAL,CRITICAL,SAFE,True,False,58.66,54.45
371,2026-03-29 22:25:55.086,person-CRITICAL,CRITICAL,SAFE,True,False,62.92,53.24
372,2026-03-29 22:25:55.106,person-CRITICAL,CRITICAL,SAFE,True,False,64.33,50.77
373,2026-03-29 22:25:55.127,person-CRITICAL,CRITICAL,SAFE,True,False,48.48,51.62
374,2026-03-29 22:25:55.147,person-CRITICAL,CRITICAL,SAFE,True,False,66.95,52.66
375,2026-03-29 22:25:55.168,person-CRITICAL,CRITICAL,SAFE,True,False,52.08,50.59
376,2026-03-29 22:25:55.189,person-CRITICAL,CRITICAL,SAFE,True,False,59.64,49.62
377,2026-03-29 22:25:55.211,person-CRITICAL,CRITICAL,SAFE,True,False,69.57,47.13
378,2026-03-29 22:25:55.235,person-CRITICAL,CRITICAL,SAFE,True,False,71.44,44.68
379,2026-03-29 22:25:55.259,person-CRITICAL,CRITICAL,SAFE,True,False,59.78,43.25
380,2026-03-29 22:25:55.284,person-CRITICAL,CRITICAL,SAFE,True,False,71.22,41.47
381,2026-03-29 22:25:55.313,person-CRITICAL,CRITICAL,SAFE,True,False,67.31,36.66
382,2026-03-29 22:25:55.342,person-CRITICAL,CRITICAL,SAFE,True,False,53.31,35.07
383,2026-03-29 22:25:55.375,person-CRITICAL,CRITICAL,SAFE,True,False,53.63,31.81
384,2026-03-29 22:25:55.403,person-CRITICAL,CRITICAL,SAFE,True,False,68.52,37.44
385,2026-03-29 22:25:55.421,person-CRITICAL,CRITICAL,SAFE,True,False,62.71,56.42
386,2026-03-29 22:25:55.440,person-CRITICAL,CRITICAL,SAFE,True,False,37.8,56.45
387,2026-03-29 22:25:55.459,person-CRITICAL,CRITICAL,SAFE,True,False,65.43,55.16
388,2026-03-29 22:25:55.479,person-CRITICAL,CRITICAL,SAFE,True,False,63.18,53.46
389,2026-03-29 22:25:55.499,person-CRITICAL,CRITICAL,SAFE,True,False,64.96,54.16
390,2026-03-29 22:25:55.517,person-CRITICAL,CRITICAL,SAFE,True,False,51.27,57.38
391,2026-03-29 22:25:55.536,person-CRITICAL,CRITICAL,SAFE,True,False,52.69,55.78
392,2026-03-29 22:25:55.556,person-CRITICAL,CRITICAL,SAFE,True,False,49.67,53.81
393,2026-03-29 22:25:55.577,person-CRITICAL,CRITICAL,SAFE,True,False,47.88,49.31
394,2026-03-29 22:25:55.599,person-CRITICAL,CRITICAL,SAFE,True,False,57.16,47.76
395,2026-03-29 22:25:55.621,person-CRITICAL,CRITICAL,SAFE,True,False,60.97,48.54
396,2026-03-29 22:25:55.644,person-CRITICAL,CRITICAL,SAFE,True,False,67.56,46.28
397,2026-03-29 22:25:55.667,person-CRITICAL,CRITICAL,SAFE,True,False,52.04,45.69
398,2026-03-29 22:25:55.691,person-CRITICAL,CRITICAL,SAFE,True,False,43.58,44.84
399,2026-03-29 22:25:55.715,person-CRITICAL,CRITICAL,SAFE,True,False,49.86,42.44
400,2026-03-29 22:25:55.742,person-CRITICAL,CRITICAL,SAFE,True,False,60.05,39.5
401,2026-03-29 22:25:55.771,person-CRITICAL,CRITICAL,SAFE,True,False,61.47,36.29
402,2026-03-29 22:25:55.800,person-CRITICAL,CRITICAL,SAFE,True,False,49.19,35.71
403,2026-03-29 22:25:55.833,person-CRITICAL,CRITICAL,SAFE,True,False,62.01,31.22
404,2026-03-29 22:25:55.867,person-CRITICAL,CRITICAL,SAFE,True,False,70.14,30.3
405,2026-03-29 22:25:55.903,person-CRITICAL,CRITICAL,SAFE,True,False,65.22,28.22
406,2026-03-29 22:25:55.937,person-CRITICAL,CRITICAL,SAFE,True,False,54.91,30.56
407,2026-03-29 22:25:55.969,person-CRITICAL,CRITICAL,SAFE,True,False,50.97,32.68
408,2026-03-29 22:25:56.003,person-CRITICAL,CRITICAL,SAFE,True,False,71.46,31.33
409,2026-03-29 22:25:56.035,person-CRITICAL,CRITICAL,SAFE,True,False,52.87,31.6
410,2026-03-29 22:25:56.068,person-CRITICAL,CRITICAL,SAFE,True,False,66.83,31.14
411,2026-03-29 22:25:56.100,person-CRITICAL,CRITICAL,SAFE,True,False,53.1,32.56
412,2026-03-29 22:25:56.133,person-CRITICAL,CRITICAL,SAFE,True,False,57.14,32.08
413,2026-03-29 22:25:56.163,person-CRITICAL,CRITICAL,SAFE,True,False,53.02,33.65
414,2026-03-29 22:25:56.196,person-CRITICAL,CRITICAL,SAFE,True,False,54.21,31.88
415,2026-03-29 22:25:56.229,person-CRITICAL,CRITICAL,SAFE,True,False,56.97,30.92
416,2026-03-29 22:25:56.262,person-CRITICAL,CRITICAL,SAFE,True,False,57.12,31.55
417,2026-03-29 22:25:56.296,person-CRITICAL,CRITICAL,SAFE,True,False,62.72,30.67
418,2026-03-29 22:25:56.329,person-CRITICAL,CRITICAL,SAFE,True,False,61.72,31.17
419,2026-03-29 22:25:56.363,person-CRITICAL,CRITICAL,SAFE,True,False,64.09,30.87
420,2026-03-29 22:25:56.397,person-CRITICAL,CRITICAL,SAFE,True,False,65.54,30.14
421,2026-03-29 22:25:56.432,person-CRITICAL,CRITICAL,SAFE,True,False,76.28,29.45
422,2026-03-29 22:25:56.451,person-CRITICAL,CRITICAL,SAFE,True,False,49.55,57.45
423,2026-03-29 22:25:56.468,person-CRITICAL,CRITICAL,SAFE,True,False,57.1,59.07
424,2026-03-29 22:25:56.488,person-CRITICAL,CRITICAL,SAFE,True,False,42.55,55.06
425,2026-03-29 22:25:56.507,person-CRITICAL,CRITICAL,SAFE,True,False,66.62,54.97
426,2026-03-29 22:25:56.526,person-CRITICAL,CRITICAL,SAFE,True,False,51.63,54.15
427,2026-03-29 22:25:56.546,person-CRITICAL,CRITICAL,SAFE,True,False,39.13,54.16
428,2026-03-29 22:25:56.566,person-CRITICAL,CRITICAL,SAFE,True,False,55.81,53.03
429,2026-03-29 22:25:56.585,person-CRITICAL,CRITICAL,SAFE,True,False,39.36,54.83
430,2026-03-29 22:25:56.606,person-CRITICAL,CRITICAL,SAFE,True,False,47.63,50.26
431,2026-03-29 22:25:56.627,person-CRITICAL,CRITICAL,SAFE,True,False,53.38,51.1
432,2026-03-29 22:25:56.648,person-CRITICAL,CRITICAL,SAFE,True,False,69.42,47.91
433,2026-03-29 22:25:56.670,person-CRITICAL,CRITICAL,SAFE,True,False,50.47,48.72
434,2026-03-29 22:25:56.692,person-CRITICAL,CRITICAL,SAFE,True,False,68.51,49.31
435,2026-03-29 22:25:56.715,person-CRITICAL,CRITICAL,SAFE,True,False,58.11,44.87
436,2026-03-29 22:25:56.739,person-CRITICAL,CRITICAL,SAFE,True,False,67.61,43.78
437,2026-03-29 22:25:56.766,person-CRITICAL,CRITICAL,SAFE,True,False,50.25,39.16
438,2026-03-29 22:25:56.792,person-CRITICAL,CRITICAL,SAFE,True,False,58.45,39.68
439,2026-03-29 22:25:56.822,person-CRITICAL,CRITICAL,SAFE,True,False,66.43,34.11
440,2026-03-29 22:25:56.850,person-CRITICAL,CRITICAL,SAFE,True,False,61.57,37.44
441,2026-03-29 22:25:56.880,person-CRITICAL,CRITICAL,SAFE,True,False,62.06,34.91
442,2026-03-29 22:25:56.910,person-CRITICAL,CRITICAL,SAFE,True,False,77.05,34.57
443,2026-03-29 22:25:56.977,person-CRITICAL,CRITICAL,SAFE,True,False,95.51,15.1
444,2026-03-29 22:25:57.009,person-CRITICAL,CRITICAL,SAFE,True,False,53.46,32.46
445,2026-03-29 22:25:57.042,person-CRITICAL,CRITICAL,SAFE,True,False,72.0,31.83
446,2026-03-29 22:25:57.074,person-CRITICAL,CRITICAL,SAFE,True,False,58.9,31.75
447,2026-03-29 22:25:57.103,person-CRITICAL,CRITICAL,SAFE,True,False,65.0,36.32
448,2026-03-29 22:25:57.121,person-CRITICAL,CRITICAL,SAFE,True,False,41.02,58.44
449,2026-03-29 22:25:57.139,person-CRITICAL,CRITICAL,SAFE,True,False,62.39,58.41
450,2026-03-29 22:25:57.158,person-CRITICAL,CRITICAL,SAFE,True,False,53.12,56.23
451,2026-03-29 22:25:57.177,person-CRITICAL,CRITICAL,SAFE,True,False,41.5,53.59
452,2026-03-29 22:25:57.196,person-CRITICAL,CRITICAL,SAFE,True,False,53.74,56.28
453,2026-03-29 22:25:57.216,person-CRITICAL,CRITICAL,SAFE,True,False,59.01,54.45
454,2026-03-29 22:25:57.235,person-CRITICAL,CRITICAL,SAFE,True,False,56.15,55.94
455,2026-03-29 22:25:57.255,person-CRITICAL,CRITICAL,SAFE,True,False,65.29,52.67
456,2026-03-29 22:25:57.276,person-CRITICAL,CRITICAL,SAFE,True,False,67.51,50.9
457,2026-03-29 22:25:57.297,person-CRITICAL,CRITICAL,SAFE,True,False,62.26,50.02
458,2026-03-29 22:25:57.318,person-CRITICAL,CRITICAL,SAFE,True,False,56.01,50.98
459,2026-03-29 22:25:57.339,person-WARNING,WARNING,SAFE,True,False,42.3,49.05
460,2026-03-29 22:25:57.362,person-WARNING,WARNING,SAFE,True,False,62.06,46.02
461,2026-03-29 22:25:57.385,person-WARNING,WARNING,SAFE,True,False,48.48,45.91
462,2026-03-29 22:25:57.409,person-WARNING,WARNING,SAFE,True,False,69.68,43.59
463,2026-03-29 22:25:57.435,person-WARNING,WARNING,SAFE,True,False,74.38,41.0
464,2026-03-29 22:25:57.461,person-WARNING,WARNING,SAFE,True,False,65.69,39.85
465,2026-03-29 22:25:57.491,person-WARNING,WARNING,SAFE,True,False,57.21,34.88
466,2026-03-29 22:25:57.522,person-WARNING,WARNING,SAFE,True,False,56.84,32.67
467,2026-03-29 22:25:57.552,person-WARNING,WARNING,SAFE,True,False,50.86,34.36
468,2026-03-29 22:25:57.585,person-WARNING,WARNING,SAFE,True,False,61.27,31.58
469,2026-03-29 22:25:57.613,person-WARNING,WARNING,SAFE,True,False,64.33,37.02
470,2026-03-29 22:25:57.645,person-WARNING,WARNING,SAFE,True,False,69.54,33.13
471,2026-03-29 22:25:57.675,person-WARNING,WARNING,SAFE,True,False,73.16,33.74
472,2026-03-29 22:25:57.709,person-WARNING,WARNING,SAFE,True,False,55.33,30.82
473,2026-03-29 22:25:57.742,person-WARNING,WARNING,SAFE,True,False,53.85,31.42
474,2026-03-29 22:25:57.775,person-WARNING,WARNING,SAFE,True,False,66.79,30.97
475,2026-03-29 22:25:57.809,person-WARNING,WARNING,SAFE,True,False,75.76,30.27
476,2026-03-29 22:25:57.843,person-WARNING,WARNING,SAFE,True,False,77.4,30.76
477,2026-03-29 22:25:57.876,person-WARNING,WARNING,SAFE,True,False,66.4,31.07
478,2026-03-29 22:25:57.910,person-WARNING,WARNING,SAFE,True,False,64.27,31.01
479,2026-03-29 22:25:57.943,person-WARNING,WARNING,SAFE,True,False,71.83,31.35
480,2026-03-29 22:25:57.977,person-WARNING,WARNING,SAFE,True,False,59.08,30.53
481,2026-03-29 22:25:58.010,person-WARNING,WARNING,SAFE,True,False,76.56,31.07
482,2026-03-29 22:25:58.043,person-WARNING,WARNING,SAFE,True,False,71.98,30.92
483,2026-03-29 22:25:58.077,person-WARNING,WARNING,SAFE,True,False,76.37,30.67
484,2026-03-29 22:25:58.111,person-WARNING,WARNING,SAFE,True,False,71.93,30.67
485,2026-03-29 22:25:58.144,person-WARNING,WARNING,SAFE,True,False,67.03,31.05
486,2026-03-29 22:25:58.178,person-WARNING,WARNING,SAFE,True,False,79.36,30.36
487,2026-03-29 22:25:58.212,person-WARNING,WARNING,SAFE,True,False,77.08,31.03
488,2026-03-29 22:25:58.245,person-WARNING,WARNING,SAFE,True,False,56.46,31.05
489,2026-03-29 22:25:58.278,person-WARNING,WARNING,SAFE,True,False,74.02,30.73
490,2026-03-29 22:25:58.311,person-WARNING,WARNING,SAFE,True,False,71.89,31.69
491,2026-03-29 22:25:58.347,person-WARNING,WARNING,SAFE,True,False,80.33,29.22
492,2026-03-29 22:25:58.380,person-WARNING,WARNING,SAFE,True,False,72.01,31.34
493,2026-03-29 22:25:58.413,person-WARNING,WARNING,SAFE,True,False,66.21,31.06
494,2026-03-29 22:25:58.447,person-WARNING,WARNING,SAFE,True,False,68.91,30.34
495,2026-03-29 22:25:58.465,person-WARNING,WARNING,SAFE,True,False,52.03,59.24
496,2026-03-29 22:25:58.483,person-WARNING,WARNING,SAFE,True,False,57.58,60.21
497,2026-03-29 22:25:58.500,person-WARNING,WARNING,SAFE,True,False,37.87,59.75
498,2026-03-29 22:25:58.518,person-WARNING,WARNING,SAFE,True,False,66.57,59.08
499,2026-03-29 22:25:58.537,person-WARNING,WARNING,SAFE,True,False,63.68,56.95
500,2026-03-29 22:25:58.556,person-WARNING,WARNING,SAFE,True,False,51.87,54.41
501,2026-03-29 22:25:58.575,person-WARNING,WARNING,SAFE,True,False,42.0,55.15
502,2026-03-29 22:25:58.595,person-WARNING,WARNING,SAFE,True,False,41.11,53.25
503,2026-03-29 22:25:58.637,person-WARNING,WARNING,SAFE,True,False,91.03,24.2
504,2026-03-29 22:25:58.660,person-WARNING,WARNING,SAFE,True,False,56.85,47.65
505,2026-03-29 22:25:58.682,person-WARNING,WARNING,SAFE,True,False,59.81,47.41
506,2026-03-29 22:25:58.704,person-WARNING,WARNING,SAFE,True,False,46.71,47.32
507,2026-03-29 22:25:58.730,person-WARNING,WARNING,SAFE,True,False,68.18,41.02
508,2026-03-29 22:25:58.755,person-WARNING,WARNING,SAFE,True,False,51.09,41.56
509,2026-03-29 22:25:58.782,person-WARNING,WARNING,SAFE,True,False,62.02,39.02
510,2026-03-29 22:25:58.810,person-WARNING,WARNING,SAFE,True,False,68.84,36.94
511,2026-03-29 22:25:58.841,person-WARNING,WARNING,SAFE,True,False,77.74,33.08
512,2026-03-29 22:25:58.870,person-WARNING,WARNING,SAFE,True,False,70.3,36.12
513,2026-03-29 22:25:58.888,person-WARNING,WARNING,SAFE,True,False,46.82,58.22
514,2026-03-29 22:25:58.906,person-WARNING,WARNING,SAFE,True,False,38.65,58.04
515,2026-03-29 22:25:58.925,person-WARNING,WARNING,SAFE,True,False,37.63,57.65
516,2026-03-29 22:25:58.943,person-WARNING,WARNING,SAFE,True,False,49.31,56.03
517,2026-03-29 22:25:58.962,person-WARNING,WARNING,SAFE,True,False,58.21,55.72
518,2026-03-29 22:25:58.982,person-WARNING,WARNING,SAFE,True,False,38.87,54.09
519,2026-03-29 22:25:59.001,person-WARNING,WARNING,SAFE,True,False,51.89,56.46
520,2026-03-29 22:25:59.020,person-WARNING,WARNING,SAFE,True,False,61.64,54.47
521,2026-03-29 22:25:59.041,person-WARNING,WARNING,SAFE,True,False,66.08,51.02
522,2026-03-29 22:25:59.063,person-WARNING,WARNING,SAFE,True,False,70.92,47.73
523,2026-03-29 22:25:59.084,person-WARNING,WARNING,SAFE,True,False,57.07,50.18
524,2026-03-29 22:25:59.105,person-WARNING,WARNING,SAFE,True,False,68.53,50.12
525,2026-03-29 22:25:59.126,person-WARNING,WARNING,SAFE,True,False,45.23,48.84
526,2026-03-29 22:25:59.149,person-WARNING,WARNING,SAFE,True,False,70.28,45.31
527,2026-03-29 22:25:59.174,person-WARNING,WARNING,SAFE,True,False,58.63,42.89
528,2026-03-29 22:25:59.200,person-WARNING,WARNING,SAFE,True,False,67.42,40.33
529,2026-03-29 22:25:59.227,person-WARNING,WARNING,SAFE,True,False,61.23,38.46
530,2026-03-29 22:25:59.259,person-WARNING,WARNING,SAFE,True,False,56.49,32.12
531,2026-03-29 22:25:59.291,person-WARNING,WARNING,SAFE,True,False,68.13,32.13
532,2026-03-29 22:25:59.326,person-WARNING,WARNING,SAFE,True,False,74.56,29.43
533,2026-03-29 22:25:59.361,person-WARNING,WARNING,SAFE,True,False,74.64,29.84
534,2026-03-29 22:25:59.396,person-WARNING,WARNING,SAFE,True,False,66.16,29.56
535,2026-03-29 22:25:59.430,person-WARNING,WARNING,SAFE,True,False,69.64,30.28
536,2026-03-29 22:25:59.464,person-WARNING,WARNING,SAFE,True,False,73.41,30.81
537,2026-03-29 22:25:59.499,person-WARNING,WARNING,SAFE,True,False,78.97,28.87
538,2026-03-29 22:25:59.533,person-WARNING,WARNING,SAFE,True,False,65.22,30.86
539,2026-03-29 22:25:59.566,person-WARNING,WARNING,SAFE,True,False,56.68,31.55
540,2026-03-29 22:25:59.599,person-WARNING,WARNING,SAFE,True,False,77.5,31.08
541,2026-03-29 22:25:59.634,person-WARNING,WARNING,SAFE,True,False,74.91,29.43
542,2026-03-29 22:25:59.666,person-WARNING,WARNING,SAFE,True,False,59.11,32.07
543,2026-03-29 22:25:59.699,person-WARNING,WARNING,SAFE,True,False,54.42,31.2
544,2026-03-29 22:25:59.733,person-WARNING,WARNING,SAFE,True,False,76.74,30.45
545,2026-03-29 22:25:59.752,person-WARNING,WARNING,SAFE,True,False,60.16,57.04
546,2026-03-29 22:25:59.770,person-WARNING,WARNING,SAFE,True,False,42.69,58.48
547,2026-03-29 22:25:59.788,person-WARNING,WARNING,SAFE,True,False,63.71,56.92
548,2026-03-29 22:25:59.807,person-WARNING,WARNING,SAFE,True,False,47.6,56.74
549,2026-03-29 22:25:59.826,person-WARNING,WARNING,SAFE,True,False,42.23,55.59
550,2026-03-29 22:25:59.845,person-WARNING,WARNING,SAFE,True,False,48.5,55.08
551,2026-03-29 22:25:59.865,person-WARNING,WARNING,SAFE,True,False,66.69,52.63
552,2026-03-29 22:25:59.884,person-WARNING,WARNING,SAFE,True,False,55.65,55.39
553,2026-03-29 22:25:59.904,person-WARNING,WARNING,SAFE,True,False,65.17,53.04
554,2026-03-29 22:25:59.925,person-WARNING,WARNING,SAFE,True,False,57.8,52.33
555,2026-03-29 22:25:59.947,person-WARNING,WARNING,SAFE,True,False,64.41,47.33
556,2026-03-29 22:25:59.968,person-WARNING,WARNING,SAFE,True,False,39.83,50.55
557,2026-03-29 22:25:59.990,person-WARNING,WARNING,SAFE,True,False,67.98,47.43
558,2026-03-29 22:26:00.012,person-WARNING,WARNING,SAFE,True,False,56.45,47.42
559,2026-03-29 22:26:00.035,person-WARNING,WARNING,SAFE,True,False,52.13,45.66
560,2026-03-29 22:26:00.060,person-WARNING,WARNING,SAFE,True,False,60.32,41.57
561,2026-03-29 22:26:00.088,person-WARNING,WARNING,SAFE,True,False,69.15,37.82
562,2026-03-29 22:26:00.116,person-WARNING,WARNING,SAFE,True,False,67.31,37.42
563,2026-03-29 22:26:00.146,person-WARNING,WARNING,SAFE,True,False,57.1,34.07
564,2026-03-29 22:26:00.180,person-WARNING,WARNING,SAFE,True,False,74.78,30.51
565,2026-03-29 22:26:00.199,person-WARNING,WARNING,SAFE,True,False,40.3,56.26
566,2026-03-29 22:26:00.217,person-WARNING,WARNING,SAFE,True,False,59.05,58.93
567,2026-03-29 22:26:00.236,person-WARNING,WARNING,SAFE,True,False,57.04,55.86
568,2026-03-29 22:26:00.255,person-WARNING,WARNING,SAFE,True,False,50.59,55.68
569,2026-03-29 22:26:00.274,person-WARNING,WARNING,SAFE,True,False,56.74,55.19
570,2026-03-29 22:26:00.293,person-WARNING,WARNING,SAFE,True,False,56.48,53.46
571,2026-03-29 22:26:00.313,person-WARNING,WARNING,SAFE,True,False,39.57,52.97
572,2026-03-29 22:26:00.333,person-WARNING,WARNING,SAFE,True,False,62.53,53.68
573,2026-03-29 22:26:00.353,person-WARNING,WARNING,SAFE,True,False,66.64,53.2
574,2026-03-29 22:26:00.373,person-WARNING,WARNING,SAFE,True,False,42.52,52.8
575,2026-03-29 22:26:00.393,person-WARNING,WARNING,SAFE,True,False,58.74,51.59
576,2026-03-29 22:26:00.415,person-WARNING,WARNING,SAFE,True,False,41.35,48.34
577,2026-03-29 22:26:00.436,person-WARNING,WARNING,SAFE,True,False,48.52,49.8
578,2026-03-29 22:26:00.459,person-WARNING,WARNING,SAFE,True,False,42.59,47.88
579,2026-03-29 22:26:00.482,person-WARNING,WARNING,SAFE,True,False,65.93,45.03
580,2026-03-29 22:26:00.507,person-WARNING,WARNING,SAFE,True,False,69.99,41.49
581,2026-03-29 22:26:00.533,person-WARNING,WARNING,SAFE,True,False,70.22,39.65
582,2026-03-29 22:26:00.559,person-WARNING,WARNING,SAFE,True,False,54.65,39.97
583,2026-03-29 22:26:00.588,person-WARNING,WARNING,SAFE,True,False,47.47,36.72
584,2026-03-29 22:26:00.616,person-WARNING,WARNING,SAFE,True,False,55.38,36.61
585,2026-03-29 22:26:00.646,person-WARNING,WARNING,SAFE,True,False,55.38,34.87
586,2026-03-29 22:26:00.678,person-WARNING,WARNING,SAFE,True,False,76.62,32.41
587,2026-03-29 22:26:00.712,person-WARNING,WARNING,SAFE,True,False,53.15,30.42
588,2026-03-29 22:26:00.745,person-WARNING,WARNING,SAFE,True,False,81.4,31.4
589,2026-03-29 22:26:00.777,person-WARNING,WARNING,SAFE,True,False,52.41,31.8
590,2026-03-29 22:26:00.810,person-WARNING,WARNING,SAFE,True,False,78.76,31.69
591,2026-03-29 22:26:00.838,person-WARNING,WARNING,SAFE,True,False,53.81,37.81
592,2026-03-29 22:26:00.855,person-WARNING,WARNING,SAFE,True,False,55.15,60.75
593,2026-03-29 22:26:00.873,person-WARNING,WARNING,SAFE,True,False,59.19,59.23
594,2026-03-29 22:26:00.892,person-WARNING,WARNING,SAFE,True,False,48.59,57.46
595,2026-03-29 22:26:00.910,person-WARNING,WARNING,SAFE,True,False,51.23,56.64
596,2026-03-29 22:26:00.929,person-WARNING,WARNING,SAFE,True,False,38.41,57.2
597,2026-03-29 22:26:00.948,person-WARNING,WARNING,SAFE,True,False,39.97,56.5
598,2026-03-29 22:26:00.967,person-WARNING,WARNING,SAFE,True,False,50.23,56.39
599,2026-03-29 22:26:00.987,person-WARNING,WARNING,SAFE,True,False,63.0,53.93
600,2026-03-29 22:26:01.008,person-WARNING,WARNING,SAFE,True,False,58.78,49.97
601,2026-03-29 22:26:01.028,person-WARNING,WARNING,SAFE,True,False,39.93,51.8
602,2026-03-29 22:26:01.049,person-WARNING,WARNING,SAFE,True,False,57.41,49.9
603,2026-03-29 22:26:01.070,person-WARNING,WARNING,SAFE,True,False,58.25,50.43
604,2026-03-29 22:26:01.092,person-WARNING,WARNING,SAFE,True,False,67.6,48.95
605,2026-03-29 22:26:01.114,person-WARNING,WARNING,SAFE,True,False,55.69,46.08
606,2026-03-29 22:26:01.138,person-WARNING,WARNING,SAFE,True,False,51.17,44.07
607,2026-03-29 22:26:01.163,person-WARNING,WARNING,SAFE,True,False,47.51,42.85
608,2026-03-29 22:26:01.188,person-WARNING,WARNING,SAFE,True,False,44.58,41.17
609,2026-03-29 22:26:01.217,person-WARNING,WARNING,SAFE,True,False,68.48,36.17
610,2026-03-29 22:26:01.242,person-WARNING,WARNING,SAFE,True,False,51.5,41.27
611,2026-03-29 22:26:01.270,person-WARNING,WARNING,SAFE,True,False,55.21,36.79
612,2026-03-29 22:26:01.297,person-WARNING,WARNING,SAFE,True,False,59.45,39.08
613,2026-03-29 22:26:01.326,person-WARNING,WARNING,SAFE,True,False,64.73,35.62
614,2026-03-29 22:26:01.358,person-WARNING,WARNING,SAFE,True,False,63.56,32.72
615,2026-03-29 22:26:01.386,person-WARNING,WARNING,SAFE,True,False,74.66,37.7
616,2026-03-29 22:26:01.404,person-WARNING,WARNING,SAFE,True,False,57.02,59.05
617,2026-03-29 22:26:01.421,person-WARNING,WARNING,SAFE,True,False,61.49,60.11
618,2026-03-29 22:26:01.439,person-WARNING,WARNING,SAFE,True,False,40.35,59.63
619,2026-03-29 22:26:01.457,person-WARNING,WARNING,SAFE,True,False,57.76,58.32
620,2026-03-29 22:26:01.476,person-WARNING,WARNING,SAFE,True,False,53.17,56.39
621,2026-03-29 22:26:01.495,person-WARNING,WARNING,SAFE,True,False,38.88,55.7
622,2026-03-29 22:26:01.513,person-WARNING,WARNING,SAFE,True,False,65.16,56.9
623,2026-03-29 22:26:01.533,person-WARNING,WARNING,SAFE,True,False,60.01,54.3
624,2026-03-29 22:26:01.553,person-WARNING,WARNING,SAFE,True,False,59.97,53.49
625,2026-03-29 22:26:01.573,person-WARNING,WARNING,SAFE,True,False,68.14,52.69
626,2026-03-29 22:26:01.594,person-WARNING,WARNING,SAFE,True,False,64.08,50.18
627,2026-03-29 22:26:01.615,person-WARNING,WARNING,SAFE,True,False,60.04,49.47
628,2026-03-29 22:26:01.636,person-WARNING,WARNING,SAFE,True,False,41.23,49.93
629,2026-03-29 22:26:01.658,person-WARNING,WARNING,SAFE,True,False,69.57,47.64
630,2026-03-29 22:26:01.682,person-WARNING,WARNING,SAFE,True,False,59.67,43.33
631,2026-03-29 22:26:01.706,person-WARNING,WARNING,SAFE,True,False,59.97,43.7
632,2026-03-29 22:26:01.733,person-WARNING,WARNING,SAFE,True,False,48.43,39.37
633,2026-03-29 22:26:01.759,person-WARNING,WARNING,SAFE,True,False,59.33,38.81
634,2026-03-29 22:26:01.791,person-WARNING,WARNING,SAFE,True,False,80.04,33.2
635,2026-03-29 22:26:01.822,person-WARNING,WARNING,SAFE,True,False,54.84,33.21
636,2026-03-29 22:26:01.850,person-WARNING,WARNING,SAFE,True,False,51.49,37.03
637,2026-03-29 22:26:01.880,person-WARNING,WARNING,SAFE,True,False,78.26,34.86
638,2026-03-29 22:26:01.913,person-WARNING,WARNING,SAFE,True,False,63.13,31.33
639,2026-03-29 22:26:01.947,person-WARNING,WARNING,SAFE,True,False,82.32,29.92
640,2026-03-29 22:26:01.966,person-WARNING,WARNING,SAFE,True,False,65.83,58.09
641,2026-03-29 22:26:01.983,person-WARNING,WARNING,SAFE,True,False,51.05,59.13
642,2026-03-29 22:26:02.001,person-WARNING,WARNING,SAFE,True,False,41.48,58.33
643,2026-03-29 22:26:02.021,person-WARNING,WARNING,SAFE,True,False,63.28,54.42
644,2026-03-29 22:26:02.040,person-WARNING,WARNING,SAFE,True,False,45.24,55.04
645,2026-03-29 22:26:02.060,person-WARNING,WARNING,SAFE,True,False,39.05,53.67
646,2026-03-29 22:26:02.080,person-WARNING,WARNING,SAFE,True,False,45.94,52.69
647,2026-03-29 22:26:02.100,person-WARNING,WARNING,SAFE,True,False,40.45,53.58
648,2026-03-29 22:26:02.121,person-WARNING,WARNING,SAFE,True,False,51.42,50.33
649,2026-03-29 22:26:02.142,person-WARNING,WARNING,SAFE,True,False,57.32,50.15
650,2026-03-29 22:26:02.165,person-WARNING,WARNING,SAFE,True,False,68.34,46.26
651,2026-03-29 22:26:02.187,person-WARNING,WARNING,SAFE,True,False,44.99,48.77
652,2026-03-29 22:26:02.209,person-WARNING,WARNING,SAFE,True,False,61.56,47.87
653,2026-03-29 22:26:02.232,person-WARNING,WARNING,SAFE,True,False,70.69,44.5
654,2026-03-29 22:26:02.257,person-WARNING,WARNING,SAFE,True,False,73.57,42.35
655,2026-03-29 22:26:02.283,person-WARNING,WARNING,SAFE,True,False,69.04,39.39
656,2026-03-29 22:26:02.310,person-WARNING,WARNING,SAFE,True,False,68.51,38.99
657,2026-03-29 22:26:02.340,person-WARNING,WARNING,SAFE,True,False,73.55,34.52
658,2026-03-29 22:26:02.370,person-WARNING,WARNING,SAFE,True,False,62.25,34.3
659,2026-03-29 22:26:02.401,person-WARNING,WARNING,SAFE,True,False,64.61,33.56
660,2026-03-29 22:26:02.433,person-WARNING,WARNING,SAFE,True,False,61.82,32.67
661,2026-03-29 22:26:02.466,person-WARNING,WARNING,SAFE,True,False,56.06,31.73
662,2026-03-29 22:26:02.502,person-WARNING,WARNING,SAFE,True,False,57.4,28.28
663,2026-03-29 22:26:02.535,person-WARNING,WARNING,SAFE,True,False,63.15,33.68
664,2026-03-29 22:26:02.553,person-WARNING,WARNING,SAFE,True,False,46.22,57.63
665,2026-03-29 22:26:02.572,person-WARNING,WARNING,SAFE,True,False,39.46,56.46
666,2026-03-29 22:26:02.591,person-WARNING,WARNING,SAFE,True,False,60.41,56.0
667,2026-03-29 22:26:02.610,person-WARNING,WARNING,SAFE,True,False,46.46,55.76
668,2026-03-29 22:26:02.629,person-WARNING,WARNING,SAFE,True,False,67.45,54.49
669,2026-03-29 22:26:02.648,person-WARNING,WARNING,SAFE,True,False,46.42,54.85
670,2026-03-29 22:26:02.667,person-WARNING,WARNING,SAFE,True,False,49.14,56.67
671,2026-03-29 22:26:02.687,person-WARNING,WARNING,SAFE,True,False,59.18,53.41
672,2026-03-29 22:26:02.707,person-WARNING,WARNING,SAFE,True,False,54.87,51.54
673,2026-03-29 22:26:02.729,person-WARNING,WARNING,SAFE,True,False,53.35,49.66
674,2026-03-29 22:26:02.750,person-WARNING,WARNING,SAFE,True,False,45.7,50.55
675,2026-03-29 22:26:02.771,person-WARNING,WARNING,SAFE,True,False,49.32,48.95
676,2026-03-29 22:26:02.793,person-WARNING,WARNING,SAFE,True,False,55.83,48.29
677,2026-03-29 22:26:02.816,person-WARNING,WARNING,SAFE,True,False,44.85,45.58
678,2026-03-29 22:26:02.840,person-WARNING,WARNING,SAFE,True,False,67.04,44.13
679,2026-03-29 22:26:02.867,person-WARNING,WARNING,SAFE,True,False,65.01,38.91
680,2026-03-29 22:26:02.893,person-WARNING,WARNING,SAFE,True,False,66.86,39.35
681,2026-03-29 22:26:02.924,person-WARNING,WARNING,SAFE,True,False,78.84,33.67
682,2026-03-29 22:26:02.955,person-WARNING,WARNING,SAFE,True,False,72.06,32.69
683,2026-03-29 22:26:02.986,person-WARNING,WARNING,SAFE,True,False,64.76,34.36
684,2026-03-29 22:26:03.011,person-WARNING,WARNING,SAFE,True,False,45.53,41.48
685,2026-03-29 22:26:03.038,person-WARNING,WARNING,SAFE,True,False,70.35,38.26
686,2026-03-29 22:26:03.065,person-WARNING,WARNING,SAFE,True,False,65.68,38.5
687,2026-03-29 22:26:03.092,person-WARNING,WARNING,SAFE,True,False,61.64,39.17
688,2026-03-29 22:26:03.121,person-WARNING,WARNING,SAFE,True,False,50.42,35.47
689,2026-03-29 22:26:03.148,person-WARNING,WARNING,SAFE,True,False,55.79,38.18
690,2026-03-29 22:26:03.177,person-WARNING,WARNING,SAFE,True,False,52.98,35.99
691,2026-03-29 22:26:03.207,person-WARNING,WARNING,SAFE,True,False,54.01,34.33
692,2026-03-29 22:26:03.237,person-WARNING,WARNING,SAFE,True,False,61.66,34.74
693,2026-03-29 22:26:03.266,person-WARNING,WARNING,SAFE,True,False,51.68,36.52
694,2026-03-29 22:26:03.296,person-WARNING,WARNING,SAFE,True,False,52.62,33.98
695,2026-03-29 22:26:03.329,person-WARNING,WARNING,SAFE,True,False,80.24,31.84
696,2026-03-29 22:26:03.364,person-WARNING,WARNING,SAFE,True,False,72.51,29.76
697,2026-03-29 22:26:03.382,person-WARNING,WARNING,SAFE,True,False,60.38,57.07
698,2026-03-29 22:26:03.400,person-WARNING,WARNING,SAFE,True,False,50.71,58.07
699,2026-03-29 22:26:03.419,person-WARNING,WARNING,SAFE,True,False,42.71,56.94
700,2026-03-29 22:26:03.438,person-WARNING,WARNING,SAFE,True,False,54.25,55.22
701,2026-03-29 22:26:03.458,person-WARNING,WARNING,SAFE,True,False,50.06,54.12
702,2026-03-29 22:26:03.477,person-WARNING,WARNING,SAFE,True,False,52.7,53.68
703,2026-03-29 22:26:03.497,person-WARNING,WARNING,SAFE,True,False,61.3,53.85
704,2026-03-29 22:26:03.517,person-WARNING,WARNING,SAFE,True,False,65.77,52.5
705,2026-03-29 22:26:03.538,person-WARNING,WARNING,SAFE,True,False,43.88,51.2
706,2026-03-29 22:26:03.559,person-WARNING,WARNING,SAFE,True,False,47.85,49.82
707,2026-03-29 22:26:03.580,person-WARNING,WARNING,SAFE,True,False,53.4,49.28
708,2026-03-29 22:26:03.602,person-SAFE,SAFE,SAFE,True,False,64.69,49.2
709,2026-03-29 22:26:03.647,person-SAFE,SAFE,SAFE,True,False,86.73,22.64
710,2026-03-29 22:26:03.675,person-SAFE,SAFE,SAFE,True,False,63.89,38.18
711,2026-03-29 22:26:03.703,person-SAFE,SAFE,SAFE,True,False,65.45,36.72
712,2026-03-29 22:26:03.730,person-SAFE,SAFE,SAFE,True,False,66.31,39.02
713,2026-03-29 22:26:03.767,person-SAFE,SAFE,SAFE,True,False,59.85,28.12
714,2026-03-29 22:26:03.826,person-SAFE,SAFE,SAFE,True,False,96.5,18.54
715,2026-03-29 22:26:03.863,person-SAFE,SAFE,SAFE,True,False,69.97,28.37
716,2026-03-29 22:26:03.897,person-SAFE,SAFE,SAFE,True,False,62.94,30.37
717,2026-03-29 22:26:03.930,person-SAFE,SAFE,SAFE,True,False,66.59,30.55
718,2026-03-29 22:26:03.965,person-SAFE,SAFE,SAFE,True,False,67.85,29.76
719,2026-03-29 22:26:03.984,person-SAFE,SAFE,SAFE,True,False,54.78,57.36
720,2026-03-29 22:26:04.002,person-SAFE,SAFE,SAFE,True,False,41.67,57.22
721,2026-03-29 22:26:04.021,person-SAFE,SAFE,SAFE,True,False,55.79,54.73
722,2026-03-29 22:26:04.041,person-SAFE,SAFE,SAFE,True,False,43.97,54.66
723,2026-03-29 22:26:04.060,person-SAFE,SAFE,SAFE,True,False,64.14,53.88
724,2026-03-29 22:26:04.079,person-SAFE,SAFE,SAFE,True,False,60.25,54.79
725,2026-03-29 22:26:04.099,person-SAFE,SAFE,SAFE,True,False,44.3,55.61
726,2026-03-29 22:26:04.119,person-SAFE,SAFE,SAFE,True,False,52.97,51.62
727,2026-03-29 22:26:04.139,person-SAFE,SAFE,SAFE,True,False,42.01,51.69
728,2026-03-29 22:26:04.161,person-SAFE,SAFE,SAFE,True,False,63.12,48.93
729,2026-03-29 22:26:04.183,person-SAFE,SAFE,SAFE,True,False,54.16,49.36
730,2026-03-29 22:26:04.204,person-SAFE,SAFE,SAFE,True,False,40.85,49.64
731,2026-03-29 22:26:04.225,person-SAFE,SAFE,SAFE,True,False,50.25,48.82
732,2026-03-29 22:26:04.248,person-SAFE,SAFE,SAFE,True,False,52.87,44.88
733,2026-03-29 22:26:04.275,person-SAFE,SAFE,SAFE,True,False,50.41,39.88
734,2026-03-29 22:26:04.301,person-SAFE,SAFE,SAFE,True,False,58.89,39.35
735,2026-03-29 22:26:04.326,person-SAFE,SAFE,SAFE,True,False,60.43,42.33
736,2026-03-29 22:26:04.352,person-SAFE,SAFE,SAFE,True,False,66.8,39.06
737,2026-03-29 22:26:04.378,person-SAFE,SAFE,SAFE,True,False,57.78,40.4
738,2026-03-29 22:26:04.407,person-SAFE,SAFE,SAFE,True,False,70.89,35.97
739,2026-03-29 22:26:04.437,person-SAFE,SAFE,SAFE,True,False,56.75,34.78
740,2026-03-29 22:26:04.466,person-SAFE,SAFE,SAFE,True,False,49.79,35.39
741,2026-03-29 22:26:04.498,person-SAFE,SAFE,SAFE,True,False,59.64,32.35
742,2026-03-29 22:26:04.532,person-SAFE,SAFE,SAFE,True,False,80.8,31.01
743,2026-03-29 22:26:04.566,person-SAFE,SAFE,SAFE,True,False,57.22,30.5
744,2026-03-29 22:26:04.601,person-SAFE,SAFE,SAFE,True,False,54.48,29.08
745,2026-03-29 22:26:04.633,person-SAFE,SAFE,SAFE,True,False,53.23,32.86
746,2026-03-29 22:26:04.664,person-SAFE,SAFE,SAFE,True,False,78.94,32.43
747,2026-03-29 22:26:04.697,person-SAFE,SAFE,SAFE,True,False,68.48,31.68
748,2026-03-29 22:26:04.731,person-SAFE,SAFE,SAFE,True,False,61.7,30.81
749,2026-03-29 22:26:04.766,person-SAFE,SAFE,SAFE,True,False,57.75,29.55
750,2026-03-29 22:26:04.784,person-SAFE,SAFE,SAFE,True,False,59.33,58.0
751,2026-03-29 22:26:04.802,person-SAFE,SAFE,SAFE,True,False,45.22,58.49
752,2026-03-29 22:26:04.821,person-SAFE,SAFE,SAFE,True,False,67.47,54.19
753,2026-03-29 22:26:04.840,person-SAFE,SAFE,SAFE,True,False,48.0,55.18
754,2026-03-29 22:26:04.860,person-SAFE,SAFE,SAFE,True,False,52.15,54.07
755,2026-03-29 22:26:04.879,person-SAFE,SAFE,SAFE,True,False,42.42,54.16
756,2026-03-29 22:26:04.899,person-SAFE,SAFE,SAFE,True,False,60.51,53.36
757,2026-03-29 22:26:04.918,person-SAFE,SAFE,SAFE,True,False,43.19,55.89
758,2026-03-29 22:26:04.939,person-SAFE,SAFE,SAFE,True,False,64.26,51.22
759,2026-03-29 22:26:04.959,person-SAFE,SAFE,SAFE,True,False,63.08,50.42
760,2026-03-29 22:26:04.980,person-SAFE,SAFE,SAFE,True,False,55.69,50.99
761,2026-03-29 22:26:05.003,person-SAFE,SAFE,SAFE,True,False,69.08,46.76
762,2026-03-29 22:26:05.025,person-SAFE,SAFE,SAFE,True,False,61.25,48.08
763,2026-03-29 22:26:05.049,person-SAFE,SAFE,SAFE,True,False,50.93,43.79
764,2026-03-29 22:26:05.073,person-SAFE,SAFE,SAFE,True,False,51.47,43.25
765,2026-03-29 22:26:05.099,person-SAFE,SAFE,SAFE,True,False,47.49,39.32
766,2026-03-29 22:26:05.125,person-SAFE,SAFE,SAFE,True,False,45.42,39.71
767,2026-03-29 22:26:05.156,person-SAFE,SAFE,SAFE,True,False,66.55,34.3
768,2026-03-29 22:26:05.185,person-SAFE,SAFE,SAFE,True,False,73.65,35.07
769,2026-03-29 22:26:05.212,person-SAFE,SAFE,SAFE,True,False,73.26,38.88
770,2026-03-29 22:26:05.244,person-SAFE,SAFE,SAFE,True,False,51.28,32.89
771,2026-03-29 22:26:05.274,person-SAFE,SAFE,SAFE,True,False,61.61,33.81
772,2026-03-29 22:26:05.302,person-SAFE,SAFE,SAFE,True,False,47.0,37.23
773,2026-03-29 22:26:05.320,person-SAFE,SAFE,SAFE,True,False,56.46,57.89
774,2026-03-29 22:26:05.338,person-SAFE,SAFE,SAFE,True,False,37.3,58.62
775,2026-03-29 22:26:05.357,person-SAFE,SAFE,SAFE,True,False,61.23,57.62
776,2026-03-29 22:26:05.375,person-SAFE,SAFE,SAFE,True,False,61.52,56.91
777,2026-03-29 22:26:05.395,person-SAFE,SAFE,SAFE,True,False,46.21,53.5
778,2026-03-29 22:26:05.414,person-SAFE,SAFE,SAFE,True,False,54.32,56.11
779,2026-03-29 22:26:05.433,person-SAFE,SAFE,SAFE,True,False,41.97,56.33
780,2026-03-29 22:26:05.452,person-SAFE,SAFE,SAFE,True,False,60.54,54.75
781,2026-03-29 22:26:05.472,person-SAFE,SAFE,SAFE,True,False,50.62,51.85
782,2026-03-29 22:26:05.493,person-SAFE,SAFE,SAFE,True,False,59.62,50.45
783,2026-03-29 22:26:05.514,person-SAFE,SAFE,SAFE,True,False,53.89,50.78
784,2026-03-29 22:26:05.535,person-SAFE,SAFE,SAFE,True,False,49.02,50.7
785,2026-03-29 22:26:05.556,person-SAFE,SAFE,SAFE,True,False,55.03,49.55
786,2026-03-29 22:26:05.579,person-SAFE,SAFE,SAFE,True,False,69.06,46.76
787,2026-03-29 22:26:05.602,person-SAFE,SAFE,SAFE,True,False,47.6,45.63
788,2026-03-29 22:26:05.626,person-SAFE,SAFE,SAFE,True,False,56.71,42.4
789,2026-03-29 22:26:05.654,person-SAFE,SAFE,SAFE,True,False,66.18,37.46
790,2026-03-29 22:26:05.682,person-SAFE,SAFE,SAFE,True,False,53.05,38.06
791,2026-03-29 22:26:05.712,person-SAFE,SAFE,SAFE,True,False,72.4,34.24
792,2026-03-29 22:26:05.744,person-SAFE,SAFE,SAFE,True,False,61.09,32.13
793,2026-03-29 22:26:05.778,person-SAFE,SAFE,SAFE,True,False,70.37,30.83
794,2026-03-29 22:26:05.810,person-SAFE,SAFE,SAFE,True,False,78.47,31.51
795,2026-03-29 22:26:05.846,person-SAFE,SAFE,SAFE,True,False,77.76,29.38
796,2026-03-29 22:26:05.878,person-SAFE,SAFE,SAFE,True,False,59.64,32.29
797,2026-03-29 22:26:05.911,person-SAFE,SAFE,SAFE,True,False,68.85,31.4
798,2026-03-29 22:26:05.944,person-SAFE,SAFE,SAFE,True,False,60.67,31.42
799,2026-03-29 22:26:05.979,person-SAFE,SAFE,SAFE,True,False,73.92,29.19
800,2026-03-29 22:26:06.012,person-SAFE,SAFE,SAFE,True,False,58.22,31.74
801,2026-03-29 22:26:06.045,person-SAFE,SAFE,SAFE,True,False,69.28,31.39
802,2026-03-29 22:26:06.078,person-SAFE,SAFE,SAFE,True,False,76.54,30.88
803,2026-03-29 22:26:06.110,person-SAFE,SAFE,SAFE,True,False,53.92,32.19
804,2026-03-29 22:26:06.138,person-SAFE,SAFE,SAFE,True,False,69.65,37.26
805,2026-03-29 22:26:06.156,person-SAFE,SAFE,SAFE,True,False,46.18,59.64
806,2026-03-29 22:26:06.174,person-SAFE,SAFE,SAFE,True,False,44.74,57.86
807,2026-03-29 22:26:06.193,person-SAFE,SAFE,SAFE,True,False,42.69,56.87
808,2026-03-29 22:26:06.211,person-SAFE,SAFE,SAFE,True,False,57.69,56.67
809,2026-03-29 22:26:06.230,person-SAFE,SAFE,SAFE,True,False,63.45,55.05
810,2026-03-29 22:26:06.250,person-SAFE,SAFE,SAFE,True,False,68.02,55.18
811,2026-03-29 22:26:06.268,person-SAFE,SAFE,SAFE,True,False,65.25,57.75
812,2026-03-29 22:26:06.288,person-SAFE,SAFE,SAFE,True,False,54.3,53.72
813,2026-03-29 22:26:06.310,person-SAFE,SAFE,SAFE,True,False,41.96,49.1
814,2026-03-29 22:26:06.332,person-SAFE,SAFE,SAFE,True,False,60.91,47.96
815,2026-03-29 22:26:06.353,person-SAFE,SAFE,SAFE,True,False,50.31,50.53
816,2026-03-29 22:26:06.375,person-WARNING,WARNING,SAFE,True,False,59.57,48.0
817,2026-03-29 22:26:06.397,person-WARNING,WARNING,SAFE,True,False,55.26,46.08
818,2026-03-29 22:26:06.421,person-WARNING,WARNING,SAFE,True,False,51.91,44.54
819,2026-03-29 22:26:06.447,person-WARNING,WARNING,SAFE,True,False,48.37,40.55
820,2026-03-29 22:26:06.473,person-WARNING,WARNING,SAFE,True,False,50.03,41.09
821,2026-03-29 22:26:06.499,person-WARNING,WARNING,SAFE,True,False,59.55,38.76
822,2026-03-29 22:26:06.529,person-WARNING,WARNING,SAFE,True,False,74.82,35.39
823,2026-03-29 22:26:06.563,person-WARNING,WARNING,SAFE,True,False,79.42,30.41
824,2026-03-29 22:26:06.600,person-WARNING,WARNING,SAFE,True,False,75.38,27.94
825,2026-03-29 22:26:06.640,person-WARNING,WARNING,SAFE,True,False,59.81,25.64
826,2026-03-29 22:26:06.662,person-WARNING,WARNING,SAFE,True,False,68.05,46.53
827,2026-03-29 22:26:06.683,person-WARNING,WARNING,SAFE,True,False,45.14,51.07
828,2026-03-29 22:26:06.707,person-WARNING,WARNING,SAFE,True,False,47.91,43.92
829,2026-03-29 22:26:06.727,person-WARNING,WARNING,SAFE,True,False,61.73,51.33
830,2026-03-29 22:26:06.750,person-WARNING,WARNING,SAFE,True,False,71.26,45.99
831,2026-03-29 22:26:06.772,person-WARNING,WARNING,SAFE,True,False,46.06,49.48
832,2026-03-29 22:26:06.794,person-WARNING,WARNING,SAFE,True,False,50.93,47.98
833,2026-03-29 22:26:06.827,person-WARNING,WARNING,SAFE,True,False,73.97,31.16
834,2026-03-29 22:26:06.850,person-WARNING,WARNING,SAFE,True,False,70.51,47.27
835,2026-03-29 22:26:06.877,person-WARNING,WARNING,SAFE,True,False,74.84,37.75
836,2026-03-29 22:26:06.903,person-WARNING,WARNING,SAFE,True,False,65.92,40.53
837,2026-03-29 22:26:06.927,person-WARNING,WARNING,SAFE,True,False,53.72,43.13
838,2026-03-29 22:26:06.956,person-WARNING,WARNING,SAFE,True,False,65.13,36.9
839,2026-03-29 22:26:06.984,person-WARNING,WARNING,SAFE,True,False,74.38,36.29
840,2026-03-29 22:26:07.010,person-WARNING,WARNING,SAFE,True,False,66.91,40.88
841,2026-03-29 22:26:07.040,person-WARNING,WARNING,SAFE,True,False,74.87,33.91
842,2026-03-29 22:26:07.071,person-WARNING,WARNING,SAFE,True,False,49.21,34.27
843,2026-03-29 22:26:07.100,person-WARNING,WARNING,SAFE,True,False,76.35,35.43
844,2026-03-29 22:26:07.132,person-WARNING,WARNING,SAFE,True,False,59.53,31.95
845,2026-03-29 22:26:07.166,person-WARNING,WARNING,SAFE,True,False,68.57,30.76
846,2026-03-29 22:26:07.201,person-WARNING,WARNING,SAFE,True,False,74.9,29.08
847,2026-03-29 22:26:07.242,person-WARNING,WARNING,SAFE,True,False,69.26,25.81
848,2026-03-29 22:26:07.274,person-WARNING,WARNING,SAFE,True,False,54.86,32.4
849,2026-03-29 22:26:07.306,person-WARNING,WARNING,SAFE,True,False,72.01,31.79
850,2026-03-29 22:26:07.335,person-WARNING,WARNING,SAFE,True,False,66.94,36.59
851,2026-03-29 22:26:07.352,person-WARNING,WARNING,SAFE,True,False,61.04,61.79
852,2026-03-29 22:26:07.373,person-WARNING,WARNING,SAFE,True,False,58.38,50.0
853,2026-03-29 22:26:07.395,person-WARNING,WARNING,SAFE,True,False,45.67,46.62
854,2026-03-29 22:26:07.418,person-WARNING,WARNING,SAFE,True,False,42.96,46.71
855,2026-03-29 22:26:07.439,person-WARNING,WARNING,SAFE,True,False,59.08,51.61
856,2026-03-29 22:26:07.459,person-WARNING,WARNING,SAFE,True,False,47.04,50.9
857,2026-03-29 22:26:07.480,person-WARNING,WARNING,SAFE,True,False,55.05,49.44
858,2026-03-29 22:26:07.501,person-WARNING,WARNING,SAFE,True,False,60.18,51.36
859,2026-03-29 22:26:07.522,person-WARNING,WARNING,SAFE,True,False,44.43,48.94
860,2026-03-29 22:26:07.545,person-WARNING,WARNING,SAFE,True,False,49.81,47.15
861,2026-03-29 22:26:07.569,person-WARNING,WARNING,SAFE,True,False,68.45,42.18
862,2026-03-29 22:26:07.593,person-WARNING,WARNING,SAFE,True,False,52.78,44.56
863,2026-03-29 22:26:07.619,person-WARNING,WARNING,SAFE,True,False,66.3,40.08
864,2026-03-29 22:26:07.672,person-WARNING,WARNING,SAFE,True,False,99.63,19.29
865,2026-03-29 22:26:07.704,person-WARNING,WARNING,SAFE,True,False,71.16,32.0
866,2026-03-29 22:26:07.730,person-WARNING,WARNING,SAFE,True,False,54.23,40.96
867,2026-03-29 22:26:07.758,person-WARNING,WARNING,SAFE,True,False,63.81,37.26
868,2026-03-29 22:26:07.786,person-WARNING,WARNING,SAFE,True,False,74.74,36.65
869,2026-03-29 22:26:07.823,person-WARNING,WARNING,SAFE,True,False,79.41,28.23
870,2026-03-29 22:26:07.858,person-WARNING,WARNING,SAFE,True,False,71.14,30.35
871,2026-03-29 22:26:07.887,person-WARNING,WARNING,SAFE,True,False,67.5,35.17
872,2026-03-29 22:26:07.913,person-WARNING,WARNING,SAFE,True,False,61.59,41.68
873,2026-03-29 22:26:07.939,person-WARNING,WARNING,SAFE,True,False,67.63,40.39
874,2026-03-29 22:26:07.964,person-WARNING,WARNING,SAFE,True,False,52.55,41.92
875,2026-03-29 22:26:07.989,person-WARNING,WARNING,SAFE,True,False,45.64,41.34
876,2026-03-29 22:26:08.019,person-WARNING,WARNING,SAFE,True,False,66.57,35.14
877,2026-03-29 22:26:08.046,person-WARNING,WARNING,SAFE,True,False,63.22,38.82
878,2026-03-29 22:26:08.075,person-WARNING,WARNING,SAFE,True,False,62.54,34.97
879,2026-03-29 22:26:08.107,person-WARNING,WARNING,SAFE,True,False,71.79,32.95
880,2026-03-29 22:26:08.136,person-WARNING,WARNING,SAFE,True,False,66.99,35.39
881,2026-03-29 22:26:08.159,person-WARNING,WARNING,SAFE,True,False,54.73,45.53
882,2026-03-29 22:26:08.184,person-WARNING,WARNING,SAFE,True,False,53.22,42.38
883,2026-03-29 22:26:08.209,person-WARNING,WARNING,SAFE,True,False,67.73,41.02
884,2026-03-29 22:26:08.235,person-WARNING,WARNING,SAFE,True,False,70.16,41.13
885,2026-03-29 22:26:08.260,person-WARNING,WARNING,SAFE,True,False,64.11,41.41
886,2026-03-29 22:26:08.288,person-SAFE,SAFE,SAFE,True,False,69.66,36.93
887,2026-03-29 22:26:08.359,person-SAFE,SAFE,SAFE,True,False,101.71,14.27
888,2026-03-29 22:26:08.424,person-SAFE,SAFE,SAFE,True,False,105.53,15.53
889,2026-03-29 22:26:08.466,person-SAFE,SAFE,SAFE,True,False,77.77,24.69
890,2026-03-29 22:26:08.485,person-SAFE,SAFE,SAFE,True,False,66.23,55.41
891,2026-03-29 22:26:08.506,person-SAFE,SAFE,SAFE,True,False,65.12,51.03
892,2026-03-29 22:26:08.530,person-SAFE,SAFE,SAFE,True,False,49.15,42.75
893,2026-03-29 22:26:08.550,person-SAFE,SAFE,SAFE,True,False,47.86,53.49
894,2026-03-29 22:26:08.572,person-SAFE,SAFE,SAFE,True,False,47.48,48.19
895,2026-03-29 22:26:08.594,person-SAFE,SAFE,SAFE,True,False,63.62,46.79
896,2026-03-29 22:26:08.617,person-SAFE,SAFE,SAFE,True,False,65.35,47.46
897,2026-03-29 22:26:08.641,person-SAFE,SAFE,SAFE,True,False,53.01,43.33
898,2026-03-29 22:26:08.667,person-SAFE,SAFE,SAFE,True,False,52.03,40.15
899,2026-03-29 22:26:08.693,person-SAFE,SAFE,SAFE,True,False,50.72,38.87
900,2026-03-29 22:26:08.720,person-SAFE,SAFE,SAFE,True,False,69.04,38.72
901,2026-03-29 22:26:08.748,person-SAFE,SAFE,SAFE,True,False,55.76,37.84
902,2026-03-29 22:26:08.779,person-SAFE,SAFE,SAFE,True,False,56.36,32.86
903,2026-03-29 22:26:08.815,person-SAFE,SAFE,SAFE,True,False,58.55,29.19
904,2026-03-29 22:26:08.858,person-SAFE,SAFE,SAFE,True,False,64.15,24.02
905,2026-03-29 22:26:08.898,person-SAFE,SAFE,SAFE,True,False,65.3,25.48
906,2026-03-29 22:26:08.938,person-SAFE,SAFE,SAFE,True,False,78.86,25.83
907,2026-03-29 22:26:08.977,person-SAFE,SAFE,SAFE,True,False,79.69,26.72
908,2026-03-29 22:26:09.011,person-SAFE,SAFE,SAFE,True,False,72.39,30.51
909,2026-03-29 22:26:09.043,person-SAFE,SAFE,SAFE,True,False,56.9,32.98
910,2026-03-29 22:26:09.074,person-SAFE,SAFE,SAFE,True,False,62.08,32.47
911,2026-03-29 22:26:09.106,person-SAFE,SAFE,SAFE,True,False,51.03,32.49
912,2026-03-29 22:26:09.132,person-SAFE,SAFE,SAFE,True,False,56.58,41.15
913,2026-03-29 22:26:09.157,person-SAFE,SAFE,SAFE,True,False,73.64,42.17
914,2026-03-29 22:26:09.181,person-SAFE,SAFE,SAFE,True,False,60.27,43.58
915,2026-03-29 22:26:09.204,person-SAFE,SAFE,SAFE,True,False,49.66,44.77
916,2026-03-29 22:26:09.229,person-SAFE,SAFE,SAFE,True,False,70.42,42.09
917,2026-03-29 22:26:09.252,person-SAFE,SAFE,SAFE,True,False,46.98,44.95
918,2026-03-29 22:26:09.276,person-SAFE,SAFE,SAFE,True,False,46.93,44.89
919,2026-03-29 22:26:09.298,person-SAFE,SAFE,SAFE,True,False,70.13,46.89
920,2026-03-29 22:26:09.321,person-SAFE,SAFE,SAFE,True,False,50.04,46.9
921,2026-03-29 22:26:09.344,person-SAFE,SAFE,SAFE,True,False,52.68,47.76
922,2026-03-29 22:26:09.369,person-SAFE,SAFE,SAFE,True,False,60.81,40.8
923,2026-03-29 22:26:09.393,person-SAFE,SAFE,SAFE,True,False,53.0,43.82
924,2026-03-29 22:26:09.419,person-SAFE,SAFE,SAFE,True,False,45.37,40.52
925,2026-03-29 22:26:09.443,person-SAFE,SAFE,SAFE,True,False,67.57,43.27
926,2026-03-29 22:26:09.469,person-SAFE,SAFE,SAFE,True,False,48.1,39.75
927,2026-03-29 22:26:09.492,person-SAFE,SAFE,SAFE,True,False,42.54,44.82
928,2026-03-29 22:26:09.519,person-SAFE,SAFE,SAFE,True,False,64.54,39.61
929,2026-03-29 22:26:09.544,person-SAFE,SAFE,SAFE,True,False,71.68,43.36
930,2026-03-29 22:26:09.572,person-SAFE,SAFE,SAFE,True,False,64.42,37.09
931,2026-03-29 22:26:09.596,person-SAFE,SAFE,SAFE,True,False,54.89,42.35
932,2026-03-29 22:26:09.624,person-SAFE,SAFE,SAFE,True,False,74.36,37.92
933,2026-03-29 22:26:09.649,person-SAFE,SAFE,SAFE,True,False,55.28,41.07
934,2026-03-29 22:26:09.674,person-SAFE,SAFE,SAFE,True,False,57.87,42.05
935,2026-03-29 22:26:09.703,person-SAFE,SAFE,SAFE,True,False,74.09,35.83
936,2026-03-29 22:26:09.727,person-SAFE,SAFE,SAFE,True,False,71.23,43.19
937,2026-03-29 22:26:09.750,person-SAFE,SAFE,SAFE,True,False,60.98,45.43
938,2026-03-29 22:26:09.774,person-SAFE,SAFE,SAFE,True,False,48.21,43.64
939,2026-03-29 22:26:09.798,person-SAFE,SAFE,SAFE,True,False,71.11,44.75
940,2026-03-29 22:26:09.821,person-SAFE,SAFE,SAFE,True,False,60.36,45.51
941,2026-03-29 22:26:09.846,person-SAFE,SAFE,SAFE,True,False,64.27,43.5
942,2026-03-29 22:26:09.873,person-SAFE,SAFE,SAFE,True,False,73.23,38.44
943,2026-03-29 22:26:09.902,person-SAFE,SAFE,SAFE,True,False,53.11,35.38
944,2026-03-29 22:26:09.929,person-SAFE,SAFE,SAFE,True,False,72.43,39.03
945,2026-03-29 22:26:09.955,person-SAFE,SAFE,SAFE,True,False,66.93,39.02
946,2026-03-29 22:26:09.983,person-SAFE,SAFE,SAFE,True,False,75.63,36.71
947,2026-03-29 22:26:10.011,person-SAFE,SAFE,SAFE,True,False,62.93,37.4
948,2026-03-29 22:26:10.041,person-SAFE,SAFE,SAFE,True,False,64.11,34.75
949,2026-03-29 22:26:10.074,person-SAFE,SAFE,SAFE,True,False,68.55,30.98
950,2026-03-29 22:26:10.102,person-SAFE,SAFE,SAFE,True,False,72.83,38.2
951,2026-03-29 22:26:10.125,person-SAFE,SAFE,SAFE,True,False,69.63,45.07
952,2026-03-29 22:26:10.149,person-SAFE,SAFE,SAFE,True,False,48.33,42.2
953,2026-03-29 22:26:10.174,person-SAFE,SAFE,SAFE,True,False,67.87,42.81
954,2026-03-29 22:26:10.200,person-SAFE,SAFE,SAFE,True,False,54.19,39.16
955,2026-03-29 22:26:10.222,person-SAFE,SAFE,SAFE,True,False,49.95,47.88
956,2026-03-29 22:26:10.245,person-SAFE,SAFE,SAFE,True,False,62.02,45.93
957,2026-03-29 22:26:10.267,person-SAFE,SAFE,SAFE,True,False,56.02,48.22
958,2026-03-29 22:26:10.289,person-SAFE,SAFE,SAFE,True,False,70.54,48.11
959,2026-03-29 22:26:10.312,person-SAFE,SAFE,SAFE,True,False,59.61,46.74
960,2026-03-29 22:26:10.336,person-SAFE,SAFE,SAFE,True,False,55.21,42.49
961,2026-03-29 22:26:10.362,person-SAFE,SAFE,SAFE,True,False,60.44,42.67
962,2026-03-29 22:26:10.385,person-SAFE,SAFE,SAFE,True,False,55.99,45.83
963,2026-03-29 22:26:10.410,person-SAFE,SAFE,SAFE,True,False,62.7,41.22
964,2026-03-29 22:26:10.452,person-SAFE,SAFE,SAFE,True,False,62.68,24.49
965,2026-03-29 22:26:10.479,person-SAFE,SAFE,SAFE,True,False,53.71,38.54
966,2026-03-29 22:26:10.516,person-SAFE,SAFE,SAFE,True,False,67.14,28.5
967,2026-03-29 22:26:10.551,person-SAFE,SAFE,SAFE,True,False,63.29,29.04
968,2026-03-29 22:26:10.584,person-SAFE,SAFE,SAFE,True,False,65.71,31.84
969,2026-03-29 22:26:10.619,person-SAFE,SAFE,SAFE,True,False,63.66,29.53
970,2026-03-29 22:26:10.638,person-SAFE,SAFE,SAFE,True,False,50.07,54.31
971,2026-03-29 22:26:10.658,person-SAFE,SAFE,SAFE,True,False,59.85,53.87
972,2026-03-29 22:26:10.680,person-WARNING,WARNING,SAFE,True,False,48.92,45.81
973,2026-03-29 22:26:10.699,person-WARNING,WARNING,SAFE,True,False,41.94,58.05
974,2026-03-29 22:26:10.722,person-WARNING,WARNING,SAFE,True,False,53.98,46.22
975,2026-03-29 22:26:10.743,person-WARNING,WARNING,SAFE,True,False,55.06,50.83
976,2026-03-29 22:26:10.764,person-WARNING,WARNING,SAFE,True,False,68.01,48.34
977,2026-03-29 22:26:10.785,person-WARNING,WARNING,SAFE,True,False,43.72,51.37
978,2026-03-29 22:26:10.806,person-WARNING,WARNING,SAFE,True,False,43.0,48.89
979,2026-03-29 22:26:10.827,person-WARNING,WARNING,SAFE,True,False,59.17,49.94
980,2026-03-29 22:26:10.850,person-WARNING,WARNING,SAFE,True,False,70.4,46.89
981,2026-03-29 22:26:10.871,person-WARNING,WARNING,SAFE,True,False,67.09,49.77
982,2026-03-29 22:26:10.896,person-WARNING,WARNING,SAFE,True,False,45.39,41.02
983,2026-03-29 22:26:10.921,person-WARNING,WARNING,SAFE,True,False,60.45,43.23
984,2026-03-29 22:26:10.945,person-WARNING,WARNING,SAFE,True,False,51.33,44.44
985,2026-03-29 22:26:10.972,person-WARNING,WARNING,SAFE,True,False,51.11,38.19
986,2026-03-29 22:26:10.997,person-WARNING,WARNING,SAFE,True,False,55.43,40.37
987,2026-03-29 22:26:11.026,person-WARNING,WARNING,SAFE,True,False,60.69,36.62
988,2026-03-29 22:26:11.058,person-WARNING,WARNING,SAFE,True,False,67.76,31.85
989,2026-03-29 22:26:11.092,person-WARNING,WARNING,SAFE,True,False,69.38,30.4
990,2026-03-29 22:26:11.126,person-WARNING,WARNING,SAFE,True,False,70.95,31.1
991,2026-03-29 22:26:11.157,person-WARNING,WARNING,SAFE,True,False,78.82,32.57
992,2026-03-29 22:26:11.189,person-WARNING,WARNING,SAFE,True,False,73.16,32.37
993,2026-03-29 22:26:11.219,person-WARNING,WARNING,SAFE,True,False,71.99,35.02
994,2026-03-29 22:26:11.245,person-WARNING,WARNING,SAFE,True,False,69.09,40.12
995,2026-03-29 22:26:11.267,person-WARNING,WARNING,SAFE,True,False,47.95,46.79
996,2026-03-29 22:26:11.289,person-WARNING,WARNING,SAFE,True,False,47.1,47.87
997,2026-03-29 22:26:11.312,person-WARNING,WARNING,SAFE,True,False,60.22,45.28
998,2026-03-29 22:26:11.335,person-WARNING,WARNING,SAFE,True,False,70.23,46.54
999,2026-03-29 22:26:11.357,person-WARNING,WARNING,SAFE,True,False,60.21,48.23
1000,2026-03-29 22:26:11.379,person-WARNING,WARNING,SAFE,True,False,55.76,47.69
1001,2026-03-29 22:26:11.400,person-WARNING,WARNING,SAFE,True,False,52.59,49.0
1002,2026-03-29 22:26:11.421,person-WARNING,WARNING,SAFE,True,False,66.63,50.67
1003,2026-03-29 22:26:11.442,person-WARNING,WARNING,SAFE,True,False,69.67,50.41
1004,2026-03-29 22:26:11.463,person-WARNING,WARNING,SAFE,True,False,51.2,49.82
1005,2026-03-29 22:26:11.483,person-WARNING,WARNING,SAFE,True,False,44.68,51.3
1006,2026-03-29 22:26:11.504,person-WARNING,WARNING,SAFE,True,False,69.72,49.43
1007,2026-03-29 22:26:11.526,person-WARNING,WARNING,SAFE,True,False,65.72,48.23
1008,2026-03-29 22:26:11.549,person-WARNING,WARNING,SAFE,True,False,46.39,45.65
1009,2026-03-29 22:26:11.572,person-WARNING,WARNING,SAFE,True,False,46.18,45.78
1010,2026-03-29 22:26:11.593,person-WARNING,WARNING,SAFE,True,False,46.65,49.44
1011,2026-03-29 22:26:11.617,person-WARNING,WARNING,SAFE,True,False,46.47,44.05
1012,2026-03-29 22:26:11.639,person-WARNING,WARNING,SAFE,True,False,46.53,46.9
1013,2026-03-29 22:26:11.661,person-WARNING,WARNING,SAFE,True,False,60.62,47.72
1014,2026-03-29 22:26:11.685,person-WARNING,WARNING,SAFE,True,False,68.16,43.27
1015,2026-03-29 22:26:11.709,person-WARNING,WARNING,SAFE,True,False,67.31,44.58
1016,2026-03-29 22:26:11.735,person-WARNING,WARNING,SAFE,True,False,55.01,39.89
1017,2026-03-29 22:26:11.759,person-WARNING,WARNING,SAFE,True,False,57.48,43.7
1018,2026-03-29 22:26:11.786,person-WARNING,WARNING,SAFE,True,False,75.55,38.77
1019,2026-03-29 22:26:11.811,person-WARNING,WARNING,SAFE,True,False,46.98,41.08
1020,2026-03-29 22:26:11.840,person-WARNING,WARNING,SAFE,True,False,47.73,36.88
1021,2026-03-29 22:26:11.869,person-WARNING,WARNING,SAFE,True,False,59.07,34.46
1022,2026-03-29 22:26:11.893,person-WARNING,WARNING,SAFE,True,False,64.65,44.26
1023,2026-03-29 22:26:11.919,person-WARNING,WARNING,SAFE,True,False,71.01,40.81
1024,2026-03-29 22:26:11.943,person-WARNING,WARNING,SAFE,True,False,72.43,42.96
1025,2026-03-29 22:26:11.969,person-WARNING,WARNING,SAFE,True,False,63.54,39.49
1026,2026-03-29 22:26:11.994,person-WARNING,WARNING,SAFE,True,False,51.75,42.54
1027,2026-03-29 22:26:12.022,person-WARNING,WARNING,SAFE,True,False,73.83,36.72
1028,2026-03-29 22:26:12.050,person-WARNING,WARNING,SAFE,True,False,53.34,36.58
1029,2026-03-29 22:26:12.078,person-WARNING,WARNING,SAFE,True,False,63.2,37.86
1030,2026-03-29 22:26:12.108,person-WARNING,WARNING,SAFE,True,False,56.33,34.5
1031,2026-03-29 22:26:12.138,person-WARNING,WARNING,SAFE,True,False,62.86,33.91
1032,2026-03-29 22:26:12.167,person-WARNING,WARNING,SAFE,True,False,63.51,36.96
1033,2026-03-29 22:26:12.196,person-WARNING,WARNING,SAFE,True,False,74.42,35.78
1034,2026-03-29 22:26:12.229,person-WARNING,WARNING,SAFE,True,False,68.83,31.11
1035,2026-03-29 22:26:12.263,person-WARNING,WARNING,SAFE,True,False,74.91,30.63
1036,2026-03-29 22:26:12.295,person-WARNING,WARNING,SAFE,True,False,65.82,31.9
1037,2026-03-29 22:26:12.329,person-WARNING,WARNING,SAFE,True,False,62.16,30.85
1038,2026-03-29 22:26:12.362,person-WARNING,WARNING,SAFE,True,False,57.21,31.4
1039,2026-03-29 22:26:12.394,person-WARNING,WARNING,SAFE,True,False,71.36,32.64
1040,2026-03-29 22:26:12.427,person-WARNING,WARNING,SAFE,True,False,79.28,31.38
1041,2026-03-29 22:26:12.459,person-WARNING,WARNING,SAFE,True,False,60.05,32.06
1042,2026-03-29 22:26:12.490,person-WARNING,WARNING,SAFE,True,False,78.96,32.94
1043,2026-03-29 22:26:12.521,person-WARNING,WARNING,SAFE,True,False,50.94,33.47
1044,2026-03-29 22:26:12.550,person-WARNING,WARNING,SAFE,True,False,76.84,35.85
1045,2026-03-29 22:26:12.577,person-WARNING,WARNING,SAFE,True,False,69.17,38.16
1046,2026-03-29 22:26:12.605,person-WARNING,WARNING,SAFE,True,False,50.35,37.67
1047,2026-03-29 22:26:12.630,person-WARNING,WARNING,SAFE,True,False,58.63,41.84
1048,2026-03-29 22:26:12.657,person-WARNING,WARNING,SAFE,True,False,55.62,39.58
1049,2026-03-29 22:26:12.683,person-WARNING,WARNING,SAFE,True,False,54.35,40.13
1050,2026-03-29 22:26:12.712,person-WARNING,WARNING,SAFE,True,False,54.72,34.93
1051,2026-03-29 22:26:12.743,person-WARNING,WARNING,SAFE,True,False,70.15,34.39
1052,2026-03-29 22:26:12.770,person-WARNING,WARNING,SAFE,True,False,59.13,39.76
1053,2026-03-29 22:26:12.796,person-WARNING,WARNING,SAFE,True,False,73.76,40.13
1054,2026-03-29 22:26:12.821,person-WARNING,WARNING,SAFE,True,False,60.61,41.95
1055,2026-03-29 22:26:12.847,person-WARNING,WARNING,SAFE,True,False,45.58,40.22
1056,2026-03-29 22:26:12.873,person-WARNING,WARNING,SAFE,True,False,74.6,39.39
1057,2026-03-29 22:26:12.900,person-WARNING,WARNING,SAFE,True,False,59.6,38.58
1058,2026-03-29 22:26:12.929,person-WARNING,WARNING,SAFE,True,False,74.46,36.61
1059,2026-03-29 22:26:12.956,person-WARNING,WARNING,SAFE,True,False,46.7,38.21
1060,2026-03-29 22:26:12.983,person-WARNING,WARNING,SAFE,True,False,53.87,38.6
1061,2026-03-29 22:26:13.012,person-WARNING,WARNING,SAFE,True,False,71.81,35.71
1062,2026-03-29 22:26:13.044,person-WARNING,WARNING,SAFE,True,False,71.75,32.1
1063,2026-03-29 22:26:13.076,person-WARNING,WARNING,SAFE,True,False,72.85,32.67
1064,2026-03-29 22:26:13.108,person-WARNING,WARNING,SAFE,True,False,61.4,31.93
1065,2026-03-29 22:26:13.142,person-WARNING,WARNING,SAFE,True,False,68.4,30.64
1066,2026-03-29 22:26:13.173,person-WARNING,WARNING,SAFE,True,False,68.13,33.64
1067,2026-03-29 22:26:13.201,person-WARNING,WARNING,SAFE,True,False,55.9,36.17
1068,2026-03-29 22:26:13.226,person-WARNING,WARNING,SAFE,True,False,53.79,41.79
1069,2026-03-29 22:26:13.251,person-WARNING,WARNING,SAFE,True,False,57.8,42.27
1070,2026-03-29 22:26:13.275,person-WARNING,WARNING,SAFE,True,False,69.85,43.8
1071,2026-03-29 22:26:13.299,person-WARNING,WARNING,SAFE,True,False,51.6,43.08
1072,2026-03-29 22:26:13.323,person-WARNING,WARNING,SAFE,True,False,66.9,43.4
1073,2026-03-29 22:26:13.348,person-WARNING,WARNING,SAFE,True,False,66.96,41.98
1074,2026-03-29 22:26:13.375,person-WARNING,WARNING,SAFE,True,False,50.54,39.62
1075,2026-03-29 22:26:13.400,person-WARNING,WARNING,SAFE,True,False,54.23,40.99
1076,2026-03-29 22:26:13.427,person-WARNING,WARNING,SAFE,True,False,59.36,38.2
1077,2026-03-29 22:26:13.450,person-WARNING,WARNING,SAFE,True,False,63.28,45.14
1078,2026-03-29 22:26:13.475,person-WARNING,WARNING,SAFE,True,False,43.54,43.32
1079,2026-03-29 22:26:13.499,person-WARNING,WARNING,SAFE,True,False,72.04,42.62
1080,2026-03-29 22:26:13.525,person-WARNING,WARNING,SAFE,True,False,58.41,40.03
1081,2026-03-29 22:26:13.552,person-WARNING,WARNING,SAFE,True,False,63.11,38.83
1082,2026-03-29 22:26:13.577,person-WARNING,WARNING,SAFE,True,False,62.87,41.29
1083,2026-03-29 22:26:13.604,person-WARNING,WARNING,SAFE,True,False,73.19,39.25
1084,2026-03-29 22:26:13.631,person-WARNING,WARNING,SAFE,True,False,58.07,39.23
1085,2026-03-29 22:26:13.658,person-WARNING,WARNING,SAFE,True,False,48.36,37.96
1086,2026-03-29 22:26:13.689,person-WARNING,WARNING,SAFE,True,False,68.62,33.76
1087,2026-03-29 22:26:13.713,person-WARNING,WARNING,SAFE,True,False,54.1,42.42
1088,2026-03-29 22:26:13.739,person-WARNING,WARNING,SAFE,True,False,74.57,40.09
1089,2026-03-29 22:26:13.766,person-WARNING,WARNING,SAFE,True,False,54.12,39.2
1090,2026-03-29 22:26:13.791,person-WARNING,WARNING,SAFE,True,False,56.39,41.59
1091,2026-03-29 22:26:13.817,person-WARNING,WARNING,SAFE,True,False,59.13,39.75
1092,2026-03-29 22:26:13.843,person-WARNING,WARNING,SAFE,True,False,73.59,40.53
1093,2026-03-29 22:26:13.869,person-WARNING,WARNING,SAFE,True,False,61.99,39.34
1094,2026-03-29 22:26:13.895,person-WARNING,WARNING,SAFE,True,False,73.31,39.95
1095,2026-03-29 22:26:13.923,person-WARNING,WARNING,SAFE,True,False,74.73,37.48
1096,2026-03-29 22:26:13.953,person-WARNING,WARNING,SAFE,True,False,61.42,33.81
1097,2026-03-29 22:26:13.979,person-WARNING,WARNING,SAFE,True,False,51.8,41.25
1098,2026-03-29 22:26:14.009,person-WARNING,WARNING,SAFE,True,False,64.0,34.11
1099,2026-03-29 22:26:14.036,person-WARNING,WARNING,SAFE,True,False,56.26,38.45
1100,2026-03-29 22:26:14.064,person-WARNING,WARNING,SAFE,True,False,59.56,37.22
1101,2026-03-29 22:26:14.093,person-WARNING,WARNING,SAFE,True,False,76.42,35.71
1102,2026-03-29 22:26:14.128,person-WARNING,WARNING,SAFE,True,False,57.44,30.23
1103,2026-03-29 22:26:14.158,person-WARNING,WARNING,SAFE,True,False,62.93,33.9
1104,2026-03-29 22:26:14.192,person-WARNING,WARNING,SAFE,True,False,82.63,30.42
1105,2026-03-29 22:26:14.226,person-WARNING,WARNING,SAFE,True,False,63.32,30.84
1106,2026-03-29 22:26:14.259,person-WARNING,WARNING,SAFE,True,False,73.04,31.36
1107,2026-03-29 22:26:14.290,person-WARNING,WARNING,SAFE,True,False,55.29,33.14
1108,2026-03-29 22:26:14.322,person-WARNING,WARNING,SAFE,True,False,64.07,32.85
1109,2026-03-29 22:26:14.350,person-WARNING,WARNING,SAFE,True,False,53.06,35.89
1110,2026-03-29 22:26:14.378,person-WARNING,WARNING,SAFE,True,False,64.15,38.41
1111,2026-03-29 22:26:14.410,person-WARNING,WARNING,SAFE,True,False,76.64,31.88
1112,2026-03-29 22:26:14.440,person-WARNING,WARNING,SAFE,True,False,55.39,34.28
1113,2026-03-29 22:26:14.469,person-WARNING,WARNING,SAFE,True,False,62.64,35.83
1114,2026-03-29 22:26:14.496,person-WARNING,WARNING,SAFE,True,False,64.77,39.14
1115,2026-03-29 22:26:14.528,person-WARNING,WARNING,SAFE,True,False,54.12,32.08
1116,2026-03-29 22:26:14.560,person-WARNING,WARNING,SAFE,True,False,58.5,33.22
1117,2026-03-29 22:26:14.590,person-WARNING,WARNING,SAFE,True,False,66.09,33.95
1118,2026-03-29 22:26:14.623,person-WARNING,WARNING,SAFE,True,False,65.24,31.55
1119,2026-03-29 22:26:14.650,person-WARNING,WARNING,SAFE,True,False,51.41,38.55
1120,2026-03-29 22:26:14.677,person-WARNING,WARNING,SAFE,True,False,66.31,39.86
1121,2026-03-29 22:26:14.703,person-WARNING,WARNING,SAFE,True,False,54.27,40.45
1122,2026-03-29 22:26:14.729,person-WARNING,WARNING,SAFE,True,False,54.75,39.62
1123,2026-03-29 22:26:14.756,person-WARNING,WARNING,SAFE,True,False,75.43,38.4
1124,2026-03-29 22:26:14.781,person-WARNING,WARNING,SAFE,True,False,59.44,41.16
1125,2026-03-29 22:26:14.810,person-WARNING,WARNING,SAFE,True,False,73.83,35.86
1126,2026-03-29 22:26:14.836,person-WARNING,WARNING,SAFE,True,False,48.19,39.46
1127,2026-03-29 22:26:14.864,person-WARNING,WARNING,SAFE,True,False,64.49,37.56
1128,2026-03-29 22:26:14.896,person-WARNING,WARNING,SAFE,True,False,80.32,32.78
1129,2026-03-29 22:26:14.930,person-WARNING,WARNING,SAFE,True,False,69.67,31.0
1130,2026-03-29 22:26:14.962,person-WARNING,WARNING,SAFE,True,False,68.31,32.46
1131,2026-03-29 22:26:14.999,person-WARNING,WARNING,SAFE,True,False,77.58,27.66
1132,2026-03-29 22:26:15.034,person-WARNING,WARNING,SAFE,True,False,59.35,30.05
1133,2026-03-29 22:26:15.068,person-WARNING,WARNING,SAFE,True,False,77.85,30.87
1134,2026-03-29 22:26:15.101,person-WARNING,WARNING,SAFE,True,False,61.9,31.5
1135,2026-03-29 22:26:15.128,person-WARNING,WARNING,SAFE,True,False,46.16,38.24
1136,2026-03-29 22:26:15.160,person-WARNING,WARNING,SAFE,True,False,68.21,33.41
1137,2026-03-29 22:26:15.191,person-WARNING,WARNING,SAFE,True,False,77.6,32.55
1138,2026-03-29 22:26:15.221,person-WARNING,WARNING,SAFE,True,False,57.77,34.85
1139,2026-03-29 22:26:15.248,person-WARNING,WARNING,SAFE,True,False,65.6,40.11
1140,2026-03-29 22:26:15.278,person-WARNING,WARNING,SAFE,True,False,78.6,34.79
1141,2026-03-29 22:26:15.309,person-WARNING,WARNING,SAFE,True,False,60.74,32.85
1142,2026-03-29 22:26:15.341,person-WARNING,WARNING,SAFE,True,False,75.1,32.85
1143,2026-03-29 22:26:15.375,person-WARNING,WARNING,SAFE,True,False,63.27,30.79
1144,2026-03-29 22:26:15.402,person-WARNING,WARNING,SAFE,True,False,55.11,38.41
1145,2026-03-29 22:26:15.424,person-WARNING,WARNING,SAFE,True,False,42.13,45.98
1146,2026-03-29 22:26:15.451,person-WARNING,WARNING,SAFE,True,False,72.39,38.84
1147,2026-03-29 22:26:15.475,person-WARNING,WARNING,SAFE,True,False,58.57,43.82
1148,2026-03-29 22:26:15.500,person-WARNING,WARNING,SAFE,True,False,58.43,42.13
1149,2026-03-29 22:26:15.524,person-WARNING,WARNING,SAFE,True,False,48.54,44.33
1150,2026-03-29 22:26:15.547,person-WARNING,WARNING,SAFE,True,False,68.9,45.86
1151,2026-03-29 22:26:15.571,person-WARNING,WARNING,SAFE,True,False,54.93,42.92
1152,2026-03-29 22:26:15.596,person-WARNING,WARNING,SAFE,True,False,46.46,42.19
1153,2026-03-29 22:26:15.620,person-WARNING,WARNING,SAFE,True,False,67.11,43.67
1154,2026-03-29 22:26:15.644,person-WARNING,WARNING,SAFE,True,False,53.54,44.54
1155,2026-03-29 22:26:15.668,person-WARNING,WARNING,SAFE,True,False,53.85,43.64
1156,2026-03-29 22:26:15.692,person-WARNING,WARNING,SAFE,True,False,45.79,43.14
1157,2026-03-29 22:26:15.718,person-WARNING,WARNING,SAFE,True,False,72.43,39.99
1158,2026-03-29 22:26:15.743,person-WARNING,WARNING,SAFE,True,False,73.34,42.03
1159,2026-03-29 22:26:15.771,person-WARNING,WARNING,SAFE,True,False,73.62,38.75
1160,2026-03-29 22:26:15.796,person-WARNING,WARNING,SAFE,True,False,53.08,41.14
1161,2026-03-29 22:26:15.824,person-WARNING,WARNING,SAFE,True,False,57.13,37.34
1162,2026-03-29 22:26:15.853,person-WARNING,WARNING,SAFE,True,False,78.21,35.15
1163,2026-03-29 22:26:15.884,person-WARNING,WARNING,SAFE,True,False,76.01,34.24
1164,2026-03-29 22:26:15.914,person-WARNING,WARNING,SAFE,True,False,71.85,34.76
1165,2026-03-29 22:26:15.946,person-WARNING,WARNING,SAFE,True,False,65.86,31.69
1166,2026-03-29 22:26:15.980,person-WARNING,WARNING,SAFE,True,False,58.55,31.18
1167,2026-03-29 22:26:16.013,person-WARNING,WARNING,SAFE,True,False,81.28,31.05
1168,2026-03-29 22:26:16.047,person-WARNING,WARNING,SAFE,True,False,80.12,29.85
1169,2026-03-29 22:26:16.066,person-WARNING,WARNING,SAFE,True,False,55.17,57.33
1170,2026-03-29 22:26:16.084,person-WARNING,WARNING,SAFE,True,False,48.46,58.57
1171,2026-03-29 22:26:16.103,person-WARNING,WARNING,SAFE,True,False,50.99,53.63
1172,2026-03-29 22:26:16.122,person-WARNING,WARNING,SAFE,True,False,63.59,58.21
1173,2026-03-29 22:26:16.141,person-WARNING,WARNING,SAFE,True,False,57.82,55.42
1174,2026-03-29 22:26:16.160,person-WARNING,WARNING,SAFE,True,False,60.47,53.24
1175,2026-03-29 22:26:16.179,person-WARNING,WARNING,SAFE,True,False,57.59,54.8
1176,2026-03-29 22:26:16.200,person-WARNING,WARNING,SAFE,True,False,66.07,50.34
1177,2026-03-29 22:26:16.219,person-WARNING,WARNING,SAFE,True,False,66.24,55.82
1178,2026-03-29 22:26:16.240,person-WARNING,WARNING,SAFE,True,False,56.88,51.5
1179,2026-03-29 22:26:16.260,person-WARNING,WARNING,SAFE,True,False,43.13,52.34
1180,2026-03-29 22:26:16.281,person-SAFE,SAFE,SAFE,True,False,62.7,48.94
1181,2026-03-29 22:26:16.303,person-WARNING,WARNING,SAFE,True,False,70.23,48.49
1182,2026-03-29 22:26:16.323,person-SAFE,SAFE,SAFE,True,False,64.6,51.64
1183,2026-03-29 22:26:16.348,person-WARNING,WARNING,SAFE,True,False,56.38,42.66
1184,2026-03-29 22:26:16.373,person-WARNING,WARNING,SAFE,True,False,68.46,42.26
1185,2026-03-29 22:26:16.399,person-WARNING,WARNING,SAFE,True,False,62.39,40.54
1186,2026-03-29 22:26:16.424,person-WARNING,WARNING,SAFE,True,False,49.08,41.7
1187,2026-03-29 22:26:16.452,person-WARNING,WARNING,SAFE,True,False,60.22,37.01
1188,2026-03-29 22:26:16.476,person-WARNING,WARNING,SAFE,True,False,71.32,44.38
1189,2026-03-29 22:26:16.501,person-WARNING,WARNING,SAFE,True,False,68.25,41.8
1190,2026-03-29 22:26:16.524,person-WARNING,WARNING,SAFE,True,False,65.98,44.72
1191,2026-03-29 22:26:16.551,person-WARNING,WARNING,SAFE,True,False,54.2,38.69
1192,2026-03-29 22:26:16.575,person-WARNING,WARNING,SAFE,True,False,71.58,43.07
1193,2026-03-29 22:26:16.601,person-WARNING,WARNING,SAFE,True,False,51.23,40.35
1194,2026-03-29 22:26:16.625,person-WARNING,WARNING,SAFE,True,False,51.64,44.08
1195,2026-03-29 22:26:16.650,person-WARNING,WARNING,SAFE,True,False,73.24,41.21
1196,2026-03-29 22:26:16.675,person-WARNING,WARNING,SAFE,True,False,62.41,42.26
1197,2026-03-29 22:26:16.702,person-WARNING,WARNING,SAFE,True,False,51.59,38.32
1198,2026-03-29 22:26:16.724,person-WARNING,WARNING,SAFE,True,False,42.84,46.6
1199,2026-03-29 22:26:16.747,person-WARNING,WARNING,SAFE,True,False,57.85,45.15
1200,2026-03-29 22:26:16.771,person-WARNING,WARNING,SAFE,True,False,58.3,44.37
1201,2026-03-29 22:26:16.794,person-WARNING,WARNING,SAFE,True,False,58.8,45.86
1202,2026-03-29 22:26:16.817,person-WARNING,WARNING,SAFE,True,False,46.04,45.8
1203,2026-03-29 22:26:16.842,person-WARNING,WARNING,SAFE,True,False,65.74,41.31
1204,2026-03-29 22:26:16.868,person-WARNING,WARNING,SAFE,True,False,68.55,40.01
1205,2026-03-29 22:26:16.891,person-WARNING,WARNING,SAFE,True,False,45.73,45.48
1206,2026-03-29 22:26:16.915,person-WARNING,WARNING,SAFE,True,False,64.04,43.34
1207,2026-03-29 22:26:16.939,person-WARNING,WARNING,SAFE,True,False,59.63,43.37
1208,2026-03-29 22:26:16.962,person-WARNING,WARNING,SAFE,True,False,50.4,44.73
1209,2026-03-29 22:26:16.989,person-WARNING,WARNING,SAFE,True,False,71.78,38.69
1210,2026-03-29 22:26:17.014,person-WARNING,WARNING,SAFE,True,False,55.51,40.73
1211,2026-03-29 22:26:17.041,person-WARNING,WARNING,SAFE,True,False,55.77,38.58
1212,2026-03-29 22:26:17.069,person-WARNING,WARNING,SAFE,True,False,67.94,37.15
1213,2026-03-29 22:26:17.093,person-WARNING,WARNING,SAFE,True,False,71.56,44.22
1214,2026-03-29 22:26:17.119,person-WARNING,WARNING,SAFE,True,False,52.24,40.14
1215,2026-03-29 22:26:17.144,person-WARNING,WARNING,SAFE,True,False,50.63,40.85
1216,2026-03-29 22:26:17.171,person-WARNING,WARNING,SAFE,True,False,52.15,39.73
1217,2026-03-29 22:26:17.200,person-WARNING,WARNING,SAFE,True,False,73.51,35.37
1218,2026-03-29 22:26:17.227,person-WARNING,WARNING,SAFE,True,False,50.83,38.79
1219,2026-03-29 22:26:17.256,person-WARNING,WARNING,SAFE,True,False,70.84,35.86
1220,2026-03-29 22:26:17.284,person-WARNING,WARNING,SAFE,True,False,50.49,37.5
1221,2026-03-29 22:26:17.310,person-WARNING,WARNING,SAFE,True,False,72.15,39.58
1222,2026-03-29 22:26:17.338,person-WARNING,WARNING,SAFE,True,False,55.93,37.95
1223,2026-03-29 22:26:17.368,person-WARNING,WARNING,SAFE,True,False,59.2,35.28
1224,2026-03-29 22:26:17.394,person-WARNING,WARNING,SAFE,True,False,73.04,38.84
1225,2026-03-29 22:26:17.423,person-WARNING,WARNING,SAFE,True,False,49.34,36.16
1226,2026-03-29 22:26:17.451,person-WARNING,WARNING,SAFE,True,False,55.33,37.39
1227,2026-03-29 22:26:17.476,person-WARNING,WARNING,SAFE,True,False,50.25,40.67
1228,2026-03-29 22:26:17.501,person-WARNING,WARNING,SAFE,True,False,71.48,42.32
1229,2026-03-29 22:26:17.529,person-WARNING,WARNING,SAFE,True,False,70.87,36.94
1230,2026-03-29 22:26:17.555,person-WARNING,WARNING,SAFE,True,False,73.56,40.74
1231,2026-03-29 22:26:17.582,person-WARNING,WARNING,SAFE,True,False,51.57,39.77
1232,2026-03-29 22:26:17.610,person-WARNING,WARNING,SAFE,True,False,50.69,37.12
1233,2026-03-29 22:26:17.639,person-WARNING,WARNING,SAFE,True,False,59.98,35.22
1234,2026-03-29 22:26:17.668,person-WARNING,WARNING,SAFE,True,False,49.47,35.79
1235,2026-03-29 22:26:17.696,person-WARNING,WARNING,SAFE,True,False,53.49,37.18
1236,2026-03-29 22:26:17.727,person-WARNING,WARNING,SAFE,True,False,51.12,33.72
1237,2026-03-29 22:26:17.760,person-WARNING,WARNING,SAFE,True,False,57.79,31.61
1238,2026-03-29 22:26:17.793,person-WARNING,WARNING,SAFE,True,False,54.73,31.34
1239,2026-03-29 22:26:17.825,person-WARNING,WARNING,SAFE,True,False,56.2,31.85
1240,2026-03-29 22:26:17.858,person-WARNING,WARNING,SAFE,True,False,63.65,32.2
1241,2026-03-29 22:26:17.889,person-WARNING,WARNING,SAFE,True,False,78.89,32.44
1242,2026-03-29 22:26:17.917,person-CRITICAL,CRITICAL,SAFE,True,False,75.47,38.13
1243,2026-03-29 22:26:17.943,person-CRITICAL,CRITICAL,SAFE,True,False,62.39,39.78
1244,2026-03-29 22:26:17.969,person-CRITICAL,CRITICAL,SAFE,True,False,46.74,39.76
1245,2026-03-29 22:26:17.994,person-CRITICAL,CRITICAL,SAFE,True,False,64.44,42.08
1246,2026-03-29 22:26:18.020,person-CRITICAL,CRITICAL,SAFE,True,False,64.07,39.65
1247,2026-03-29 22:26:18.045,person-CRITICAL,CRITICAL,SAFE,True,False,54.0,41.94
1248,2026-03-29 22:26:18.070,person-CRITICAL,CRITICAL,SAFE,True,False,67.83,40.82
1249,2026-03-29 22:26:18.096,person-CRITICAL,CRITICAL,SAFE,True,False,67.8,41.06
1250,2026-03-29 22:26:18.125,person-CRITICAL,CRITICAL,SAFE,True,False,65.28,35.91
1251,2026-03-29 22:26:18.152,person-CRITICAL,CRITICAL,SAFE,True,False,55.19,37.94
1252,2026-03-29 22:26:18.179,person-CRITICAL,CRITICAL,SAFE,True,False,50.02,38.89
1253,2026-03-29 22:26:18.205,person-CRITICAL,CRITICAL,SAFE,True,False,49.41,38.84
1254,2026-03-29 22:26:18.230,person-CRITICAL,CRITICAL,SAFE,True,False,49.41,42.09
1255,2026-03-29 22:26:18.256,person-CRITICAL,CRITICAL,SAFE,True,False,69.13,40.8
1256,2026-03-29 22:26:18.282,person-CRITICAL,CRITICAL,SAFE,True,False,62.95,38.88
1257,2026-03-29 22:26:18.311,person-CRITICAL,CRITICAL,SAFE,True,False,48.64,36.46
1258,2026-03-29 22:26:18.340,person-CRITICAL,CRITICAL,SAFE,True,False,63.72,35.94
1259,2026-03-29 22:26:18.368,person-CRITICAL,CRITICAL,SAFE,True,False,53.82,36.05
1260,2026-03-29 22:26:18.393,person-CRITICAL,CRITICAL,SAFE,True,False,72.43,41.66
1261,2026-03-29 22:26:18.422,person-CRITICAL,CRITICAL,SAFE,True,False,75.11,36.8
1262,2026-03-29 22:26:18.448,person-CRITICAL,CRITICAL,SAFE,True,False,59.25,39.63
1263,2026-03-29 22:26:18.476,person-CRITICAL,CRITICAL,SAFE,True,False,50.06,37.29
1264,2026-03-29 22:26:18.505,person-CRITICAL,CRITICAL,SAFE,True,False,65.12,35.28
1265,2026-03-29 22:26:18.531,person-CRITICAL,CRITICAL,SAFE,True,False,61.12,39.65
1266,2026-03-29 22:26:18.559,person-CRITICAL,CRITICAL,SAFE,True,False,56.97,37.47
1267,2026-03-29 22:26:18.592,person-CRITICAL,CRITICAL,SAFE,True,False,65.7,31.52
1268,2026-03-29 22:26:18.624,person-CRITICAL,CRITICAL,SAFE,True,False,66.8,32.65
1269,2026-03-29 22:26:18.654,person-CRITICAL,CRITICAL,SAFE,True,False,58.76,34.61
1270,2026-03-29 22:26:18.683,person-CRITICAL,CRITICAL,SAFE,True,False,70.74,35.31
1271,2026-03-29 22:26:18.714,person-CRITICAL,CRITICAL,SAFE,True,False,53.24,34.02
1272,2026-03-29 22:26:18.747,person-CRITICAL,CRITICAL,SAFE,True,False,69.86,31.37
1273,2026-03-29 22:26:18.779,person-CRITICAL,CRITICAL,SAFE,True,False,71.52,31.41
1274,2026-03-29 22:26:18.813,person-CRITICAL,CRITICAL,SAFE,True,False,63.8,30.5
1275,2026-03-29 22:26:18.847,person-CRITICAL,CRITICAL,SAFE,True,False,56.76,30.81
1276,2026-03-29 22:26:18.880,person-CRITICAL,CRITICAL,SAFE,True,False,72.23,31.19
1277,2026-03-29 22:26:18.915,person-CRITICAL,CRITICAL,SAFE,True,False,78.75,30.07
1278,2026-03-29 22:26:18.951,person-CRITICAL,CRITICAL,SAFE,True,False,69.8,28.66
1279,2026-03-29 22:26:18.970,person-CRITICAL,CRITICAL,SAFE,True,False,54.03,55.77
1280,2026-03-29 22:26:18.988,person-CRITICAL,CRITICAL,SAFE,True,False,56.43,58.41
1281,2026-03-29 22:26:19.006,person-CRITICAL,CRITICAL,SAFE,True,False,65.34,56.73
1282,2026-03-29 22:26:19.025,person-CRITICAL,CRITICAL,SAFE,True,False,54.64,54.91
1283,2026-03-29 22:26:19.044,person-CRITICAL,CRITICAL,SAFE,True,False,47.46,56.13
1284,2026-03-29 22:26:19.065,person-CRITICAL,CRITICAL,SAFE,True,False,49.32,50.85
1285,2026-03-29 22:26:19.086,person-CRITICAL,CRITICAL,SAFE,True,False,56.69,51.89
1286,2026-03-29 22:26:19.106,person-CRITICAL,CRITICAL,SAFE,True,False,67.43,51.24
1287,2026-03-29 22:26:19.125,person-CRITICAL,CRITICAL,SAFE,True,False,55.81,54.48
1288,2026-03-29 22:26:19.146,person-CRITICAL,CRITICAL,SAFE,True,False,50.45,51.14
1289,2026-03-29 22:26:19.166,person-CRITICAL,CRITICAL,SAFE,True,False,49.0,53.31
1290,2026-03-29 22:26:19.187,person-CRITICAL,CRITICAL,SAFE,True,False,53.11,50.37
1291,2026-03-29 22:26:19.208,person-CRITICAL,CRITICAL,SAFE,True,False,47.71,50.16
1292,2026-03-29 22:26:19.229,person-CRITICAL,CRITICAL,SAFE,True,False,46.58,48.57
1293,2026-03-29 22:26:19.253,person-CRITICAL,CRITICAL,SAFE,True,False,65.58,44.45
1294,2026-03-29 22:26:19.276,person-CRITICAL,CRITICAL,SAFE,True,False,53.62,44.62
1295,2026-03-29 22:26:19.304,person-CRITICAL,CRITICAL,SAFE,True,False,49.46,37.85
1296,2026-03-29 22:26:19.331,person-CRITICAL,CRITICAL,SAFE,True,False,52.88,37.58
1297,2026-03-29 22:26:19.360,person-CRITICAL,CRITICAL,SAFE,True,False,57.92,35.8
1298,2026-03-29 22:26:19.396,person-CRITICAL,CRITICAL,SAFE,True,False,62.89,28.83
1299,2026-03-29 22:26:19.429,person-CRITICAL,CRITICAL,SAFE,True,False,70.35,31.71
1300,2026-03-29 22:26:19.462,person-CRITICAL,CRITICAL,SAFE,True,False,65.65,31.12
1301,2026-03-29 22:26:19.495,person-CRITICAL,CRITICAL,SAFE,True,False,74.83,30.95
1302,2026-03-29 22:26:19.531,person-CRITICAL,CRITICAL,SAFE,True,False,83.34,28.96
1303,2026-03-29 22:26:19.562,person-CRITICAL,CRITICAL,SAFE,True,False,75.69,32.65
1304,2026-03-29 22:26:19.598,person-CRITICAL,CRITICAL,SAFE,True,False,82.85,28.91
1305,2026-03-29 22:26:19.632,person-CRITICAL,CRITICAL,SAFE,True,False,76.09,30.71
1306,2026-03-29 22:26:19.666,person-CRITICAL,CRITICAL,SAFE,True,False,69.55,30.43
1307,2026-03-29 22:26:19.698,person-CRITICAL,CRITICAL,SAFE,True,False,60.43,31.89
1308,2026-03-29 22:26:19.733,person-CRITICAL,CRITICAL,SAFE,True,False,65.13,29.94
1309,2026-03-29 22:26:19.764,person-CRITICAL,CRITICAL,SAFE,True,False,62.75,32.78
1310,2026-03-29 22:26:19.799,person-CRITICAL,CRITICAL,SAFE,True,False,71.54,29.55
1311,2026-03-29 22:26:19.829,person-CRITICAL,CRITICAL,SAFE,True,False,77.55,34.16
1312,2026-03-29 22:26:19.865,person-CRITICAL,CRITICAL,SAFE,True,False,56.1,29.31
1313,2026-03-29 22:26:19.897,person-CRITICAL,CRITICAL,SAFE,True,False,65.22,31.95
1314,2026-03-29 22:26:19.932,person-CRITICAL,CRITICAL,SAFE,True,False,61.21,29.49
1315,2026-03-29 22:26:19.963,person-CRITICAL,CRITICAL,SAFE,True,False,69.19,32.59
1316,2026-03-29 22:26:19.999,person-CRITICAL,CRITICAL,SAFE,True,False,65.71,29.32
1317,2026-03-29 22:26:20.034,person-CRITICAL,CRITICAL,SAFE,True,False,61.59,28.99
1318,2026-03-29 22:26:20.064,person-CRITICAL,CRITICAL,SAFE,True,False,52.42,34.71
1319,2026-03-29 22:26:20.098,person-CRITICAL,CRITICAL,SAFE,True,False,77.55,30.16
1320,2026-03-29 22:26:20.134,person-CRITICAL,CRITICAL,SAFE,True,False,60.26,28.72
1321,2026-03-29 22:26:20.167,person-CRITICAL,CRITICAL,SAFE,True,False,79.97,31.69
1322,2026-03-29 22:26:20.201,person-CRITICAL,CRITICAL,SAFE,True,False,74.82,30.52
1323,2026-03-29 22:26:20.234,person-CRITICAL,CRITICAL,SAFE,True,False,60.55,31.2
1324,2026-03-29 22:26:20.252,person-CRITICAL,CRITICAL,SAFE,True,False,55.0,59.26
1325,2026-03-29 22:26:20.271,person-CRITICAL,CRITICAL,SAFE,True,False,42.29,56.46
1326,2026-03-29 22:26:20.290,person-CRITICAL,CRITICAL,SAFE,True,False,41.41,56.1
1327,2026-03-29 22:26:20.308,person-CRITICAL,CRITICAL,SAFE,True,False,38.53,58.09
1328,2026-03-29 22:26:20.326,person-CRITICAL,CRITICAL,SAFE,True,False,54.2,57.39
1329,2026-03-29 22:26:20.346,person-CRITICAL,CRITICAL,SAFE,True,False,54.49,53.43
1330,2026-03-29 22:26:20.365,person-CRITICAL,CRITICAL,SAFE,True,False,53.28,55.39
1331,2026-03-29 22:26:20.385,person-CRITICAL,CRITICAL,SAFE,True,False,44.43,53.28
1332,2026-03-29 22:26:20.407,person-CRITICAL,CRITICAL,SAFE,True,False,70.65,47.96
1333,2026-03-29 22:26:20.428,person-WARNING,WARNING,SAFE,True,False,62.7,48.9
1334,2026-03-29 22:26:20.450,person-WARNING,WARNING,SAFE,True,False,67.15,48.85
1335,2026-03-29 22:26:20.472,person-WARNING,WARNING,SAFE,True,False,68.84,48.71
1336,2026-03-29 22:26:20.494,person-WARNING,WARNING,SAFE,True,False,42.65,46.58
1337,2026-03-29 22:26:20.520,person-WARNING,WARNING,SAFE,True,False,52.3,41.1
1338,2026-03-29 22:26:20.546,person-WARNING,WARNING,SAFE,True,False,58.68,39.91
1339,2026-03-29 22:26:20.572,person-WARNING,WARNING,SAFE,True,False,54.99,40.25
1340,2026-03-29 22:26:20.600,person-WARNING,WARNING,SAFE,True,False,59.39,36.73
1341,2026-03-29 22:26:20.629,person-WARNING,WARNING,SAFE,True,False,61.81,35.73
1342,2026-03-29 22:26:20.660,person-WARNING,WARNING,SAFE,True,False,56.19,34.18
1343,2026-03-29 22:26:20.696,person-WARNING,WARNING,SAFE,True,False,83.26,28.7
1344,2026-03-29 22:26:20.733,person-WARNING,WARNING,SAFE,True,False,84.35,27.47
1345,2026-03-29 22:26:20.768,person-WARNING,WARNING,SAFE,True,False,62.19,29.25
1346,2026-03-29 22:26:20.802,person-WARNING,WARNING,SAFE,True,False,73.16,31.09
1347,2026-03-29 22:26:20.822,person-WARNING,WARNING,SAFE,True,False,46.52,52.68
1348,2026-03-29 22:26:20.841,person-WARNING,WARNING,SAFE,True,False,51.22,56.24
1349,2026-03-29 22:26:20.859,person-WARNING,WARNING,SAFE,True,False,65.8,56.17
1350,2026-03-29 22:26:20.877,person-WARNING,WARNING,SAFE,True,False,49.58,58.38
1351,2026-03-29 22:26:20.897,person-WARNING,WARNING,SAFE,True,False,51.18,55.15
1352,2026-03-29 22:26:20.916,person-WARNING,WARNING,SAFE,True,False,44.94,54.87
1353,2026-03-29 22:26:20.935,person-WARNING,WARNING,SAFE,True,False,61.22,54.65
1354,2026-03-29 22:26:20.955,person-WARNING,WARNING,SAFE,True,False,44.39,54.91
1355,2026-03-29 22:26:20.975,person-WARNING,WARNING,SAFE,True,False,64.56,52.25
1356,2026-03-29 22:26:20.995,person-WARNING,WARNING,SAFE,True,False,57.82,51.88
1357,2026-03-29 22:26:21.016,person-WARNING,WARNING,SAFE,True,False,55.81,48.93
1358,2026-03-29 22:26:21.037,person-WARNING,WARNING,SAFE,True,False,60.52,50.75
1359,2026-03-29 22:26:21.059,person-WARNING,WARNING,SAFE,True,False,66.68,48.77
1360,2026-03-29 22:26:21.081,person-WARNING,WARNING,SAFE,True,False,67.47,46.37
1361,2026-03-29 22:26:21.105,person-WARNING,WARNING,SAFE,True,False,57.63,44.37
1362,2026-03-29 22:26:21.129,person-WARNING,WARNING,SAFE,True,False,49.24,43.25
1363,2026-03-29 22:26:21.158,person-WARNING,WARNING,SAFE,True,False,49.94,36.31
1364,2026-03-29 22:26:21.189,person-WARNING,WARNING,SAFE,True,False,64.1,33.33
1365,2026-03-29 22:26:21.217,person-WARNING,WARNING,SAFE,True,False,60.38,36.64
1366,2026-03-29 22:26:21.244,person-WARNING,WARNING,SAFE,True,False,74.94,38.91
1367,2026-03-29 22:26:21.273,person-WARNING,WARNING,SAFE,True,False,55.56,35.65
1368,2026-03-29 22:26:21.302,person-WARNING,WARNING,SAFE,True,False,69.72,36.02
1369,2026-03-29 22:26:21.328,person-WARNING,WARNING,SAFE,True,False,63.2,39.91
1370,2026-03-29 22:26:21.355,person-WARNING,WARNING,SAFE,True,False,71.32,38.46
1371,2026-03-29 22:26:21.382,person-WARNING,WARNING,SAFE,True,False,75.45,38.4
1372,2026-03-29 22:26:21.411,person-WARNING,WARNING,SAFE,True,False,53.76,35.79
1373,2026-03-29 22:26:21.443,person-WARNING,WARNING,SAFE,True,False,63.82,32.8
1374,2026-03-29 22:26:21.470,person-WARNING,WARNING,SAFE,True,False,63.59,38.5
1375,2026-03-29 22:26:21.487,person-WARNING,WARNING,SAFE,True,False,41.26,59.34
1376,2026-03-29 22:26:21.505,person-WARNING,WARNING,SAFE,True,False,42.28,61.62
1377,2026-03-29 22:26:21.523,person-WARNING,WARNING,SAFE,True,False,60.26,58.84
1378,2026-03-29 22:26:21.541,person-WARNING,WARNING,SAFE,True,False,43.73,57.4
1379,2026-03-29 22:26:21.559,person-WARNING,WARNING,SAFE,True,False,53.29,56.83
1380,2026-03-29 22:26:21.578,person-WARNING,WARNING,SAFE,True,False,44.92,56.6
1381,2026-03-29 22:26:21.597,person-WARNING,WARNING,SAFE,True,False,44.35,55.59
1382,2026-03-29 22:26:21.615,person-WARNING,WARNING,SAFE,True,False,53.3,56.98
1383,2026-03-29 22:26:21.635,person-WARNING,WARNING,SAFE,True,False,45.41,53.81
1384,2026-03-29 22:26:21.655,person-WARNING,WARNING,SAFE,True,False,62.62,51.51
1385,2026-03-29 22:26:21.676,person-WARNING,WARNING,SAFE,True,False,61.11,51.31
1386,2026-03-29 22:26:21.696,person-WARNING,WARNING,SAFE,True,False,59.37,50.71
1387,2026-03-29 22:26:21.717,person-WARNING,WARNING,SAFE,True,False,57.31,51.32
1388,2026-03-29 22:26:21.738,person-WARNING,WARNING,SAFE,True,False,52.13,49.69
1389,2026-03-29 22:26:21.762,person-WARNING,WARNING,SAFE,True,False,66.45,44.5
1390,2026-03-29 22:26:21.785,person-WARNING,WARNING,SAFE,True,False,66.11,43.84
1391,2026-03-29 22:26:21.810,person-WARNING,WARNING,SAFE,True,False,55.9,41.79
1392,2026-03-29 22:26:21.839,person-WARNING,WARNING,SAFE,True,False,51.61,36.46
1393,2026-03-29 22:26:21.868,person-WARNING,WARNING,SAFE,True,False,78.05,34.94
1394,2026-03-29 22:26:21.898,person-WARNING,WARNING,SAFE,True,False,52.93,35.25
1395,2026-03-29 22:26:21.929,person-WARNING,WARNING,SAFE,True,False,50.42,34.04
1396,2026-03-29 22:26:21.960,person-WARNING,WARNING,SAFE,True,False,54.68,32.69
1397,2026-03-29 22:26:21.994,person-WARNING,WARNING,SAFE,True,False,73.83,31.02
1398,2026-03-29 22:26:22.026,person-WARNING,WARNING,SAFE,True,False,56.64,31.98
1399,2026-03-29 22:26:22.054,person-WARNING,WARNING,SAFE,True,False,64.5,37.19
1400,2026-03-29 22:26:22.072,person-WARNING,WARNING,SAFE,True,False,52.92,59.5
1401,2026-03-29 22:26:22.090,person-WARNING,WARNING,SAFE,True,False,49.07,58.3
1402,2026-03-29 22:26:22.109,person-WARNING,WARNING,SAFE,True,False,56.29,55.26
1403,2026-03-29 22:26:22.128,person-WARNING,WARNING,SAFE,True,False,50.18,56.89
1404,2026-03-29 22:26:22.147,person-WARNING,WARNING,SAFE,True,False,62.58,55.18
1405,2026-03-29 22:26:22.166,person-WARNING,WARNING,SAFE,True,False,55.55,55.6
1406,2026-03-29 22:26:22.186,person-WARNING,WARNING,SAFE,True,False,42.83,54.08
1407,2026-03-29 22:26:22.206,person-WARNING,WARNING,SAFE,True,False,48.53,52.56
1408,2026-03-29 22:26:22.226,person-WARNING,WARNING,SAFE,True,False,61.28,52.34
1409,2026-03-29 22:26:22.247,person-WARNING,WARNING,SAFE,True,False,46.31,51.64
1410,2026-03-29 22:26:22.267,person-WARNING,WARNING,SAFE,True,False,65.14,51.95
1411,2026-03-29 22:26:22.288,person-WARNING,WARNING,SAFE,True,False,64.74,49.63
1412,2026-03-29 22:26:22.310,person-WARNING,WARNING,SAFE,True,False,50.48,48.47
1413,2026-03-29 22:26:22.333,person-WARNING,WARNING,SAFE,True,False,47.8,45.66
1414,2026-03-29 22:26:22.357,person-WARNING,WARNING,SAFE,True,False,68.08,43.55
1415,2026-03-29 22:26:22.381,person-WARNING,WARNING,SAFE,True,False,50.61,42.52
1416,2026-03-29 22:26:22.407,person-WARNING,WARNING,SAFE,True,False,49.07,40.92
1417,2026-03-29 22:26:22.435,person-WARNING,WARNING,SAFE,True,False,64.29,37.26
1418,2026-03-29 22:26:22.460,person-WARNING,WARNING,SAFE,True,False,59.43,40.59
1419,2026-03-29 22:26:22.490,person-WARNING,WARNING,SAFE,True,False,62.68,34.72
1420,2026-03-29 22:26:22.519,person-WARNING,WARNING,SAFE,True,False,65.66,35.34
1421,2026-03-29 22:26:22.546,person-WARNING,WARNING,SAFE,True,False,55.15,39.59
1422,2026-03-29 22:26:22.572,person-WARNING,WARNING,SAFE,True,False,69.01,38.62
1423,2026-03-29 22:26:22.600,person-WARNING,WARNING,SAFE,True,False,54.96,37.98
1424,2026-03-29 22:26:22.628,person-WARNING,WARNING,SAFE,True,False,70.24,37.31
1425,2026-03-29 22:26:22.658,person-WARNING,WARNING,SAFE,True,False,57.53,34.44
1426,2026-03-29 22:26:22.686,person-WARNING,WARNING,SAFE,True,False,64.32,36.28
1427,2026-03-29 22:26:22.704,person-SAFE,SAFE,SAFE,True,False,54.93,61.11
1428,2026-03-29 22:26:22.721,person-SAFE,SAFE,SAFE,True,False,55.73,60.1
1429,2026-03-29 22:26:22.739,person-SAFE,SAFE,SAFE,True,False,65.17,58.08
1430,2026-03-29 22:26:22.758,person-SAFE,SAFE,SAFE,True,False,62.47,57.37
1431,2026-03-29 22:26:22.776,person-SAFE,SAFE,SAFE,True,False,49.99,57.29
1432,2026-03-29 22:26:22.794,person-SAFE,SAFE,SAFE,True,False,47.16,56.98
1433,2026-03-29 22:26:22.813,person-SAFE,SAFE,SAFE,True,False,65.12,57.04
1434,2026-03-29 22:26:22.832,person-SAFE,SAFE,SAFE,True,False,38.18,56.18
1435,2026-03-29 22:26:22.852,person-SAFE,SAFE,SAFE,True,False,67.7,52.87
1436,2026-03-29 22:26:22.872,person-SAFE,SAFE,SAFE,True,False,55.13,53.32
1437,2026-03-29 22:26:22.891,person-SAFE,SAFE,SAFE,True,False,48.46,52.76
1438,2026-03-29 22:26:22.913,person-SAFE,SAFE,SAFE,True,False,53.53,49.05
1439,2026-03-29 22:26:22.934,person-SAFE,SAFE,SAFE,True,False,59.78,51.87
1440,2026-03-29 22:26:22.956,person-SAFE,SAFE,SAFE,True,False,68.01,47.27
1441,2026-03-29 22:26:22.980,person-SAFE,SAFE,SAFE,True,False,64.98,44.23
1442,2026-03-29 22:26:23.003,person-SAFE,SAFE,SAFE,True,False,58.41,44.27
1443,2026-03-29 22:26:23.028,person-SAFE,SAFE,SAFE,True,False,52.82,41.56
1444,2026-03-29 22:26:23.055,person-SAFE,SAFE,SAFE,True,False,49.53,39.1
1445,2026-03-29 22:26:23.083,person-SAFE,SAFE,SAFE,True,False,49.1,36.92
1446,2026-03-29 22:26:23.111,person-SAFE,SAFE,SAFE,True,False,47.13,37.04
1447,2026-03-29 22:26:23.143,person-SAFE,SAFE,SAFE,True,False,73.71,32.78
1448,2026-03-29 22:26:23.176,person-SAFE,SAFE,SAFE,True,False,73.95,30.99
1449,2026-03-29 22:26:23.206,person-SAFE,SAFE,SAFE,True,False,52.1,34.51
1450,2026-03-29 22:26:23.236,person-SAFE,SAFE,SAFE,True,False,70.98,34.65
1451,2026-03-29 22:26:23.263,person-SAFE,SAFE,SAFE,True,False,73.37,38.36
1452,2026-03-29 22:26:23.291,person-SAFE,SAFE,SAFE,True,False,56.9,36.62
1453,2026-03-29 22:26:23.319,person-SAFE,SAFE,SAFE,True,False,60.16,37.86
1454,2026-03-29 22:26:23.345,person-SAFE,SAFE,SAFE,True,False,61.44,39.81
1455,2026-03-29 22:26:23.373,person-SAFE,SAFE,SAFE,True,False,49.35,37.06
1456,2026-03-29 22:26:23.400,person-SAFE,SAFE,SAFE,True,False,60.34,38.22
1457,2026-03-29 22:26:23.425,person-SAFE,SAFE,SAFE,True,False,51.72,41.21
1458,2026-03-29 22:26:23.451,person-SAFE,SAFE,SAFE,True,False,52.01,40.75
1459,2026-03-29 22:26:23.475,person-SAFE,SAFE,SAFE,True,False,49.83,42.41
1460,2026-03-29 22:26:23.500,person-SAFE,SAFE,SAFE,True,False,54.32,42.0
1461,2026-03-29 22:26:23.525,person-SAFE,SAFE,SAFE,True,False,51.21,42.38
1462,2026-03-29 22:26:23.550,person-SAFE,SAFE,SAFE,True,False,70.55,41.28
1463,2026-03-29 22:26:23.575,person-SAFE,SAFE,SAFE,True,False,67.58,42.41
1464,2026-03-29 22:26:23.600,person-SAFE,SAFE,SAFE,True,False,60.24,41.67
1465,2026-03-29 22:26:23.624,person-SAFE,SAFE,SAFE,True,False,49.15,43.51
1466,2026-03-29 22:26:23.647,person-SAFE,SAFE,SAFE,True,False,53.55,45.47
1467,2026-03-29 22:26:23.670,person-SAFE,SAFE,SAFE,True,False,71.25,45.44
1468,2026-03-29 22:26:23.692,person-SAFE,SAFE,SAFE,True,False,71.83,45.74
1469,2026-03-29 22:26:23.716,person-SAFE,SAFE,SAFE,True,False,48.05,44.27
1470,2026-03-29 22:26:23.742,person-SAFE,SAFE,SAFE,True,False,65.91,39.82
1471,2026-03-29 22:26:23.767,person-SAFE,SAFE,SAFE,True,False,71.89,42.12
1472,2026-03-29 22:26:23.792,person-SAFE,SAFE,SAFE,True,False,53.82,42.08
1473,2026-03-29 22:26:23.818,person-SAFE,SAFE,SAFE,True,False,46.26,39.16
1474,2026-03-29 22:26:23.844,person-SAFE,SAFE,SAFE,True,False,67.08,40.75
1475,2026-03-29 22:26:23.872,person-SAFE,SAFE,SAFE,True,False,58.38,37.21
1476,2026-03-29 22:26:23.899,person-SAFE,SAFE,SAFE,True,False,52.29,38.19
1477,2026-03-29 22:26:23.927,person-SAFE,SAFE,SAFE,True,False,76.19,37.48
1478,2026-03-29 22:26:23.955,person-SAFE,SAFE,SAFE,True,False,71.49,36.59
1479,2026-03-29 22:26:23.986,person-SAFE,SAFE,SAFE,True,False,57.6,33.42
1480,2026-03-29 22:26:24.016,person-SAFE,SAFE,SAFE,True,False,53.06,35.11
1481,2026-03-29 22:26:24.045,person-SAFE,SAFE,SAFE,True,False,63.7,34.85
1482,2026-03-29 22:26:24.075,person-SAFE,SAFE,SAFE,True,False,64.74,34.49
1483,2026-03-29 22:26:24.108,person-SAFE,SAFE,SAFE,True,False,60.61,31.68
1484,2026-03-29 22:26:24.136,person-SAFE,SAFE,SAFE,True,False,62.35,37.69
1485,2026-03-29 22:26:24.154,person-SAFE,SAFE,SAFE,True,False,56.73,58.02
1486,2026-03-29 22:26:24.172,person-SAFE,SAFE,SAFE,True,False,60.32,60.05
1487,2026-03-29 22:26:24.190,person-SAFE,SAFE,SAFE,True,False,60.71,57.41
1488,2026-03-29 22:26:24.208,person-SAFE,SAFE,SAFE,True,False,45.28,58.72
1489,2026-03-29 22:26:24.229,person-SAFE,SAFE,SAFE,True,False,59.94,50.98
1490,2026-03-29 22:26:24.247,person-SAFE,SAFE,SAFE,True,False,43.81,57.67
1491,2026-03-29 22:26:24.267,person-SAFE,SAFE,SAFE,True,False,45.66,53.36
1492,2026-03-29 22:26:24.286,person-SAFE,SAFE,SAFE,True,False,61.23,55.54
1493,2026-03-29 22:26:24.307,person-SAFE,SAFE,SAFE,True,False,56.79,49.82
1494,2026-03-29 22:26:24.328,person-SAFE,SAFE,SAFE,True,False,61.76,49.69
1495,2026-03-29 22:26:24.349,person-SAFE,SAFE,SAFE,True,False,44.16,50.86
1496,2026-03-29 22:26:24.369,person-SAFE,SAFE,SAFE,True,False,56.3,52.24
1497,2026-03-29 22:26:24.390,person-SAFE,SAFE,SAFE,True,False,44.54,49.85
1498,2026-03-29 22:26:24.413,person-SAFE,SAFE,SAFE,True,False,69.64,47.18
1499,2026-03-29 22:26:24.437,person-SAFE,SAFE,SAFE,True,False,64.37,43.37
1500,2026-03-29 22:26:24.461,person-SAFE,SAFE,SAFE,True,False,65.56,43.03
1501,2026-03-29 22:26:24.487,person-WARNING,WARNING,SAFE,True,False,47.56,40.45
1502,2026-03-29 22:26:24.515,person-WARNING,WARNING,SAFE,True,False,62.8,37.24
1503,2026-03-29 22:26:24.546,person-WARNING,WARNING,SAFE,True,False,60.15,33.22
1504,2026-03-29 22:26:24.576,person-WARNING,WARNING,SAFE,True,False,49.38,34.47
1505,2026-03-29 22:26:24.609,person-WARNING,WARNING,SAFE,True,False,60.58,32.06
1506,2026-03-29 22:26:24.641,person-WARNING,WARNING,SAFE,True,False,52.83,32.16
1507,2026-03-29 22:26:24.671,person-WARNING,WARNING,SAFE,True,False,59.81,34.05
1508,2026-03-29 22:26:24.702,person-WARNING,WARNING,SAFE,True,False,69.46,33.82
1509,2026-03-29 22:26:24.727,person-WARNING,WARNING,SAFE,True,False,49.1,42.58
1510,2026-03-29 22:26:24.751,person-WARNING,WARNING,SAFE,True,False,45.82,42.29
1511,2026-03-29 22:26:24.775,person-WARNING,WARNING,SAFE,True,False,47.49,43.95
1512,2026-03-29 22:26:24.800,person-WARNING,WARNING,SAFE,True,False,52.78,41.35
1513,2026-03-29 22:26:24.824,person-WARNING,WARNING,SAFE,True,False,49.07,43.47
1514,2026-03-29 22:26:24.849,person-WARNING,WARNING,SAFE,True,False,72.19,42.39
1515,2026-03-29 22:26:24.874,person-WARNING,WARNING,SAFE,True,False,70.27,41.33
1516,2026-03-29 22:26:24.899,person-WARNING,WARNING,SAFE,True,False,68.77,41.54
1517,2026-03-29 22:26:24.923,person-WARNING,WARNING,SAFE,True,False,59.45,44.06
1518,2026-03-29 22:26:24.947,person-WARNING,WARNING,SAFE,True,False,46.77,43.26
1519,2026-03-29 22:26:24.971,person-WARNING,WARNING,SAFE,True,False,62.34,44.52
1520,2026-03-29 22:26:24.996,person-WARNING,WARNING,SAFE,True,False,54.62,40.94
1521,2026-03-29 22:26:25.021,person-WARNING,WARNING,SAFE,True,False,61.55,41.89
1522,2026-03-29 22:26:25.046,person-WARNING,WARNING,SAFE,True,False,71.97,42.69
1523,2026-03-29 22:26:25.071,person-WARNING,WARNING,SAFE,True,False,48.7,41.69
1524,2026-03-29 22:26:25.096,person-WARNING,WARNING,SAFE,True,False,62.65,40.91
1525,2026-03-29 22:26:25.124,person-WARNING,WARNING,SAFE,True,False,65.74,38.03
1526,2026-03-29 22:26:25.152,person-WARNING,WARNING,SAFE,True,False,75.51,36.45
1527,2026-03-29 22:26:25.179,person-WARNING,WARNING,SAFE,True,False,72.08,38.78
1528,2026-03-29 22:26:25.207,person-WARNING,WARNING,SAFE,True,False,69.46,37.9
1529,2026-03-29 22:26:25.233,person-WARNING,WARNING,SAFE,True,False,61.04,39.83
1530,2026-03-29 22:26:25.258,person-WARNING,WARNING,SAFE,True,False,61.84,42.92
1531,2026-03-29 22:26:25.283,person-WARNING,WARNING,SAFE,True,False,61.41,41.15
1532,2026-03-29 22:26:25.309,person-WARNING,WARNING,SAFE,True,False,46.69,40.54
1533,2026-03-29 22:26:25.334,person-WARNING,WARNING,SAFE,True,False,47.52,40.82
1534,2026-03-29 22:26:25.359,person-WARNING,WARNING,SAFE,True,False,44.21,41.84
1535,2026-03-29 22:26:25.387,person-WARNING,WARNING,SAFE,True,False,69.0,38.25
1536,2026-03-29 22:26:25.412,person-WARNING,WARNING,SAFE,True,False,62.91,40.89
1537,2026-03-29 22:26:25.440,person-WARNING,WARNING,SAFE,True,False,76.65,36.83
1538,2026-03-29 22:26:25.470,person-WARNING,WARNING,SAFE,True,False,57.14,35.22
1539,2026-03-29 22:26:25.493,person-WARNING,WARNING,SAFE,True,False,70.58,44.41
1540,2026-03-29 22:26:25.517,person-WARNING,WARNING,SAFE,True,False,70.93,44.51
1541,2026-03-29 22:26:25.541,person-WARNING,WARNING,SAFE,True,False,58.57,43.12
1542,2026-03-29 22:26:25.565,person-WARNING,WARNING,SAFE,True,False,65.68,43.31
1543,2026-03-29 22:26:25.589,person-WARNING,WARNING,SAFE,True,False,55.67,42.82
1544,2026-03-29 22:26:25.613,person-WARNING,WARNING,SAFE,True,False,44.5,43.91
1545,2026-03-29 22:26:25.638,person-WARNING,WARNING,SAFE,True,False,59.49,42.21
1546,2026-03-29 22:26:25.663,person-WARNING,WARNING,SAFE,True,False,72.82,41.79
1547,2026-03-29 22:26:25.689,person-WARNING,WARNING,SAFE,True,False,72.05,39.97
1548,2026-03-29 22:26:25.715,person-WARNING,WARNING,SAFE,True,False,64.91,39.8
1549,2026-03-29 22:26:25.742,person-WARNING,WARNING,SAFE,True,False,50.46,37.95
1550,2026-03-29 22:26:25.770,person-WARNING,WARNING,SAFE,True,False,57.81,37.1
1551,2026-03-29 22:26:25.799,person-WARNING,WARNING,SAFE,True,False,61.39,36.68
1552,2026-03-29 22:26:25.832,person-WARNING,WARNING,SAFE,True,False,75.3,30.65
1553,2026-03-29 22:26:25.850,person-WARNING,WARNING,SAFE,True,False,58.95,60.68
1554,2026-03-29 22:26:25.871,person-WARNING,WARNING,SAFE,True,False,58.08,49.64
1555,2026-03-29 22:26:25.889,person-WARNING,WARNING,SAFE,True,False,43.67,59.07
1556,2026-03-29 22:26:25.907,person-WARNING,WARNING,SAFE,True,False,46.83,58.48
1557,2026-03-29 22:26:25.925,person-WARNING,WARNING,SAFE,True,False,54.27,56.96
1558,2026-03-29 22:26:25.944,person-CRITICAL,CRITICAL,SAFE,True,False,65.96,55.91
1559,2026-03-29 22:26:25.963,person-CRITICAL,CRITICAL,SAFE,True,False,45.41,56.33
1560,2026-03-29 22:26:25.982,person-CRITICAL,CRITICAL,SAFE,True,False,42.38,55.08
1561,2026-03-29 22:26:26.003,person-CRITICAL,CRITICAL,SAFE,True,False,43.95,50.01
1562,2026-03-29 22:26:26.024,person-CRITICAL,CRITICAL,SAFE,True,False,63.21,51.03
1563,2026-03-29 22:26:26.047,person-CRITICAL,CRITICAL,SAFE,True,False,43.78,44.79
1564,2026-03-29 22:26:26.069,person-CRITICAL,CRITICAL,SAFE,True,False,43.02,50.56
1565,2026-03-29 22:26:26.090,person-CRITICAL,CRITICAL,SAFE,True,False,67.85,49.21
1566,2026-03-29 22:26:26.113,person-CRITICAL,CRITICAL,SAFE,True,False,70.15,45.81
1567,2026-03-29 22:26:26.139,person-CRITICAL,CRITICAL,SAFE,True,False,48.7,40.04
1568,2026-03-29 22:26:26.164,person-CRITICAL,CRITICAL,SAFE,True,False,48.91,41.01
1569,2026-03-29 22:26:26.191,person-CRITICAL,CRITICAL,SAFE,True,False,54.51,39.69
1570,2026-03-29 22:26:26.219,person-CRITICAL,CRITICAL,SAFE,True,False,60.7,36.14
1571,2026-03-29 22:26:26.250,person-CRITICAL,CRITICAL,SAFE,True,False,76.16,34.01
1572,2026-03-29 22:26:26.280,person-CRITICAL,CRITICAL,SAFE,True,False,62.67,34.8
1573,2026-03-29 22:26:26.312,person-CRITICAL,CRITICAL,SAFE,True,False,57.87,32.02
1574,2026-03-29 22:26:26.344,person-CRITICAL,CRITICAL,SAFE,True,False,61.66,32.14
1575,2026-03-29 22:26:26.376,person-CRITICAL,CRITICAL,SAFE,True,False,71.3,32.56
1576,2026-03-29 22:26:26.408,person-CRITICAL,CRITICAL,SAFE,True,False,61.22,32.6
1577,2026-03-29 22:26:26.439,person-CRITICAL,CRITICAL,SAFE,True,False,52.97,33.52
1578,2026-03-29 22:26:26.468,person-CRITICAL,CRITICAL,SAFE,True,False,58.17,35.68
1579,2026-03-29 22:26:26.495,person-CRITICAL,CRITICAL,SAFE,True,False,51.65,38.47
1580,2026-03-29 22:26:26.522,person-CRITICAL,CRITICAL,SAFE,True,False,47.19,37.89
1581,2026-03-29 22:26:26.549,person-CRITICAL,CRITICAL,SAFE,True,False,47.73,38.75
1582,2026-03-29 22:26:26.576,person-CRITICAL,CRITICAL,SAFE,True,False,65.26,37.87
1583,2026-03-29 22:26:26.611,person-CRITICAL,CRITICAL,SAFE,True,False,62.3,30.07
1584,2026-03-29 22:26:26.685,person-CRITICAL,CRITICAL,SAFE,True,False,122.56,13.74
1585,2026-03-29 22:26:26.738,person-CRITICAL,CRITICAL,SAFE,True,False,75.75,20.84
1586,2026-03-29 22:26:26.777,person-CRITICAL,CRITICAL,SAFE,True,False,70.27,26.66
1587,2026-03-29 22:26:26.817,person-CRITICAL,CRITICAL,SAFE,True,False,64.05,25.81
1588,2026-03-29 22:26:26.854,person-CRITICAL,CRITICAL,SAFE,True,False,82.53,27.4
1589,2026-03-29 22:26:26.895,person-CRITICAL,CRITICAL,SAFE,True,False,66.54,25.61
1590,2026-03-29 22:26:26.938,person-CRITICAL,CRITICAL,SAFE,True,False,77.53,23.83
1591,2026-03-29 22:26:26.971,person-CRITICAL,CRITICAL,SAFE,True,False,73.21,30.75
1592,2026-03-29 22:26:27.004,person-CRITICAL,CRITICAL,SAFE,True,False,76.58,31.56
1593,2026-03-29 22:26:27.036,person-CRITICAL,CRITICAL,SAFE,True,False,79.78,31.99
1594,2026-03-29 22:26:27.065,person-CRITICAL,CRITICAL,SAFE,True,False,56.9,36.65
1595,2026-03-29 22:26:27.104,person-CRITICAL,CRITICAL,SAFE,True,False,71.2,26.42
1596,2026-03-29 22:26:27.143,person-CRITICAL,CRITICAL,SAFE,True,False,60.26,26.65
1597,2026-03-29 22:26:27.185,person-CRITICAL,CRITICAL,SAFE,True,False,59.34,27.49
1598,2026-03-29 22:26:27.218,person-CRITICAL,CRITICAL,SAFE,True,False,68.52,32.07
1599,2026-03-29 22:26:27.249,person-CRITICAL,CRITICAL,SAFE,True,False,59.13,34.66
1600,2026-03-29 22:26:27.279,person-CRITICAL,CRITICAL,SAFE,True,False,50.71,34.43
1601,2026-03-29 22:26:27.311,person-CRITICAL,CRITICAL,SAFE,True,False,71.36,32.15
1602,2026-03-29 22:26:27.345,person-CRITICAL,CRITICAL,SAFE,True,False,56.82,31.11
1603,2026-03-29 22:26:27.379,person-CRITICAL,CRITICAL,SAFE,True,False,60.6,30.71
1604,2026-03-29 22:26:27.412,person-CRITICAL,CRITICAL,SAFE,True,False,78.25,31.6
1605,2026-03-29 22:26:27.446,person-CRITICAL,CRITICAL,SAFE,True,False,54.12,30.65
1606,2026-03-29 22:26:27.479,person-CRITICAL,CRITICAL,SAFE,True,False,59.42,31.31
1607,2026-03-29 22:26:27.513,person-CRITICAL,CRITICAL,SAFE,True,False,81.33,30.02
1608,2026-03-29 22:26:27.545,person-CRITICAL,CRITICAL,SAFE,True,False,69.18,32.5
1609,2026-03-29 22:26:27.579,person-CRITICAL,CRITICAL,SAFE,True,False,67.28,30.83
1610,2026-03-29 22:26:27.613,person-CRITICAL,CRITICAL,SAFE,True,False,71.48,30.74
1611,2026-03-29 22:26:27.646,person-CRITICAL,CRITICAL,SAFE,True,False,72.93,31.33
1612,2026-03-29 22:26:27.680,person-CRITICAL,CRITICAL,SAFE,True,False,64.27,31.01
1613,2026-03-29 22:26:27.712,person-CRITICAL,CRITICAL,SAFE,True,False,53.38,31.6
1614,2026-03-29 22:26:27.746,person-CRITICAL,CRITICAL,SAFE,True,False,72.7,31.14
1615,2026-03-29 22:26:27.779,person-CRITICAL,CRITICAL,SAFE,True,False,79.18,30.74
1616,2026-03-29 22:26:27.813,person-CRITICAL,CRITICAL,SAFE,True,False,58.2,30.91
1617,2026-03-29 22:26:27.846,person-CRITICAL,CRITICAL,SAFE,True,False,69.84,30.89
1618,2026-03-29 22:26:27.880,person-CRITICAL,CRITICAL,SAFE,True,False,61.62,30.46
1619,2026-03-29 22:26:27.914,person-CRITICAL,CRITICAL,SAFE,True,False,53.16,30.83
1620,2026-03-29 22:26:27.947,person-CRITICAL,CRITICAL,SAFE,True,False,72.98,31.45
1621,2026-03-29 22:26:27.980,person-CRITICAL,CRITICAL,SAFE,True,False,56.58,31.0
1622,2026-03-29 22:26:28.013,person-CRITICAL,CRITICAL,SAFE,True,False,54.97,31.41
1623,2026-03-29 22:26:28.048,person-CRITICAL,CRITICAL,SAFE,True,False,58.9,29.65
1624,2026-03-29 22:26:28.082,person-CRITICAL,CRITICAL,SAFE,True,False,71.13,30.34
1625,2026-03-29 22:26:28.116,person-CRITICAL,CRITICAL,SAFE,True,False,80.12,30.21
1626,2026-03-29 22:26:28.150,person-CRITICAL,CRITICAL,SAFE,True,False,59.76,30.19
1627,2026-03-29 22:26:28.169,person-CRITICAL,CRITICAL,SAFE,True,False,63.28,56.54
1628,2026-03-29 22:26:28.188,person-CRITICAL,CRITICAL,SAFE,True,False,55.31,54.34
1629,2026-03-29 22:26:28.208,person-CRITICAL,CRITICAL,SAFE,True,False,39.02,55.08
1630,2026-03-29 22:26:28.228,person-CRITICAL,CRITICAL,SAFE,True,False,44.78,50.73
1631,2026-03-29 22:26:28.248,person-CRITICAL,CRITICAL,SAFE,True,False,51.77,54.14
1632,2026-03-29 22:26:28.267,person-CRITICAL,CRITICAL,SAFE,True,False,44.94,56.08
1633,2026-03-29 22:26:28.286,person-CRITICAL,CRITICAL,SAFE,True,False,42.55,55.58
1634,2026-03-29 22:26:28.306,person-CRITICAL,CRITICAL,SAFE,True,False,45.48,51.93
1635,2026-03-29 22:26:28.329,person-CRITICAL,CRITICAL,SAFE,True,False,63.35,47.33
1636,2026-03-29 22:26:28.350,person-CRITICAL,CRITICAL,SAFE,True,False,69.6,50.48
1637,2026-03-29 22:26:28.371,person-CRITICAL,CRITICAL,SAFE,True,False,54.83,50.73
1638,2026-03-29 22:26:28.393,person-CRITICAL,CRITICAL,SAFE,True,False,67.51,47.65
1639,2026-03-29 22:26:28.416,person-CRITICAL,CRITICAL,SAFE,True,False,52.72,44.8
1640,2026-03-29 22:26:28.440,person-CRITICAL,CRITICAL,SAFE,True,False,60.26,45.03
1641,2026-03-29 22:26:28.466,person-CRITICAL,CRITICAL,SAFE,True,False,65.68,39.51
1642,2026-03-29 22:26:28.493,person-CRITICAL,CRITICAL,SAFE,True,False,64.06,39.48
1643,2026-03-29 22:26:28.522,person-CRITICAL,CRITICAL,SAFE,True,False,58.73,34.68
1644,2026-03-29 22:26:28.552,person-CRITICAL,CRITICAL,SAFE,True,False,72.96,34.92
1645,2026-03-29 22:26:28.583,person-CRITICAL,CRITICAL,SAFE,True,False,70.47,34.72
1646,2026-03-29 22:26:28.615,person-CRITICAL,CRITICAL,SAFE,True,False,53.22,31.68
1647,2026-03-29 22:26:28.652,person-CRITICAL,CRITICAL,SAFE,True,False,64.91,28.39
1648,2026-03-29 22:26:28.684,person-CRITICAL,CRITICAL,SAFE,True,False,81.21,31.67
1649,2026-03-29 22:26:28.702,person-CRITICAL,CRITICAL,SAFE,True,False,62.12,58.62
1650,2026-03-29 22:26:28.721,person-CRITICAL,CRITICAL,SAFE,True,False,63.85,56.61
1651,2026-03-29 22:26:28.740,person-CRITICAL,CRITICAL,SAFE,True,False,40.09,57.12
1652,2026-03-29 22:26:28.759,person-CRITICAL,CRITICAL,SAFE,True,False,60.32,54.87
1653,2026-03-29 22:26:28.779,person-CRITICAL,CRITICAL,SAFE,True,False,56.87,53.92
1654,2026-03-29 22:26:28.798,person-CRITICAL,CRITICAL,SAFE,True,False,59.59,55.16
1655,2026-03-29 22:26:28.818,person-CRITICAL,CRITICAL,SAFE,True,False,59.86,53.41
1656,2026-03-29 22:26:28.837,person-CRITICAL,CRITICAL,SAFE,True,False,54.06,54.74
1657,2026-03-29 22:26:28.858,person-CRITICAL,CRITICAL,SAFE,True,False,63.89,51.95
1658,2026-03-29 22:26:28.879,person-CRITICAL,CRITICAL,SAFE,True,False,40.85,48.42
1659,2026-03-29 22:26:28.900,person-CRITICAL,CRITICAL,SAFE,True,False,68.48,51.21
1660,2026-03-29 22:26:28.921,person-CRITICAL,CRITICAL,SAFE,True,False,56.52,50.38
1661,2026-03-29 22:26:28.944,person-CRITICAL,CRITICAL,SAFE,True,False,59.21,46.79
1662,2026-03-29 22:26:28.969,person-CRITICAL,CRITICAL,SAFE,True,False,70.03,41.9
1663,2026-03-29 22:26:28.993,person-CRITICAL,CRITICAL,SAFE,True,False,67.69,43.39
1664,2026-03-29 22:26:29.020,person-CRITICAL,CRITICAL,SAFE,True,False,66.89,39.52
1665,2026-03-29 22:26:29.046,person-CRITICAL,CRITICAL,SAFE,True,False,67.42,39.98
1666,2026-03-29 22:26:29.074,person-CRITICAL,CRITICAL,SAFE,True,False,56.21,36.6
1667,2026-03-29 22:26:29.107,person-CRITICAL,CRITICAL,SAFE,True,False,63.9,31.75
1668,2026-03-29 22:26:29.138,person-WARNING,WARNING,SAFE,True,False,57.77,33.36
1669,2026-03-29 22:26:29.168,person-WARNING,WARNING,SAFE,True,False,56.59,35.07
1670,2026-03-29 22:26:29.199,person-WARNING,WARNING,SAFE,True,False,62.38,33.23
1671,2026-03-29 22:26:29.228,person-WARNING,WARNING,SAFE,True,False,51.01,34.9
1672,2026-03-29 22:26:29.262,person-WARNING,WARNING,SAFE,True,False,80.53,30.92
1673,2026-03-29 22:26:29.294,person-WARNING,WARNING,SAFE,True,False,62.33,32.21
1674,2026-03-29 22:26:29.330,person-WARNING,WARNING,SAFE,True,False,63.59,29.07
1675,2026-03-29 22:26:29.362,person-WARNING,WARNING,SAFE,True,False,52.37,31.88
1676,2026-03-29 22:26:29.397,person-WARNING,WARNING,SAFE,True,False,72.64,29.58
1677,2026-03-29 22:26:29.430,person-WARNING,WARNING,SAFE,True,False,60.73,30.92
1678,2026-03-29 22:26:29.465,person-WARNING,WARNING,SAFE,True,False,76.51,29.63
1679,2026-03-29 22:26:29.499,person-WARNING,WARNING,SAFE,True,False,79.67,31.16
1680,2026-03-29 22:26:29.534,person-WARNING,WARNING,SAFE,True,False,59.3,29.12
1681,2026-03-29 22:26:29.565,person-WARNING,WARNING,SAFE,True,False,77.71,33.24
1682,2026-03-29 22:26:29.601,person-WARNING,WARNING,SAFE,True,False,61.46,29.11
1683,2026-03-29 22:26:29.633,person-WARNING,WARNING,SAFE,True,False,77.45,31.61
1684,2026-03-29 22:26:29.669,person-WARNING,WARNING,SAFE,True,False,83.14,29.48
1685,2026-03-29 22:26:29.701,person-WARNING,WARNING,SAFE,True,False,53.69,32.04
1686,2026-03-29 22:26:29.735,person-WARNING,WARNING,SAFE,True,False,80.16,29.91
1687,2026-03-29 22:26:29.766,person-WARNING,WARNING,SAFE,True,False,62.1,33.64
1688,2026-03-29 22:26:29.785,person-WARNING,WARNING,SAFE,True,False,50.72,55.74
1689,2026-03-29 22:26:29.803,person-WARNING,WARNING,SAFE,True,False,53.32,58.27
1690,2026-03-29 22:26:29.822,person-WARNING,WARNING,SAFE,True,False,55.62,56.17
1691,2026-03-29 22:26:29.841,person-WARNING,WARNING,SAFE,True,False,62.76,55.92
1692,2026-03-29 22:26:29.860,person-WARNING,WARNING,SAFE,True,False,45.71,55.61
1693,2026-03-29 22:26:29.879,person-SAFE,SAFE,SAFE,True,False,44.43,54.55
1694,2026-03-29 22:26:29.898,person-SAFE,SAFE,SAFE,True,False,50.87,55.0
1695,2026-03-29 22:26:29.918,person-SAFE,SAFE,SAFE,True,False,44.43,52.51
1696,2026-03-29 22:26:29.939,person-SAFE,SAFE,SAFE,True,False,56.88,51.58
1697,2026-03-29 22:26:29.961,person-SAFE,SAFE,SAFE,True,False,63.72,48.26
1698,2026-03-29 22:26:29.983,person-SAFE,SAFE,SAFE,True,False,68.89,48.33
1699,2026-03-29 22:26:30.005,person-SAFE,SAFE,SAFE,True,False,63.82,47.81
1700,2026-03-29 22:26:30.027,person-SAFE,SAFE,SAFE,True,False,45.04,46.58
1701,2026-03-29 22:26:30.051,person-SAFE,SAFE,SAFE,True,False,69.83,44.08
1702,2026-03-29 22:26:30.074,person-SAFE,SAFE,SAFE,True,False,50.31,44.27
1703,2026-03-29 22:26:30.101,person-SAFE,SAFE,SAFE,True,False,53.73,39.77
1704,2026-03-29 22:26:30.126,person-SAFE,SAFE,SAFE,True,False,57.71,40.77
1705,2026-03-29 22:26:30.155,person-SAFE,SAFE,SAFE,True,False,76.09,35.97
1706,2026-03-29 22:26:30.183,person-SAFE,SAFE,SAFE,True,False,54.91,37.72
1707,2026-03-29 22:26:30.212,person-SAFE,SAFE,SAFE,True,False,64.54,36.26
1708,2026-03-29 22:26:30.243,person-SAFE,SAFE,SAFE,True,False,76.74,33.18
1709,2026-03-29 22:26:30.276,person-SAFE,SAFE,SAFE,True,False,53.17,31.59
1710,2026-03-29 22:26:30.308,person-SAFE,SAFE,SAFE,True,False,54.23,31.95
1711,2026-03-29 22:26:30.342,person-SAFE,SAFE,SAFE,True,False,58.85,30.24
1712,2026-03-29 22:26:30.370,person-SAFE,SAFE,SAFE,True,False,68.5,36.49
1713,2026-03-29 22:26:30.398,person-SAFE,SAFE,SAFE,True,False,69.24,37.53
1714,2026-03-29 22:26:30.426,person-SAFE,SAFE,SAFE,True,False,76.32,37.25
1715,2026-03-29 22:26:30.456,person-SAFE,SAFE,SAFE,True,False,63.2,35.18
1716,2026-03-29 22:26:30.483,person-SAFE,SAFE,SAFE,True,False,59.46,37.41
1717,2026-03-29 22:26:30.511,person-SAFE,SAFE,SAFE,True,False,53.22,37.65
1718,2026-03-29 22:26:30.541,person-SAFE,SAFE,SAFE,True,False,58.31,35.05
1719,2026-03-29 22:26:30.570,person-SAFE,SAFE,SAFE,True,False,66.33,34.87
1720,2026-03-29 22:26:30.599,person-SAFE,SAFE,SAFE,True,False,62.52,36.77
1721,2026-03-29 22:26:30.628,person-SAFE,SAFE,SAFE,True,False,50.12,35.61
1722,2026-03-29 22:26:30.661,person-SAFE,SAFE,SAFE,True,False,68.5,31.73
1723,2026-03-29 22:26:30.692,person-SAFE,SAFE,SAFE,True,False,58.61,32.41
1724,2026-03-29 22:26:30.721,person-SAFE,SAFE,SAFE,True,False,66.09,36.9
1725,2026-03-29 22:26:30.739,person-SAFE,SAFE,SAFE,True,False,43.59,57.69
1726,2026-03-29 22:26:30.757,person-SAFE,SAFE,SAFE,True,False,59.83,57.41
1727,2026-03-29 22:26:30.776,person-SAFE,SAFE,SAFE,True,False,61.48,55.45
1728,2026-03-29 22:26:30.795,person-SAFE,SAFE,SAFE,True,False,45.14,55.75
1729,2026-03-29 22:26:30.814,person-SAFE,SAFE,SAFE,True,False,42.29,55.36
1730,2026-03-29 22:26:30.833,person-SAFE,SAFE,SAFE,True,False,61.73,55.52
1731,2026-03-29 22:26:30.853,person-SAFE,SAFE,SAFE,True,False,47.23,55.03
1732,2026-03-29 22:26:30.872,person-WARNING,WARNING,SAFE,True,False,49.1,53.73
1733,2026-03-29 22:26:30.894,person-WARNING,WARNING,SAFE,True,False,64.77,47.98
1734,2026-03-29 22:26:30.915,person-WARNING,WARNING,SAFE,True,False,59.22,51.35
1735,2026-03-29 22:26:30.937,person-WARNING,WARNING,SAFE,True,False,52.21,47.27
1736,2026-03-29 22:26:30.963,person-WARNING,WARNING,SAFE,True,False,66.88,39.97
1737,2026-03-29 22:26:30.990,person-WARNING,WARNING,SAFE,True,False,64.63,37.9
1738,2026-03-29 22:26:31.026,person-WARNING,WARNING,SAFE,True,False,80.8,29.04
1739,2026-03-29 22:26:31.053,person-WARNING,WARNING,SAFE,True,False,74.64,38.84
1740,2026-03-29 22:26:31.077,person-WARNING,WARNING,SAFE,True,False,58.61,42.19
1741,2026-03-29 22:26:31.106,person-WARNING,WARNING,SAFE,True,False,57.42,37.15
1742,2026-03-29 22:26:31.136,person-WARNING,WARNING,SAFE,True,False,57.58,35.29
1743,2026-03-29 22:26:31.161,person-WARNING,WARNING,SAFE,True,False,53.02,41.39
1744,2026-03-29 22:26:31.188,person-WARNING,WARNING,SAFE,True,False,64.07,38.04
1745,2026-03-29 22:26:31.213,person-WARNING,WARNING,SAFE,True,False,55.75,41.28
1746,2026-03-29 22:26:31.240,person-WARNING,WARNING,SAFE,True,False,68.12,39.07
1747,2026-03-29 22:26:31.268,person-WARNING,WARNING,SAFE,True,False,72.68,36.95
1748,2026-03-29 22:26:31.293,person-WARNING,WARNING,SAFE,True,False,58.63,42.49
1749,2026-03-29 22:26:31.317,person-WARNING,WARNING,SAFE,True,False,55.16,44.11
1750,2026-03-29 22:26:31.341,person-WARNING,WARNING,SAFE,True,False,65.95,43.69
1751,2026-03-29 22:26:31.367,person-WARNING,WARNING,SAFE,True,False,45.71,39.44
1752,2026-03-29 22:26:31.392,person-WARNING,WARNING,SAFE,True,False,44.61,41.33
1753,2026-03-29 22:26:31.420,person-WARNING,WARNING,SAFE,True,False,47.14,37.29
1754,2026-03-29 22:26:31.446,person-WARNING,WARNING,SAFE,True,False,67.58,39.97
1755,2026-03-29 22:26:31.475,person-WARNING,WARNING,SAFE,True,False,50.02,36.69
1756,2026-03-29 22:26:31.507,person-WARNING,WARNING,SAFE,True,False,79.81,31.82
1757,2026-03-29 22:26:31.542,person-CRITICAL,CRITICAL,SAFE,True,False,66.45,29.87
1758,2026-03-29 22:26:31.571,person-CRITICAL,CRITICAL,SAFE,True,False,57.16,35.73
1759,2026-03-29 22:26:31.603,person-CRITICAL,CRITICAL,SAFE,True,False,54.93,32.63
1760,2026-03-29 22:26:31.632,person-CRITICAL,CRITICAL,SAFE,True,False,66.97,36.48
1761,2026-03-29 22:26:31.662,person-CRITICAL,CRITICAL,SAFE,True,False,78.56,34.36
1762,2026-03-29 22:26:31.694,person-CRITICAL,CRITICAL,SAFE,True,False,72.08,32.69
1763,2026-03-29 22:26:31.728,person-CRITICAL,CRITICAL,SAFE,True,False,67.72,30.5
1764,2026-03-29 22:26:31.760,person-CRITICAL,CRITICAL,SAFE,True,False,51.86,32.09
1765,2026-03-29 22:26:31.792,person-CRITICAL,CRITICAL,SAFE,True,False,64.8,32.71
1766,2026-03-29 22:26:31.819,person-CRITICAL,CRITICAL,SAFE,True,False,62.38,38.01
1767,2026-03-29 22:26:31.837,person-CRITICAL,CRITICAL,SAFE,True,False,37.19,59.2
1768,2026-03-29 22:26:31.855,person-CRITICAL,CRITICAL,SAFE,True,False,56.85,60.41
1769,2026-03-29 22:26:31.872,person-CRITICAL,CRITICAL,SAFE,True,False,51.13,59.67
1770,2026-03-29 22:26:31.891,person-CRITICAL,CRITICAL,SAFE,True,False,60.95,57.58
1771,2026-03-29 22:26:31.909,person-CRITICAL,CRITICAL,SAFE,True,False,50.42,57.48
1772,2026-03-29 22:26:31.928,person-CRITICAL,CRITICAL,SAFE,True,False,63.97,55.35
1773,2026-03-29 22:26:31.948,person-CRITICAL,CRITICAL,SAFE,True,False,63.46,53.5
1774,2026-03-29 22:26:31.970,person-CRITICAL,CRITICAL,SAFE,True,False,68.79,47.1
1775,2026-03-29 22:26:31.993,person-CRITICAL,CRITICAL,SAFE,True,False,58.54,45.4
1776,2026-03-29 22:26:32.015,person-CRITICAL,CRITICAL,SAFE,True,False,66.64,47.32
1777,2026-03-29 22:26:32.037,person-CRITICAL,CRITICAL,SAFE,True,False,55.18,47.73
1778,2026-03-29 22:26:32.059,person-CRITICAL,CRITICAL,SAFE,True,False,57.19,47.53
1779,2026-03-29 22:26:32.084,person-CRITICAL,CRITICAL,SAFE,True,False,68.54,42.45
1780,2026-03-29 22:26:32.108,person-CRITICAL,CRITICAL,SAFE,True,False,71.09,44.1
1781,2026-03-29 22:26:32.135,person-CRITICAL,CRITICAL,SAFE,True,False,68.39,38.17
1782,2026-03-29 22:26:32.161,person-CRITICAL,CRITICAL,SAFE,True,False,52.9,41.74
1783,2026-03-29 22:26:32.192,person-CRITICAL,CRITICAL,SAFE,True,False,67.17,33.32
1784,2026-03-29 22:26:32.226,person-CRITICAL,CRITICAL,SAFE,True,False,74.98,30.22
1785,2026-03-29 22:26:32.261,person-CRITICAL,CRITICAL,SAFE,True,False,56.73,28.86
1786,2026-03-29 22:26:32.298,person-CRITICAL,CRITICAL,SAFE,True,False,75.72,28.2
1787,2026-03-29 22:26:32.335,person-CRITICAL,CRITICAL,SAFE,True,False,61.08,28.07
1788,2026-03-29 22:26:32.370,person-CRITICAL,CRITICAL,SAFE,True,False,73.1,29.63
1789,2026-03-29 22:26:32.401,person-CRITICAL,CRITICAL,SAFE,True,False,66.72,33.03
1790,2026-03-29 22:26:32.428,person-CRITICAL,CRITICAL,SAFE,True,False,72.06,38.32
1791,2026-03-29 22:26:32.459,person-CRITICAL,CRITICAL,SAFE,True,False,70.55,33.27
1792,2026-03-29 22:26:32.491,person-CRITICAL,CRITICAL,SAFE,True,False,53.67,31.99
1793,2026-03-29 22:26:32.531,person-CRITICAL,CRITICAL,SAFE,True,False,86.28,25.89
1794,2026-03-29 22:26:32.562,person-CRITICAL,CRITICAL,SAFE,True,False,53.3,35.88
1795,2026-03-29 22:26:32.592,person-CRITICAL,CRITICAL,SAFE,True,False,55.39,35.04
1796,2026-03-29 22:26:32.623,person-CRITICAL,CRITICAL,SAFE,True,False,69.42,33.36
1797,2026-03-29 22:26:32.655,person-CRITICAL,CRITICAL,SAFE,True,False,50.64,32.68
1798,2026-03-29 22:26:32.681,person-CRITICAL,CRITICAL,SAFE,True,False,66.02,39.83
1799,2026-03-29 22:26:32.708,person-CRITICAL,CRITICAL,SAFE,True,False,70.15,38.49
1800,2026-03-29 22:26:32.737,person-CRITICAL,CRITICAL,SAFE,True,False,49.18,36.88
1801,2026-03-29 22:26:32.764,person-CRITICAL,CRITICAL,SAFE,True,False,46.86,39.01
1802,2026-03-29 22:26:32.795,person-CRITICAL,CRITICAL,SAFE,True,False,54.96,32.98
1803,2026-03-29 22:26:32.826,person-CRITICAL,CRITICAL,SAFE,True,False,62.84,34.28
1804,2026-03-29 22:26:32.857,person-CRITICAL,CRITICAL,SAFE,True,False,52.85,33.16
1805,2026-03-29 22:26:32.888,person-CRITICAL,CRITICAL,SAFE,True,False,52.52,33.0
1806,2026-03-29 22:26:32.920,person-CRITICAL,CRITICAL,SAFE,True,False,71.91,32.15
1807,2026-03-29 22:26:32.951,person-CRITICAL,CRITICAL,SAFE,True,False,60.88,33.88
1808,2026-03-29 22:26:32.969,person-CRITICAL,CRITICAL,SAFE,True,False,64.36,59.76
1809,2026-03-29 22:26:32.987,person-CRITICAL,CRITICAL,SAFE,True,False,53.04,59.59
1810,2026-03-29 22:26:33.004,person-CRITICAL,CRITICAL,SAFE,True,False,60.73,59.66
1811,2026-03-29 22:26:33.023,person-CRITICAL,CRITICAL,SAFE,True,False,64.16,57.73
1812,2026-03-29 22:26:33.042,person-CRITICAL,CRITICAL,SAFE,True,False,46.71,55.42
1813,2026-03-29 22:26:33.061,person-CRITICAL,CRITICAL,SAFE,True,False,50.74,54.92
1814,2026-03-29 22:26:33.080,person-CRITICAL,CRITICAL,SAFE,True,False,62.0,56.09
1815,2026-03-29 22:26:33.099,person-CRITICAL,CRITICAL,SAFE,True,False,42.66,54.83
1816,2026-03-29 22:26:33.121,person-CRITICAL,CRITICAL,SAFE,True,False,62.34,49.4
1817,2026-03-29 22:26:33.141,person-CRITICAL,CRITICAL,SAFE,True,False,48.68,52.56
1818,2026-03-29 22:26:33.163,person-CRITICAL,CRITICAL,SAFE,True,False,50.09,48.4
1819,2026-03-29 22:26:33.185,person-CRITICAL,CRITICAL,SAFE,True,False,48.04,47.82
1820,2026-03-29 22:26:33.207,person-CRITICAL,CRITICAL,SAFE,True,False,50.83,47.07
1821,2026-03-29 22:26:33.231,person-CRITICAL,CRITICAL,SAFE,True,False,46.03,44.65
1822,2026-03-29 22:26:33.256,person-CRITICAL,CRITICAL,SAFE,True,False,49.15,42.4
1823,2026-03-29 22:26:33.281,person-CRITICAL,CRITICAL,SAFE,True,False,52.01,41.91
1824,2026-03-29 22:26:33.307,person-CRITICAL,CRITICAL,SAFE,True,False,68.09,39.77
1825,2026-03-29 22:26:33.335,person-CRITICAL,CRITICAL,SAFE,True,False,51.22,37.07
1826,2026-03-29 22:26:33.364,person-CRITICAL,CRITICAL,SAFE,True,False,68.11,35.82
1827,2026-03-29 22:26:33.395,person-CRITICAL,CRITICAL,SAFE,True,False,76.16,32.72
1828,2026-03-29 22:26:33.437,person-CRITICAL,CRITICAL,SAFE,True,False,79.57,24.65
1829,2026-03-29 22:26:33.460,person-CRITICAL,CRITICAL,SAFE,True,False,58.6,46.76
1830,2026-03-29 22:26:33.489,person-CRITICAL,CRITICAL,SAFE,True,False,73.84,35.94
1831,2026-03-29 22:26:33.510,person-CRITICAL,CRITICAL,SAFE,True,False,46.54,49.65
1832,2026-03-29 22:26:33.532,person-CRITICAL,CRITICAL,SAFE,True,False,60.4,47.74
1833,2026-03-29 22:26:33.555,person-CRITICAL,CRITICAL,SAFE,True,False,57.58,47.96
1834,2026-03-29 22:26:33.576,person-CRITICAL,CRITICAL,SAFE,True,False,59.51,47.86
1835,2026-03-29 22:26:33.599,person-CRITICAL,CRITICAL,SAFE,True,False,68.28,47.22
1836,2026-03-29 22:26:33.622,person-CRITICAL,CRITICAL,SAFE,True,False,49.29,47.14
1837,2026-03-29 22:26:33.645,person-CRITICAL,CRITICAL,SAFE,True,False,46.86,44.31
1838,2026-03-29 22:26:33.673,person-CRITICAL,CRITICAL,SAFE,True,False,63.12,38.22
1839,2026-03-29 22:26:33.696,person-CRITICAL,CRITICAL,SAFE,True,False,42.52,44.85
1840,2026-03-29 22:26:33.722,person-CRITICAL,CRITICAL,SAFE,True,False,50.09,40.7
1841,2026-03-29 22:26:33.758,person-CRITICAL,CRITICAL,SAFE,True,False,79.24,28.14
1842,2026-03-29 22:26:33.788,person-CRITICAL,CRITICAL,SAFE,True,False,76.67,35.18
1843,2026-03-29 22:26:33.816,person-CRITICAL,CRITICAL,SAFE,True,False,75.9,37.45
1844,2026-03-29 22:26:33.844,person-CRITICAL,CRITICAL,SAFE,True,False,50.83,37.48
1845,2026-03-29 22:26:33.875,person-CRITICAL,CRITICAL,SAFE,True,False,74.26,34.22
1846,2026-03-29 22:26:33.904,person-CRITICAL,CRITICAL,SAFE,True,False,69.9,36.24
1847,2026-03-29 22:26:33.922,person-CRITICAL,CRITICAL,SAFE,True,False,56.86,58.38
1848,2026-03-29 22:26:33.942,person-CRITICAL,CRITICAL,SAFE,True,False,41.76,55.51
1849,2026-03-29 22:26:33.961,person-WARNING,WARNING,SAFE,True,False,63.1,55.3
1850,2026-03-29 22:26:33.980,person-WARNING,WARNING,SAFE,True,False,49.39,57.41
1851,2026-03-29 22:26:34.024,person-WARNING,WARNING,SAFE,True,False,88.0,23.13
1852,2026-03-29 22:26:34.049,person-WARNING,WARNING,SAFE,True,False,56.51,43.87
1853,2026-03-29 22:26:34.074,person-WARNING,WARNING,SAFE,True,False,44.05,42.02
1854,2026-03-29 22:26:34.111,person-WARNING,WARNING,SAFE,True,False,70.35,31.28
1855,2026-03-29 22:26:34.137,person-WARNING,WARNING,SAFE,True,False,51.03,40.27
1856,2026-03-29 22:26:34.163,person-WARNING,WARNING,SAFE,True,False,61.97,40.31
1857,2026-03-29 22:26:34.190,person-WARNING,WARNING,SAFE,True,False,63.21,37.48
1858,2026-03-29 22:26:34.221,person-WARNING,WARNING,SAFE,True,False,72.21,33.83
1859,2026-03-29 22:26:34.247,person-WARNING,WARNING,SAFE,True,False,46.75,39.76
1860,2026-03-29 22:26:34.275,person-WARNING,WARNING,SAFE,True,False,70.84,37.49
1861,2026-03-29 22:26:34.310,person-WARNING,WARNING,SAFE,True,False,57.71,29.67
1862,2026-03-29 22:26:34.347,person-WARNING,WARNING,SAFE,True,False,59.7,27.69
1863,2026-03-29 22:26:34.386,person-WARNING,WARNING,SAFE,True,False,83.74,26.14
1864,2026-03-29 22:26:34.426,person-WARNING,WARNING,SAFE,True,False,70.59,26.11
1865,2026-03-29 22:26:34.471,person-WARNING,WARNING,SAFE,True,False,89.26,22.6
1866,2026-03-29 22:26:34.505,person-WARNING,WARNING,SAFE,True,False,61.33,30.36
1867,2026-03-29 22:26:34.540,person-WARNING,WARNING,SAFE,True,False,80.4,29.64
1868,2026-03-29 22:26:34.576,person-WARNING,WARNING,SAFE,True,False,66.57,28.79
1869,2026-03-29 22:26:34.610,person-WARNING,WARNING,SAFE,True,False,57.68,30.16
1870,2026-03-29 22:26:34.655,person-WARNING,WARNING,SAFE,True,False,77.53,22.78
1871,2026-03-29 22:26:34.699,person-WARNING,WARNING,SAFE,True,False,91.86,23.8
1872,2026-03-29 22:26:34.730,person-WARNING,WARNING,SAFE,True,False,51.38,32.71
1873,2026-03-29 22:26:34.763,person-WARNING,WARNING,SAFE,True,False,52.74,31.56
1874,2026-03-29 22:26:34.796,person-WARNING,WARNING,SAFE,True,False,76.12,31.3
1875,2026-03-29 22:26:34.832,person-WARNING,WARNING,SAFE,True,False,58.62,28.74
1876,2026-03-29 22:26:34.866,person-WARNING,WARNING,SAFE,True,False,73.51,30.61
1877,2026-03-29 22:26:34.900,person-WARNING,WARNING,SAFE,True,False,79.62,30.51
1878,2026-03-29 22:26:34.933,person-WARNING,WARNING,SAFE,True,False,59.9,31.41
1879,2026-03-29 22:26:34.967,person-WARNING,WARNING,SAFE,True,False,64.14,30.55
1880,2026-03-29 22:26:35.000,person-WARNING,WARNING,SAFE,True,False,67.57,31.16
1881,2026-03-29 22:26:35.034,person-WARNING,WARNING,SAFE,True,False,76.12,30.23
1882,2026-03-29 22:26:35.052,person-WARNING,WARNING,SAFE,True,False,53.8,57.47
1883,2026-03-29 22:26:35.070,person-WARNING,WARNING,SAFE,True,False,41.94,58.6
1884,2026-03-29 22:26:35.089,person-WARNING,WARNING,SAFE,True,False,56.41,57.06
1885,2026-03-29 22:26:35.108,person-WARNING,WARNING,SAFE,True,False,43.67,55.7
1886,2026-03-29 22:26:35.128,person-WARNING,WARNING,SAFE,True,False,67.0,53.07
1887,2026-03-29 22:26:35.147,person-WARNING,WARNING,SAFE,True,False,51.08,56.08
1888,2026-03-29 22:26:35.167,person-SAFE,SAFE,SAFE,True,False,63.68,52.53
1889,2026-03-29 22:26:35.186,person-SAFE,SAFE,SAFE,True,False,66.19,53.88
1890,2026-03-29 22:26:35.208,person-SAFE,SAFE,SAFE,True,False,51.35,48.8
1891,2026-03-29 22:26:35.230,person-SAFE,SAFE,SAFE,True,False,59.58,48.83
1892,2026-03-29 22:26:35.275,person-SAFE,SAFE,SAFE,True,False,72.5,22.84
1893,2026-03-29 22:26:35.299,person-SAFE,SAFE,SAFE,True,False,62.83,43.85
1894,2026-03-29 22:26:35.324,person-SAFE,SAFE,SAFE,True,False,49.06,40.4
1895,2026-03-29 22:26:35.353,person-SAFE,SAFE,SAFE,True,False,65.06,36.11
1896,2026-03-29 22:26:35.379,person-SAFE,SAFE,SAFE,True,False,62.64,39.94
1897,2026-03-29 22:26:35.409,person-SAFE,SAFE,SAFE,True,False,60.23,35.42
1898,2026-03-29 22:26:35.441,person-SAFE,SAFE,SAFE,True,False,57.08,31.98
1899,2026-03-29 22:26:35.470,person-SAFE,SAFE,SAFE,True,False,62.53,35.87
1900,2026-03-29 22:26:35.489,person-SAFE,SAFE,SAFE,True,False,44.66,56.63
1901,2026-03-29 22:26:35.508,person-SAFE,SAFE,SAFE,True,False,60.61,56.75
1902,2026-03-29 22:26:35.527,person-SAFE,SAFE,SAFE,True,False,57.73,55.12
1903,2026-03-29 22:26:35.546,person-SAFE,SAFE,SAFE,True,False,60.68,56.02
1904,2026-03-29 22:26:35.565,person-SAFE,SAFE,SAFE,True,False,66.27,56.55
1905,2026-03-29 22:26:35.584,person-SAFE,SAFE,SAFE,True,False,41.63,55.62
1906,2026-03-29 22:26:35.603,person-SAFE,SAFE,SAFE,True,False,60.42,55.8
1907,2026-03-29 22:26:35.623,person-SAFE,SAFE,SAFE,True,False,53.37,54.33
1908,2026-03-29 22:26:35.644,person-SAFE,SAFE,SAFE,True,False,44.43,51.19
1909,2026-03-29 22:26:35.666,person-SAFE,SAFE,SAFE,True,False,58.35,48.07
1910,2026-03-29 22:26:35.686,person-SAFE,SAFE,SAFE,True,False,49.13,51.01
1911,2026-03-29 22:26:35.708,person-SAFE,SAFE,SAFE,True,False,42.4,48.34
1912,2026-03-29 22:26:35.730,person-SAFE,SAFE,SAFE,True,False,58.69,46.79
1913,2026-03-29 22:26:35.753,person-SAFE,SAFE,SAFE,True,False,61.74,46.36
1914,2026-03-29 22:26:35.778,person-SAFE,SAFE,SAFE,True,False,69.37,42.51
1915,2026-03-29 22:26:35.802,person-SAFE,SAFE,SAFE,True,False,67.83,42.45
1916,2026-03-29 22:26:35.829,person-SAFE,SAFE,SAFE,True,False,67.25,39.61
1917,2026-03-29 22:26:35.857,person-SAFE,SAFE,SAFE,True,False,69.28,36.41
1918,2026-03-29 22:26:35.889,person-SAFE,SAFE,SAFE,True,False,52.11,32.21
1919,2026-03-29 22:26:35.921,person-SAFE,SAFE,SAFE,True,False,68.2,32.17
1920,2026-03-29 22:26:35.950,person-SAFE,SAFE,SAFE,True,False,62.65,36.56
1921,2026-03-29 22:26:35.978,person-SAFE,SAFE,SAFE,True,False,58.32,36.58
1922,2026-03-29 22:26:36.010,person-SAFE,SAFE,SAFE,True,False,56.46,33.32
1923,2026-03-29 22:26:36.044,person-SAFE,SAFE,SAFE,True,False,65.59,30.55
1924,2026-03-29 22:26:36.077,person-SAFE,SAFE,SAFE,True,False,55.16,31.13
1925,2026-03-29 22:26:36.103,person-SAFE,SAFE,SAFE,True,False,62.68,39.5
1926,2026-03-29 22:26:36.121,person-SAFE,SAFE,SAFE,True,False,65.62,59.19
1927,2026-03-29 22:26:36.139,person-SAFE,SAFE,SAFE,True,False,61.05,57.91
1928,2026-03-29 22:26:36.159,person-SAFE,SAFE,SAFE,True,False,50.81,54.64
1929,2026-03-29 22:26:36.178,person-SAFE,SAFE,SAFE,True,False,39.61,54.71
1930,2026-03-29 22:26:36.197,person-SAFE,SAFE,SAFE,True,False,46.32,56.47
1931,2026-03-29 22:26:36.216,person-SAFE,SAFE,SAFE,True,False,62.51,55.06
1932,2026-03-29 22:26:36.235,person-SAFE,SAFE,SAFE,True,False,43.33,56.21
1933,2026-03-29 22:26:36.255,person-SAFE,SAFE,SAFE,True,False,50.02,53.08
1934,2026-03-29 22:26:36.276,person-SAFE,SAFE,SAFE,True,False,41.99,50.11
1935,2026-03-29 22:26:36.296,person-SAFE,SAFE,SAFE,True,False,44.19,51.44
1936,2026-03-29 22:26:36.317,person-SAFE,SAFE,SAFE,True,False,59.41,52.8
1937,2026-03-29 22:26:36.338,person-SAFE,SAFE,SAFE,True,False,60.8,50.12
1938,2026-03-29 22:26:36.360,person-SAFE,SAFE,SAFE,True,False,61.78,47.95
1939,2026-03-29 22:26:36.383,person-SAFE,SAFE,SAFE,True,False,60.73,45.09
1940,2026-03-29 22:26:36.407,person-SAFE,SAFE,SAFE,True,False,56.34,43.63
1941,2026-03-29 22:26:36.434,person-SAFE,SAFE,SAFE,True,False,50.98,39.24
1942,2026-03-29 22:26:36.460,person-SAFE,SAFE,SAFE,True,False,74.25,40.61
1943,2026-03-29 22:26:36.489,person-SAFE,SAFE,SAFE,True,False,77.84,34.76
1944,2026-03-29 22:26:36.518,person-SAFE,SAFE,SAFE,True,False,73.41,36.29
1945,2026-03-29 22:26:36.544,person-SAFE,SAFE,SAFE,True,False,62.1,40.05
1946,2026-03-29 22:26:36.574,person-SAFE,SAFE,SAFE,True,False,74.85,34.83
1947,2026-03-29 22:26:36.604,person-SAFE,SAFE,SAFE,True,False,67.1,34.38
1948,2026-03-29 22:26:36.632,person-SAFE,SAFE,SAFE,True,False,75.77,36.63
1949,2026-03-29 22:26:36.666,person-SAFE,SAFE,SAFE,True,False,73.63,31.14
1950,2026-03-29 22:26:36.699,person-SAFE,SAFE,SAFE,True,False,62.78,31.32
1951,2026-03-29 22:26:36.732,person-SAFE,SAFE,SAFE,True,False,63.26,30.73
1952,2026-03-29 22:26:36.765,person-SAFE,SAFE,SAFE,True,False,61.47,31.23
1953,2026-03-29 22:26:36.799,person-SAFE,SAFE,SAFE,True,False,65.17,30.84
1954,2026-03-29 22:26:36.832,person-SAFE,SAFE,SAFE,True,False,59.76,30.79
1955,2026-03-29 22:26:36.866,person-SAFE,SAFE,SAFE,True,False,55.58,30.63
1956,2026-03-29 22:26:36.899,person-SAFE,SAFE,SAFE,True,False,53.95,31.18
1957,2026-03-29 22:26:36.933,person-SAFE,SAFE,SAFE,True,False,82.08,30.83
1958,2026-03-29 22:26:36.967,person-SAFE,SAFE,SAFE,True,False,55.34,30.42
1959,2026-03-29 22:26:37.001,person-SAFE,SAFE,SAFE,True,False,57.15,29.66
1960,2026-03-29 22:26:37.035,person-SAFE,SAFE,SAFE,True,False,65.69,31.04
1961,2026-03-29 22:26:37.074,person-SAFE,SAFE,SAFE,True,False,67.83,26.79
1962,2026-03-29 22:26:37.110,person-SAFE,SAFE,SAFE,True,False,72.13,28.9
1963,2026-03-29 22:26:37.147,person-SAFE,SAFE,SAFE,True,False,75.15,28.17
1964,2026-03-29 22:26:37.181,person-SAFE,SAFE,SAFE,True,False,72.25,30.41
1965,2026-03-29 22:26:37.212,person-SAFE,SAFE,SAFE,True,False,57.64,33.45
1966,2026-03-29 22:26:37.244,person-SAFE,SAFE,SAFE,True,False,79.9,32.35
1967,2026-03-29 22:26:37.278,person-SAFE,SAFE,SAFE,True,False,70.97,30.44
1968,2026-03-29 22:26:37.311,person-SAFE,SAFE,SAFE,True,False,60.02,31.67
1969,2026-03-29 22:26:37.343,person-SAFE,SAFE,SAFE,True,False,58.74,31.73
1970,2026-03-29 22:26:37.377,person-SAFE,SAFE,SAFE,True,False,74.7,30.6
1971,2026-03-29 22:26:37.410,person-SAFE,SAFE,SAFE,True,False,81.14,30.81
1972,2026-03-29 22:26:37.444,person-SAFE,SAFE,SAFE,True,False,60.48,30.61
1973,2026-03-29 22:26:37.478,person-SAFE,SAFE,SAFE,True,False,60.4,30.59
1974,2026-03-29 22:26:37.512,person-SAFE,SAFE,SAFE,True,False,58.89,30.39
1975,2026-03-29 22:26:37.546,person-SAFE,SAFE,SAFE,True,False,58.08,30.72
1976,2026-03-29 22:26:37.579,person-SAFE,SAFE,SAFE,True,False,80.98,31.31
1977,2026-03-29 22:26:37.612,person-SAFE,SAFE,SAFE,True,False,71.87,31.1
1978,2026-03-29 22:26:37.646,person-SAFE,SAFE,SAFE,True,False,73.22,30.37
1979,2026-03-29 22:26:37.680,person-SAFE,SAFE,SAFE,True,False,70.27,30.92
1980,2026-03-29 22:26:37.713,person-SAFE,SAFE,SAFE,True,False,58.16,30.71
1981,2026-03-29 22:26:37.746,person-SAFE,SAFE,SAFE,True,False,52.08,31.32
1982,2026-03-29 22:26:37.788,person-SAFE,SAFE,SAFE,True,False,64.61,24.47
1983,2026-03-29 22:26:37.823,person-SAFE,SAFE,SAFE,True,False,77.67,29.56
1984,2026-03-29 22:26:37.856,person-SAFE,SAFE,SAFE,True,False,71.05,31.37
1985,2026-03-29 22:26:37.889,person-SAFE,SAFE,SAFE,True,False,66.03,31.34
1986,2026-03-29 22:26:37.918,person-SAFE,SAFE,SAFE,True,False,52.14,35.7
1987,2026-03-29 22:26:37.937,person-SAFE,SAFE,SAFE,True,False,57.29,58.56
1988,2026-03-29 22:26:37.955,person-SAFE,SAFE,SAFE,True,False,64.34,58.47
1989,2026-03-29 22:26:37.974,person-SAFE,SAFE,SAFE,True,False,41.44,56.1
1990,2026-03-29 22:26:37.993,person-SAFE,SAFE,SAFE,True,False,44.61,55.48
1991,2026-03-29 22:26:38.012,person-WARNING,WARNING,SAFE,True,False,52.38,56.36
1992,2026-03-29 22:26:38.030,person-WARNING,WARNING,SAFE,True,False,38.31,56.8
1993,2026-03-29 22:26:38.049,person-WARNING,WARNING,SAFE,True,False,54.58,57.61
1994,2026-03-29 22:26:38.069,person-WARNING,WARNING,SAFE,True,False,66.31,52.5
1995,2026-03-29 22:26:38.090,person-WARNING,WARNING,SAFE,True,False,67.27,50.12
1996,2026-03-29 22:26:38.111,person-WARNING,WARNING,SAFE,True,False,45.98,49.71
1997,2026-03-29 22:26:38.133,person-WARNING,WARNING,SAFE,True,False,60.76,49.19
1998,2026-03-29 22:26:38.154,person-WARNING,WARNING,SAFE,True,False,64.5,49.81
1999,2026-03-29 22:26:38.176,person-WARNING,WARNING,SAFE,True,False,42.07,48.05
2000,2026-03-29 22:26:38.199,person-WARNING,WARNING,SAFE,True,False,51.39,44.78
2001,2026-03-29 22:26:38.223,person-WARNING,WARNING,SAFE,True,False,62.27,43.9
2002,2026-03-29 22:26:38.249,person-WARNING,WARNING,SAFE,True,False,55.48,39.88
2003,2026-03-29 22:26:38.275,person-WARNING,WARNING,SAFE,True,False,65.11,39.99
2004,2026-03-29 22:26:38.305,person-WARNING,WARNING,SAFE,True,False,51.51,35.28
2005,2026-03-29 22:26:38.334,person-WARNING,WARNING,SAFE,True,False,60.97,36.2
2006,2026-03-29 22:26:38.362,person-WARNING,WARNING,SAFE,True,False,58.66,37.07
2007,2026-03-29 22:26:38.394,person-WARNING,WARNING,SAFE,True,False,70.03,31.79
2008,2026-03-29 22:26:38.444,person-WARNING,WARNING,SAFE,True,False,79.21,20.59
2009,2026-03-29 22:26:38.485,person-WARNING,WARNING,SAFE,True,False,82.71,28.16
2010,2026-03-29 22:26:38.528,person-WARNING,WARNING,SAFE,True,False,70.25,23.84
2011,2026-03-29 22:26:38.562,person-WARNING,WARNING,SAFE,True,False,55.82,30.14
2012,2026-03-29 22:26:38.597,person-WARNING,WARNING,SAFE,True,False,70.91,29.56
2013,2026-03-29 22:26:38.630,person-WARNING,WARNING,SAFE,True,False,65.23,31.91
2014,2026-03-29 22:26:38.663,person-WARNING,WARNING,SAFE,True,False,59.49,31.35
2015,2026-03-29 22:26:38.696,person-WARNING,WARNING,SAFE,True,False,80.81,31.85
2016,2026-03-29 22:26:38.729,person-WARNING,WARNING,SAFE,True,False,52.18,31.33
2017,2026-03-29 22:26:38.763,person-WARNING,WARNING,SAFE,True,False,56.11,30.15
2018,2026-03-29 22:26:38.796,person-WARNING,WARNING,SAFE,True,False,52.43,31.56
2019,2026-03-29 22:26:38.832,person-WARNING,WARNING,SAFE,True,False,64.71,28.8
2020,2026-03-29 22:26:38.866,person-WARNING,WARNING,SAFE,True,False,53.88,30.22
2021,2026-03-29 22:26:38.898,person-WARNING,WARNING,SAFE,True,False,51.54,32.12
2022,2026-03-29 22:26:38.940,person-CRITICAL,CRITICAL,SAFE,True,False,69.69,24.7
2023,2026-03-29 22:26:38.980,person-CRITICAL,CRITICAL,SAFE,True,False,66.25,25.96
2024,2026-03-29 22:26:39.017,person-CRITICAL,CRITICAL,SAFE,True,False,83.38,28.5
2025,2026-03-29 22:26:39.038,person-CRITICAL,CRITICAL,SAFE,True,False,68.25,52.44
2026,2026-03-29 22:26:39.056,person-CRITICAL,CRITICAL,SAFE,True,False,39.15,56.14
2027,2026-03-29 22:26:39.077,person-CRITICAL,CRITICAL,SAFE,True,False,47.84,50.8
2028,2026-03-29 22:26:39.099,person-CRITICAL,CRITICAL,SAFE,True,False,63.68,48.23
2029,2026-03-29 22:26:39.118,person-CRITICAL,CRITICAL,SAFE,True,False,59.82,55.4
2030,2026-03-29 22:26:39.137,person-CRITICAL,CRITICAL,SAFE,True,False,59.03,54.7
2031,2026-03-29 22:26:39.157,person-CRITICAL,CRITICAL,SAFE,True,False,65.74,54.09
2032,2026-03-29 22:26:39.177,person-CRITICAL,CRITICAL,SAFE,True,False,40.88,54.25
2033,2026-03-29 22:26:39.199,person-CRITICAL,CRITICAL,SAFE,True,False,69.83,46.88
2034,2026-03-29 22:26:39.220,person-CRITICAL,CRITICAL,SAFE,True,False,57.96,50.05
2035,2026-03-29 22:26:39.242,person-CRITICAL,CRITICAL,SAFE,True,False,59.24,48.79
2036,2026-03-29 22:26:39.266,person-CRITICAL,CRITICAL,SAFE,True,False,60.84,44.4
2037,2026-03-29 22:26:39.288,person-CRITICAL,CRITICAL,SAFE,True,False,63.78,47.2
2038,2026-03-29 22:26:39.311,person-CRITICAL,CRITICAL,SAFE,True,False,65.83,46.18
2039,2026-03-29 22:26:39.337,person-CRITICAL,CRITICAL,SAFE,True,False,64.75,39.75
2040,2026-03-29 22:26:39.362,person-CRITICAL,CRITICAL,SAFE,True,False,64.82,42.44
2041,2026-03-29 22:26:39.390,person-CRITICAL,CRITICAL,SAFE,True,False,56.53,36.43
2042,2026-03-29 22:26:39.419,person-CRITICAL,CRITICAL,SAFE,True,False,69.44,35.61
2043,2026-03-29 22:26:39.449,person-CRITICAL,CRITICAL,SAFE,True,False,68.17,34.83
2044,2026-03-29 22:26:39.480,person-CRITICAL,CRITICAL,SAFE,True,False,59.22,33.38
2045,2026-03-29 22:26:39.514,person-CRITICAL,CRITICAL,SAFE,True,False,71.9,30.62
2046,2026-03-29 22:26:39.533,person-CRITICAL,CRITICAL,SAFE,True,False,56.11,56.3
2047,2026-03-29 22:26:39.551,person-CRITICAL,CRITICAL,SAFE,True,False,54.84,58.61
2048,2026-03-29 22:26:39.569,person-CRITICAL,CRITICAL,SAFE,True,False,38.34,56.67
2049,2026-03-29 22:26:39.588,person-CRITICAL,CRITICAL,SAFE,True,False,66.96,54.84
2050,2026-03-29 22:26:39.608,person-CRITICAL,CRITICAL,SAFE,True,False,40.82,54.87
2051,2026-03-29 22:26:39.628,person-CRITICAL,CRITICAL,SAFE,True,False,60.02,50.51
2052,2026-03-29 22:26:39.647,person-CRITICAL,CRITICAL,SAFE,True,False,57.89,55.72
2053,2026-03-29 22:26:39.667,person-CRITICAL,CRITICAL,SAFE,True,False,59.66,53.34
2054,2026-03-29 22:26:39.689,person-CRITICAL,CRITICAL,SAFE,True,False,67.46,49.41
2055,2026-03-29 22:26:39.710,person-CRITICAL,CRITICAL,SAFE,True,False,58.26,50.45
2056,2026-03-29 22:26:39.731,person-CRITICAL,CRITICAL,SAFE,True,False,42.49,50.71
2057,2026-03-29 22:26:39.751,person-CRITICAL,CRITICAL,SAFE,True,False,47.7,50.79
2058,2026-03-29 22:26:39.773,person-CRITICAL,CRITICAL,SAFE,True,False,65.3,50.65
2059,2026-03-29 22:26:39.796,person-CRITICAL,CRITICAL,SAFE,True,False,55.43,44.33
2060,2026-03-29 22:26:39.821,person-CRITICAL,CRITICAL,SAFE,True,False,72.73,43.33
2061,2026-03-29 22:26:39.846,person-CRITICAL,CRITICAL,SAFE,True,False,46.88,42.66
2062,2026-03-29 22:26:39.873,person-CRITICAL,CRITICAL,SAFE,True,False,65.63,38.18
2063,2026-03-29 22:26:39.900,person-CRITICAL,CRITICAL,SAFE,True,False,62.76,38.24
2064,2026-03-29 22:26:39.926,person-CRITICAL,CRITICAL,SAFE,True,False,60.79,40.0
2065,2026-03-29 22:26:39.956,person-CRITICAL,CRITICAL,SAFE,True,False,64.16,35.2
2066,2026-03-29 22:26:39.984,person-CRITICAL,CRITICAL,SAFE,True,False,58.1,37.24
2067,2026-03-29 22:26:40.012,person-CRITICAL,CRITICAL,SAFE,True,False,48.42,36.11
2068,2026-03-29 22:26:40.044,person-WARNING,WARNING,SAFE,True,False,72.57,32.93
2069,2026-03-29 22:26:40.079,person-WARNING,WARNING,SAFE,True,False,73.36,29.59
2070,2026-03-29 22:26:40.112,person-WARNING,WARNING,SAFE,True,False,58.57,31.08
2071,2026-03-29 22:26:40.147,person-WARNING,WARNING,SAFE,True,False,80.11,29.51
2072,2026-03-29 22:26:40.185,person-WARNING,WARNING,SAFE,True,False,85.56,27.29
2073,2026-03-29 22:26:40.220,person-WARNING,WARNING,SAFE,True,False,57.16,29.57
2074,2026-03-29 22:26:40.255,person-WARNING,WARNING,SAFE,True,False,66.15,29.14
2075,2026-03-29 22:26:40.292,person-WARNING,WARNING,SAFE,True,False,58.26,28.24
2076,2026-03-29 22:26:40.329,person-WARNING,WARNING,SAFE,True,False,79.87,28.05
2077,2026-03-29 22:26:40.367,person-WARNING,WARNING,SAFE,True,False,78.23,26.92
2078,2026-03-29 22:26:40.403,person-WARNING,WARNING,SAFE,True,False,60.94,29.14
2079,2026-03-29 22:26:40.438,person-WARNING,WARNING,SAFE,True,False,57.01,29.65
